Champion1,Mastery1,Lane1,Champion2,Mastery2,Lane2,Champion3,Mastery3,Lane3,Champion4,Mastery4,Lane4,Champion5,Mastery5,Lane5,Champion6,Mastery6,Lane6,Champion7,Mastery7,Lane7,Champion8,Mastery8,Lane8,Champion9,Mastery9,Lane9,Champion10,Mastery10,Lane10,Champion11,Mastery11,Lane11,Champion12,Mastery12,Lane12,Champion13,Mastery13,Lane13,Champion14,Mastery14,Lane14,Champion15,Mastery15,Lane15
51,272295,bot,145,88254,bot,103,74100,mid,84,49759,top,22,48609,bot,39,33414,top,246,22301,mid,412,20318,sup,134,18206,mid,163,14687,jg,350,13650,sup,76,12110,jg,99,9746,sup,254,7431,jg,114,1286,top
55,67222,mid,238,51605,mid,3,51363,mid,39,43932,top,234,35663,jg,14,32609,top,84,25148,top,555,24166,sup,62,17076,jg,236,13680,bot,59,11110,jg,80,11078,sup,16,10862,sup,202,9299,bot,21,8998,bot
39,956886,top,90,109817,mid,98,74811,top,245,63522,jg,54,61704,top,43,58620,sup,131,54785,jg,81,35351,bot,113,26433,jg,16,20793,sup,67,18552,bot,142,17734,mid,350,16135,sup,1,14686,mid,18,13146,bot
64,154967,jg,517,97859,mid,238,66095,mid,104,65549,jg,39,55102,top,245,54166,jg,3,41417,mid,875,39222,top,81,36159,bot,164,33395,top,412,23617,sup,67,21216,bot,145,17146,bot,497,6812,sup,555,6105,sup
131,514349,jg,103,214265,mid,99,163929,sup,25,108589,sup,37,82074,sup,51,38086,bot,22,34580,bot,875,29264,top,145,24693,bot,24,22107,top,31,20840,top,134,13808,mid,38,10785,mid,11,9387,jg,113,6642,jg
24,133150,top,64,69609,jg,107,53864,top,11,49590,jg,104,31764,jg,875,31101,top,238,26701,mid,157,20404,mid,38,18885,mid,81,14400,bot,18,7958,bot,50,7159,sup,236,5914,bot,80,5422,sup,101,4105,sup
157,205316,mid,62,128664,jg,51,83417,bot,121,79003,jg,64,78678,jg,58,73122,top,266,67165,top,236,64150,bot,122,45736,top,777,44472,mid,81,41646,bot,238,32705,mid,63,20463,sup,99,20329,sup,25,18592,sup
432,71400,sup,29,62544,bot,222,54116,bot,55,50512,mid,84,41344,top,122,39796,top,10,38163,top,67,37503,bot,235,33351,sup,45,32218,mid,34,27774,mid,16,20412,sup,245,17285,jg,234,14073,jg,9,12640,jg
14,172109,top,142,165610,mid,150,104981,top,35,72536,jg,51,45447,bot,497,43511,sup,41,41620,top,202,40895,bot,104,36333,jg,555,33851,sup,8,18265,mid,163,18111,jg,81,16942,bot,517,14904,mid,43,12927,sup
64,613241,jg,104,447093,jg,121,200646,jg,67,186495,bot,412,85450,sup,145,56607,bot,89,48598,sup,111,37152,sup,236,35406,bot,54,20410,top,13,16892,mid,92,13692,top,157,13138,mid,1,12493,mid,164,10550,top
121,1179695,jg,120,84981,jg,141,59011,jg,29,34091,bot,107,18009,top,45,16881,mid,82,15164,top,238,9517,mid,24,8140,top,157,6528,mid,523,6411,bot,40,5236,sup,350,4689,sup,412,4585,sup,22,3366,bot
350,296877,sup,117,265303,sup,267,262266,sup,55,108165,mid,103,41453,mid,203,32655,jg,39,26366,top,131,25875,jg,22,24912,bot,498,16609,bot,69,15855,mid,10,15338,top,51,15086,bot,84,5887,top,876,5746,jg
141,223274,jg,238,142025,mid,157,136077,mid,412,127569,sup,236,123039,bot,64,121939,jg,111,117789,sup,59,106094,jg,122,89872,top,497,68470,sup,81,60834,bot,202,55764,bot,150,51335,top,39,50370,top,517,31066,mid
245,781332,jg,127,158507,mid,54,114584,top,122,95642,top,157,61177,mid,203,61078,jg,114,59080,top,38,45875,mid,11,30840,jg,222,28102,bot,67,27013,bot,51,26580,bot,555,24928,sup,53,16777,sup,32,12259,sup
58,163640,top,6,45201,top,202,39947,bot,81,23587,bot,51,20707,bot,84,13318,top,89,12938,sup,141,12896,jg,5,12224,jg,163,11737,jg,80,11694,sup,777,11459,mid,555,6337,sup,238,3685,mid,45,2743,mid
38,167900,mid,121,161665,jg,245,157585,jg,101,69287,sup,887,64797,top,157,40716,mid,81,32838,bot,35,32697,jg,92,31380,top,236,24128,bot,202,22009,bot,246,21105,mid,122,16613,top,99,8573,sup,37,6489,sup
245,289751,jg,131,277231,jg,11,197933,jg,157,176283,mid,145,115423,bot,777,111042,mid,238,100367,mid,21,71556,bot,119,66173,bot,875,57496,top,99,57376,sup,86,49154,top,164,45594,top,63,42704,sup,101,22763,sup
114,211521,top,164,199713,top,245,139765,jg,64,98716,jg,104,96118,jg,81,83098,bot,145,78459,bot,266,75757,top,236,65559,bot,8,44488,mid,517,40281,mid,13,34508,mid,44,34113,sup,235,19524,sup,80,17144,sup
45,187032,mid,25,126218,sup,43,102884,sup,42,98410,mid,38,83854,mid,76,80584,jg,117,59743,sup,81,39862,bot,234,35034,jg,10,26932,top,150,15806,top,131,15746,jg,96,15077,bot,54,10932,top,498,5226,bot
122,337650,top,245,202839,jg,114,197848,top,164,189591,top,517,177543,mid,11,144387,jg,141,119042,jg,38,95086,mid,777,82036,mid,523,55453,bot,202,54537,bot,145,44134,bot,555,23849,sup,80,9929,sup,53,6527,sup
245,62609,jg,107,47608,top,203,33214,jg,163,28430,jg,136,23707,mid,246,21634,mid,429,18357,bot,240,15197,top,55,14555,mid,555,11867,sup,92,8849,top,16,6356,sup,29,2802,bot,236,2787,bot,80,2055,sup
81,36615,bot,202,32812,bot,4,29708,mid,145,29124,bot,64,25326,jg,13,19070,mid,246,16943,mid,84,15460,top,23,8196,top,126,7661,top,104,6605,jg,76,6378,jg,412,3710,sup,16,3379,sup,111,2237,sup
121,421961,jg,238,396808,mid,107,318439,top,157,292531,mid,53,184992,sup,412,176102,sup,421,166326,jg,150,149663,top,245,130248,jg,81,92375,bot,85,87362,top,105,78326,mid,202,73817,bot,236,44438,bot,497,30974,sup
238,143321,mid,55,55703,mid,157,55093,mid,84,50349,top,39,46556,top,875,42767,top,81,31394,bot,141,29696,jg,145,25978,bot,360,25693,bot,245,22731,jg,91,22106,jg,235,20156,sup,80,15119,sup,412,13674,sup
84,181572,top,238,178635,mid,61,135075,mid,39,78219,top,81,57640,bot,236,52049,bot,517,49511,mid,875,46642,top,412,35382,sup,64,29310,jg,163,11413,jg,53,10867,sup,91,10602,jg,115,8842,bot,555,8014,sup
236,110846,bot,81,108115,bot,145,89817,bot,104,54702,jg,235,29039,sup,4,17465,mid,42,15959,mid,25,12657,sup,112,11317,mid,74,9651,top,26,8817,sup,11,7598,jg,39,6721,top,2,6387,jg,24,5486,top
157,484463,mid,246,131810,mid,55,65604,mid,39,37527,top,412,36952,sup,122,36048,top,80,29531,sup,555,20785,sup,92,14327,top,64,9573,jg,236,8270,bot,141,3924,jg,59,3825,jg,51,2820,bot,22,1667,bot
24,167789,top,157,80669,mid,412,62948,sup,114,52140,top,164,45668,top,517,29522,mid,33,27867,jg,53,26540,sup,145,25623,bot,238,23096,mid,141,20514,jg,62,19368,jg,81,18395,bot,236,12288,bot,80,8011,sup
112,54756,mid,18,48872,bot,84,48593,top,103,44797,mid,222,41196,bot,236,34363,bot,64,30994,jg,875,21064,top,235,18460,sup,4,12565,mid,43,8125,sup,79,6977,top,104,5634,jg,59,4339,jg,25,3216,sup
432,676063,sup,201,93596,sup,412,57803,sup,51,28429,bot,121,28309,jg,107,23051,top,69,17909,mid,98,15805,top,223,15676,top,3,14637,mid,13,14174,mid,81,13825,bot,236,13233,bot,76,12403,jg,5,12021,jg
64,338391,jg,39,95010,top,157,89296,mid,222,85275,bot,84,72123,top,81,64819,bot,412,61738,sup,145,59782,bot,238,56788,mid,76,47474,jg,92,43796,top,104,31693,jg,13,31034,mid,63,10769,sup,25,9758,sup
526,180359,sup,43,122334,sup,44,117484,sup,223,17682,top,106,9624,top,51,8988,bot,81,8871,bot,67,8551,bot,234,7248,jg,157,5513,mid,10,4930,top,3,4422,mid,64,3559,jg,69,3486,mid,131,2727,jg
234,121814,jg,875,106848,top,245,100254,jg,517,93807,mid,122,92540,top,62,91564,jg,114,88764,top,238,82887,mid,145,79763,bot,81,78273,bot,67,66557,bot,412,60436,sup,127,45654,mid,50,25890,sup,350,20891,sup
51,137473,bot,236,58582,bot,119,42676,bot,60,14405,jg,16,12942,sup,104,10356,jg,61,8236,mid,875,7876,top,235,7527,sup,105,7451,mid,163,6877,jg,99,6683,sup,4,6132,mid,82,4949,top,41,4187,top
34,395806,mid,246,48248,mid,360,46375,bot,429,33319,bot,55,30868,mid,39,26801,top,30,25604,jg,876,25454,jg,235,24449,sup,523,20049,bot,121,19934,jg,58,19833,top,555,19580,sup,84,9949,top,350,4071,sup
119,684551,bot,29,387884,bot,81,263240,bot,157,169392,mid,107,144045,top,64,17673,jg,246,17344,mid,777,14226,mid,41,13735,top,82,13196,top,104,11241,jg,203,10890,jg,101,10409,sup,235,6182,sup,53,5676,sup
39,73687,top,517,35223,mid,92,32316,top,18,29748,bot,23,27468,top,141,26457,jg,35,25141,jg,157,20110,mid,238,19706,mid,11,12730,jg,67,8986,bot,523,8777,bot,555,5492,sup,80,4933,sup,412,2910,sup
43,202257,sup,235,112468,sup,37,83812,sup,10,29838,top,21,16862,bot,81,11900,bot,22,10649,bot,69,10280,mid,114,6506,top,164,4302,top,103,3704,mid,102,3391,jg,127,3040,mid,28,2986,jg,20,2546,jg
41,296308,top,51,54970,bot,555,36482,sup,875,36204,top,20,33012,jg,236,29923,bot,101,28889,sup,79,28028,top,64,25154,jg,12,22908,sup,141,21887,jg,38,21119,mid,517,16692,mid,238,15477,mid,29,14364,bot
69,1095362,mid,91,318022,jg,131,216854,jg,86,131348,top,245,127477,jg,55,103405,mid,84,84732,top,122,40220,top,3,35493,mid,81,29667,bot,51,18746,bot,29,17376,bot,80,12817,sup,53,6039,sup,16,4999,sup
64,212514,jg,98,185430,top,8,184047,mid,238,164742,mid,157,131203,mid,245,130049,jg,24,121534,top,122,117068,top,236,114097,bot,203,99617,jg,202,80120,bot,81,64733,bot,267,60212,sup,89,58330,sup,235,41385,sup
107,243991,top,84,172851,top,164,135282,top,777,77523,mid,11,34476,jg,202,33872,bot,67,28175,bot,234,27589,jg,64,27140,jg,80,24334,sup,157,22022,mid,4,19906,mid,523,19627,bot,412,10965,sup,555,9580,sup
99,253259,sup,40,159123,sup,267,134387,sup,54,89664,top,131,61168,jg,1,60878,mid,104,55643,jg,17,50510,top,81,32439,bot,69,31821,mid,8,30839,mid,421,28061,jg,51,21263,bot,222,15953,bot,39,10501,top
104,240231,jg,38,207067,mid,245,149879,jg,122,148647,top,24,116902,top,517,89275,mid,8,74130,mid,58,69343,top,234,60698,jg,236,38099,bot,81,31079,bot,145,27289,bot,101,22007,sup,50,16838,sup,80,12395,sup
84,47424,top,777,32268,mid,134,30316,mid,517,28107,mid,236,27226,bot,99,11947,sup,81,10498,bot,39,10118,top,145,9404,bot,106,7691,top,131,7182,jg,104,5744,jg,64,3524,jg,25,3457,sup,63,2257,sup
64,181495,jg,76,99517,jg,145,80407,bot,245,62527,jg,67,57601,bot,81,42011,bot,79,31335,top,142,17844,mid,13,16403,mid,106,10643,top,3,10211,mid,27,10020,top,43,9546,sup,235,5476,sup,53,5163,sup
76,382788,jg,104,139965,jg,121,106071,jg,246,34794,mid,81,21741,bot,517,21517,mid,126,21383,top,45,20851,mid,523,15287,bot,84,14108,top,235,13307,sup,41,11218,top,51,7406,bot,80,1429,sup,32,1413,sup
99,340030,sup,350,176926,sup,147,148024,sup,202,74250,bot,103,73057,mid,51,68303,bot,76,51724,jg,222,46563,bot,131,22220,jg,61,15767,mid,142,12671,mid,203,9029,jg,84,8486,top,10,7447,top,114,6657,top
35,795861,jg,67,182054,bot,121,162824,jg,81,145815,bot,498,119713,bot,76,96197,jg,55,53491,mid,107,52683,top,86,46280,top,53,45819,sup,238,44137,mid,92,39443,top,134,24522,mid,161,18378,sup,99,17537,sup
104,220412,jg,245,97353,jg,131,61316,jg,24,35900,top,98,19189,top,81,16742,bot,202,15458,bot,3,11363,mid,79,11271,top,235,8363,sup,517,4696,mid,497,4448,sup,13,2197,mid,25,1445,sup,236,1319,bot
238,379257,mid,157,295824,mid,11,138983,jg,92,122680,top,64,120546,jg,107,120069,top,121,75534,jg,517,56358,mid,266,52997,top,53,41124,sup,236,34030,bot,67,28727,bot,555,28415,sup,412,25997,sup,202,23630,bot
13,137942,mid,24,132626,top,141,100614,jg,27,99835,top,238,90321,mid,11,73814,jg,875,68260,top,80,57966,sup,64,46487,jg,157,37010,mid,350,28418,sup,101,21821,sup,523,16997,bot,236,16508,bot,29,12821,bot
412,767188,sup,145,351811,bot,235,233621,sup,67,191942,bot,350,169838,sup,360,139113,bot,104,106072,jg,92,62819,top,157,59881,mid,11,48707,jg,35,44883,jg,164,43760,top,41,36405,top,3,15848,mid,238,13415,mid
103,445184,mid,236,297179,bot,114,277803,top,268,273422,mid,61,199759,mid,81,179219,bot,67,153654,bot,234,65619,jg,39,63132,top,58,39352,top,11,27552,jg,62,25606,jg,235,25022,sup,101,16061,sup,80,14519,sup
164,305947,top,24,281833,top,8,204581,mid,157,121033,mid,84,75730,top,236,59571,bot,777,53035,mid,53,31313,sup,63,28725,sup,50,27429,sup,30,21183,jg,20,19667,jg,19,15985,jg,81,12155,bot,145,6117,bot
99,240387,sup,350,111234,sup,40,106899,sup,103,94047,mid,51,89151,bot,84,44900,top,518,25192,mid,55,20364,mid,39,19673,top,145,18806,bot,22,18557,bot,28,11276,jg,56,8036,jg,92,6660,top,11,2914,jg
39,765043,top,41,171022,top,126,90153,top,104,45249,jg,2,37380,jg,8,29902,mid,13,19156,mid,517,15088,mid,30,14440,jg,412,4886,sup,555,4804,sup,29,4659,bot,81,4575,bot,57,4042,sup,145,2561,bot
157,88107,mid,412,61257,sup,11,43344,jg,245,34228,jg,59,25522,jg,80,24909,sup,222,23838,bot,81,22493,bot,111,21870,sup,238,21627,mid,67,19537,bot,8,17914,mid,266,13107,top,82,12172,top,122,12036,top
40,143058,sup,37,93546,sup,99,93460,sup,145,23829,bot,21,22941,bot,81,15198,bot,103,8604,mid,875,8169,top,121,8035,jg,92,5368,top,28,5334,jg,157,4693,mid,59,4220,jg,3,3601,mid,54,3368,top
114,479162,top,24,202979,top,126,153149,top,236,86344,bot,67,65821,bot,498,45664,bot,11,20570,jg,62,19830,jg,76,8069,jg,412,3419,sup,45,2976,mid,55,2864,mid,117,1989,sup,34,1904,mid,32,1784,sup
164,604649,top,67,103674,bot,64,65246,jg,29,57082,bot,238,55524,mid,246,43295,mid,39,43019,top,81,41267,bot,114,38084,top,245,37080,jg,163,28233,jg,412,25378,sup,7,18365,mid,235,17289,sup,53,17028,sup
99,328866,sup,40,113423,sup,25,98816,sup,51,45527,bot,21,40632,bot,222,29362,bot,61,25032,mid,76,24027,jg,103,22863,mid,134,18469,mid,17,11559,top,10,10508,top,91,10434,jg,131,8579,jg,133,7863,top
141,59829,jg,120,49971,jg,266,43772,top,164,41712,top,8,40881,mid,875,37705,top,517,35640,mid,59,35137,jg,236,26048,bot,238,19645,mid,555,17964,sup,26,15460,sup,29,13842,bot,81,13642,bot,43,9491,sup
412,83816,sup,145,78463,bot,59,63970,jg,24,43965,top,80,40696,sup,5,40023,jg,121,37612,jg,516,36010,top,67,35763,bot,51,35434,bot,105,34005,mid,3,30718,mid,13,30499,mid,43,27455,sup,79,27165,top
555,460683,sup,92,172941,top,63,98831,sup,412,82087,sup,106,69629,top,517,67217,mid,20,52928,jg,157,45893,mid,79,45740,top,238,43988,mid,121,32945,jg,29,32344,bot,64,29825,jg,202,21044,bot,81,15659,bot
235,216607,sup,147,215878,sup,245,53878,jg,223,47846,top,555,44552,sup,120,34101,jg,131,25840,jg,29,21242,bot,98,18278,top,81,13593,bot,145,9604,bot,36,8839,top,38,4958,mid,8,2996,mid,777,2791,mid
555,51432,sup,79,44194,top,235,43202,sup,350,37955,sup,24,28550,top,517,21543,mid,115,20994,bot,30,17919,jg,887,17200,top,103,16059,mid,21,10692,bot,81,10056,bot,238,9366,mid,64,8679,jg,104,6844,jg
122,79756,top,245,64968,jg,104,64815,jg,64,64019,jg,246,34829,mid,81,32764,bot,238,32133,mid,84,25212,top,38,24752,mid,875,23126,top,145,16372,bot,18,15143,bot,412,8345,sup,99,7983,sup,80,6753,sup
157,293934,mid,238,253121,mid,777,160333,mid,104,143277,jg,202,133646,bot,81,106107,bot,50,83897,sup,51,60701,bot,64,59137,jg,122,51305,top,92,51105,top,80,44388,sup,555,42564,sup,875,40290,top,35,32745,jg
238,150905,mid,145,129484,bot,222,119484,bot,81,72548,bot,84,48457,top,777,28369,mid,8,24384,mid,235,21536,sup,245,12959,jg,122,5589,top,234,5103,jg,555,5059,sup,54,4157,top,412,4047,sup,141,3465,jg
117,139186,sup,32,104733,sup,412,63779,sup,11,62942,jg,131,59320,jg,21,56472,bot,103,54483,mid,518,48386,mid,254,40819,jg,15,34868,bot,145,29968,bot,17,26113,top,3,23721,mid,133,18028,top,10,11840,top
222,40464,bot,81,37761,bot,236,31501,bot,104,28187,jg,101,15808,sup,126,13974,top,13,11230,mid,141,8153,jg,64,7127,jg,14,5998,top,112,5130,mid,517,4024,mid,164,3318,top,43,1395,sup,350,1023,sup
64,114736,jg,245,108199,jg,67,102536,bot,91,101544,jg,555,100413,sup,222,63271,bot,18,60108,bot,432,52370,sup,238,44894,mid,412,35743,sup,79,17711,top,41,16773,top,107,16758,top,69,15470,mid,45,12873,mid
63,244519,sup,267,108820,sup,117,102505,sup,202,88795,bot,134,74521,mid,104,45081,jg,236,37427,bot,131,33966,jg,120,22941,jg,21,16112,bot,887,14099,top,8,10897,mid,105,5961,mid,54,4777,top,36,4353,top
131,184127,jg,112,155375,mid,67,106690,bot,38,93583,mid,39,77948,top,236,63087,bot,711,58192,mid,122,56321,top,24,55073,top,202,52787,bot,32,46939,sup,63,27160,sup,147,24777,sup,120,22915,jg,104,22404,jg
67,121476,bot,360,103486,bot,119,101899,bot,235,39869,sup,39,38606,top,104,36816,jg,64,30065,jg,157,19032,mid,92,13744,top,84,13008,top,238,12676,mid,4,11741,mid,76,8593,jg,37,8433,sup,555,7476,sup
238,301389,mid,35,291320,jg,245,168701,jg,121,161493,jg,235,116826,sup,236,109553,bot,79,96305,top,81,88366,bot,555,84647,sup,63,70251,sup,105,69194,mid,157,69084,mid,84,63145,top,14,55294,top,202,45320,bot
105,400244,mid,238,141909,mid,64,138499,jg,59,94459,jg,245,84230,jg,92,64624,top,58,49395,top,127,48385,mid,80,48141,sup,54,40485,top,43,34167,sup,412,27065,sup,236,24949,bot,67,23933,bot,51,21179,bot
777,1225606,mid,238,427216,mid,64,89169,jg,4,86896,mid,59,82114,jg,126,79906,top,104,77498,jg,555,64014,sup,24,48329,top,81,38372,bot,54,35687,top,222,20129,bot,25,14242,sup,15,8708,bot,80,7637,sup
141,929865,jg,81,197172,bot,11,165853,jg,245,161270,jg,10,152481,top,107,103284,top,157,96909,mid,246,74058,mid,145,68296,bot,55,63008,mid,22,54088,bot,84,40459,top,32,32454,sup,89,26709,sup,12,24390,sup
105,79073,mid,38,69623,mid,84,66583,top,555,44646,sup,498,38219,bot,157,37564,mid,245,29568,jg,234,27934,jg,64,27884,jg,145,27646,bot,10,26748,top,236,25398,bot,79,24683,top,235,17746,sup,99,8768,sup
114,118049,top,238,114041,mid,164,45957,top,246,32803,mid,236,28296,bot,429,25549,bot,875,22889,top,517,18971,mid,56,17376,jg,67,16660,bot,234,11408,jg,62,9244,jg,37,2945,sup,235,2253,sup,16,1766,sup
238,539810,mid,517,134488,mid,246,86694,mid,84,48025,top,266,47342,top,80,28666,sup,111,23046,sup,236,22929,bot,245,19969,jg,498,18760,bot,51,17348,bot,54,15656,top,234,15402,jg,91,14969,jg,43,7577,sup
555,419221,sup,497,311490,sup,104,230368,jg,234,204102,jg,412,180896,sup,19,169291,jg,875,134522,top,517,130086,mid,6,57932,top,24,53643,top,3,39556,mid,105,24656,mid,145,23377,bot,67,15125,bot,29,13295,bot
131,357289,jg,11,84111,jg,86,82968,top,141,75974,jg,23,63384,top,75,53182,top,38,36057,mid,45,20568,mid,8,13120,mid,37,11093,sup,236,10639,bot,81,8928,bot,16,7958,sup,32,5678,sup,119,4112,bot
222,165294,bot,145,128874,bot,29,102688,bot,142,25513,mid,164,22173,top,136,21141,mid,114,20099,top,11,19753,jg,104,16557,jg,69,16526,mid,99,15708,sup,44,8675,sup,203,7936,jg,875,5920,top,50,5915,sup
523,192814,bot,875,149828,top,360,132461,bot,145,126040,bot,104,72844,jg,86,57065,top,10,56741,top,42,36616,mid,13,24669,mid,53,21030,sup,245,20475,jg,64,17377,jg,517,16590,mid,235,16524,sup,99,14738,sup
8,276683,mid,38,233406,mid,67,150319,bot,202,61847,bot,157,60512,mid,28,59460,jg,29,55411,bot,121,52917,jg,39,49866,top,91,40749,jg,84,29299,top,10,18229,top,235,16720,sup,99,9098,sup,101,8309,sup
104,474949,jg,141,256979,jg,121,99481,jg,555,77890,sup,157,67113,mid,240,52096,top,236,48486,bot,202,42431,bot,517,41513,mid,238,41086,mid,67,33121,bot,164,32787,top,161,32190,sup,17,29321,top,99,24348,sup
11,531252,jg,157,215195,mid,8,196584,mid,245,96683,jg,28,75684,jg,777,69470,mid,24,66654,top,164,59753,top,23,58060,top,235,11524,sup,145,8942,bot,18,5628,bot,555,4998,sup,67,3386,bot,99,1607,sup
39,357380,top,92,149523,top,114,131267,top,62,104296,jg,64,67892,jg,131,32545,jg,67,29761,bot,7,25413,mid,45,23380,mid,13,21656,mid,22,16201,bot,145,15865,bot,63,12640,sup,412,8256,sup,99,7783,sup
4,122582,mid,7,117990,mid,238,112401,mid,126,42303,top,202,37607,bot,236,31234,bot,96,30523,bot,84,29757,top,245,23554,jg,120,20737,jg,36,19279,top,131,19111,jg,101,7063,sup,161,6005,sup,16,4706,sup
412,165706,sup,39,138630,top,23,108671,top,29,90640,bot,517,83234,mid,107,78927,top,121,71702,jg,166,69676,mid,51,69283,bot,67,66927,bot,117,65359,sup,104,64705,jg,53,55256,sup,157,53286,mid,120,49991,jg
64,222538,jg,266,214415,top,245,207675,jg,59,204226,jg,157,197607,mid,13,123447,mid,89,121586,sup,81,103777,bot,8,102681,mid,84,82006,top,21,81217,bot,67,76370,bot,114,50477,top,412,32532,sup,99,16498,sup
67,472671,bot,157,192320,mid,145,118603,bot,64,75216,jg,39,69342,top,360,59788,bot,92,55971,top,238,42299,mid,38,39970,mid,412,24616,sup,114,23206,top,104,21882,jg,11,21082,jg,80,14392,sup,12,6549,sup
77,475758,jg,141,219753,jg,104,112575,jg,164,46041,top,107,45649,top,81,20895,bot,92,17958,top,38,12302,mid,12,12040,sup,517,10902,mid,25,9101,sup,99,8085,sup,157,8080,mid,145,6799,bot,18,6429,bot
55,298910,mid,157,137559,mid,11,78695,jg,8,64715,mid,99,62963,sup,86,59252,top,141,51987,jg,131,51655,jg,24,48691,top,17,46601,top,51,43428,bot,202,37059,bot,101,34872,sup,22,27991,bot,412,23361,sup
20,810061,jg,2,169159,jg,114,167536,top,141,155078,jg,86,61042,top,31,42630,top,105,27290,mid,45,16856,mid,777,15403,mid,555,14160,sup,18,11970,bot,32,11172,sup,81,11000,bot,236,10546,bot,12,5389,sup
234,181300,jg,120,116120,jg,30,109929,jg,63,49734,sup,106,32582,top,36,21059,top,32,19056,sup,25,16116,sup,6,13152,top,81,6052,bot,8,5609,mid,21,3279,bot,236,3197,bot,777,3161,mid,90,2959,mid
245,56865,jg,121,53903,jg,777,34467,mid,141,29933,jg,81,26538,bot,90,26160,mid,236,22601,bot,3,21716,mid,79,20248,top,18,17188,bot,150,16978,top,99,11879,sup,23,10648,top,16,3523,sup,57,2417,sup
350,570786,sup,526,453730,sup,267,325037,sup,518,238377,mid,142,167172,mid,102,116742,jg,10,108533,top,876,54321,jg,133,53111,top,127,41218,mid,28,28075,jg,498,27938,bot,875,26223,top,145,20509,bot,202,12484,bot
20,748768,jg,62,122539,jg,35,95811,jg,79,67436,top,236,41008,bot,8,39621,mid,82,25332,top,31,23527,top,55,14898,mid,69,10825,mid,412,9404,sup,12,6809,sup,222,6397,bot,22,5090,bot,57,4992,sup
3,189203,mid,497,127654,sup,517,112083,mid,84,82526,top,13,82409,mid,104,74075,jg,25,62824,sup,91,55024,jg,110,46208,bot,81,41064,bot,85,32451,top,875,31991,top,267,29659,sup,59,27300,jg,22,26940,bot
107,105097,top,81,77842,bot,145,48926,bot,51,40015,bot,92,27825,top,412,25825,sup,79,24256,top,64,18037,jg,13,15072,mid,7,13700,mid,25,13039,sup,555,10939,sup,157,10652,mid,76,10123,jg,20,5744,jg
126,289163,top,122,190777,top,24,141062,top,11,52364,jg,64,48499,jg,104,47566,jg,236,44969,bot,517,41907,mid,67,39753,bot,81,30830,bot,157,28383,mid,38,19941,mid,111,19651,sup,80,11085,sup,235,7966,sup
56,119516,jg,90,113587,mid,112,94174,mid,517,70113,mid,91,60302,jg,236,32580,bot,64,28325,jg,82,25143,top,235,24775,sup,516,23579,top,53,22799,sup,122,22756,top,412,21670,sup,21,15339,bot,67,15328,bot
131,201095,jg,55,197482,mid,11,61074,jg,164,47164,top,91,45294,jg,114,43565,top,555,41589,sup,8,38239,mid,41,27101,top,38,25702,mid,18,20378,bot,498,13113,bot,202,13069,bot,80,12216,sup,350,10950,sup
145,192183,bot,157,144642,mid,222,77582,bot,67,68928,bot,235,43327,sup,92,41294,top,122,28815,top,104,28178,jg,8,19390,mid,64,18680,jg,163,17305,jg,134,17177,mid,12,16649,sup,82,12784,top,53,11873,sup
497,192113,sup,147,160387,sup,25,155017,sup,10,45133,top,523,36097,bot,517,33511,mid,163,31973,jg,145,29747,bot,110,27194,bot,126,26478,top,3,24515,mid,518,22924,mid,84,18397,top,141,17169,jg,72,14378,jg
38,153459,mid,8,150543,mid,41,140782,top,517,74885,mid,126,48938,top,245,47784,jg,10,30975,top,104,28131,jg,81,24309,bot,236,23910,bot,101,23136,sup,30,17863,jg,29,15047,bot,99,5937,sup,80,4556,sup
28,1578345,jg,51,263876,bot,11,179527,jg,81,123168,bot,145,119377,bot,106,81419,top,141,70974,jg,10,62453,top,99,38813,sup,127,37912,mid,17,30620,top,63,28607,sup,4,25080,mid,8,23437,mid,412,19068,sup
82,43260,top,555,36336,sup,103,34973,mid,141,34468,jg,497,32646,sup,236,30732,bot,517,30387,mid,43,26272,sup,711,22836,mid,122,22551,top,79,19776,top,131,18975,jg,81,18544,bot,120,17456,jg,51,12582,bot
360,146247,bot,236,59382,bot,67,50638,bot,25,48676,sup,82,22920,top,84,15888,top,157,13565,mid,83,12602,top,37,6979,sup,90,4739,mid,497,4356,sup,517,3917,mid,104,3888,jg,11,2881,jg,203,1622,jg
13,256308,mid,141,255500,jg,39,202754,top,245,158090,jg,412,157174,sup,142,134989,mid,84,133796,top,121,99974,jg,145,97724,bot,79,79346,top,246,75090,mid,119,49953,bot,43,45003,sup,63,43666,sup,51,43609,bot
119,370930,bot,81,91942,bot,523,80788,bot,245,52765,jg,412,46254,sup,157,36904,mid,41,34728,top,64,20281,jg,55,18339,mid,104,17066,jg,555,16070,sup,432,13915,sup,777,13764,mid,114,11418,top,266,10965,top
121,234115,jg,64,106618,jg,30,81653,jg,31,42713,top,18,42616,bot,157,40046,mid,236,37078,bot,81,27916,bot,8,27915,mid,3,22621,mid,107,22528,top,164,19971,top,235,16690,sup,555,16208,sup,412,14839,sup
157,693939,mid,39,644035,top,91,156247,jg,246,132499,mid,236,125713,bot,82,94807,top,64,92526,jg,84,72426,top,777,66063,mid,67,39841,bot,81,22091,bot,2,17725,jg,99,6953,sup,111,6186,sup,412,6078,sup
412,253542,sup,64,147170,jg,164,59335,top,266,44504,top,60,43893,jg,246,43127,mid,101,41225,sup,7,39061,mid,76,38816,jg,111,35864,sup,238,35427,mid,79,34574,top,81,28688,bot,145,23882,bot,236,20517,bot
517,131604,mid,7,100401,mid,51,60364,bot,121,56781,jg,245,56084,jg,81,40632,bot,236,37776,bot,777,35891,mid,84,14604,top,2,10928,jg,25,2864,sup,126,2580,top,92,1420,top,53,1267,sup,16,1115,sup
92,76256,top,84,42649,top,99,35096,sup,518,28992,mid,75,23111,top,64,22412,jg,555,20832,sup,34,16767,mid,142,15765,mid,20,14819,jg,113,13488,jg,40,10593,sup,81,9575,bot,29,9550,bot,119,5079,bot
134,215710,mid,61,210836,mid,112,184705,mid,245,123326,jg,236,105455,bot,126,103103,top,51,95168,bot,81,84284,bot,121,79732,jg,131,61446,jg,887,57352,top,39,37334,top,101,20346,sup,161,13498,sup,43,5137,sup
20,1349861,jg,23,141111,top,120,91041,jg,54,68151,top,141,58830,jg,82,56853,top,101,48683,sup,157,46833,mid,238,37850,mid,3,32599,mid,51,30147,bot,80,24453,sup,235,23785,sup,81,18718,bot,21,12786,bot
111,118384,sup,12,81436,sup,117,55226,sup,90,23382,mid,1,21263,mid,22,13567,bot,38,4184,mid,18,4030,bot,9,3982,jg,15,3494,bot,141,2567,jg,10,1873,top,86,1221,top,54,1007,top,28,437,jg
81,72881,bot,145,59902,bot,67,51851,bot,238,38580,mid,64,31816,jg,104,18222,jg,105,15910,mid,157,12369,mid,24,10768,top,92,10289,top,412,9016,sup,131,7982,jg,39,7960,top,99,7265,sup,43,2823,sup
51,163961,bot,22,128597,bot,145,113949,bot,235,111683,sup,711,103248,mid,16,62094,sup,45,49298,mid,55,46295,mid,53,34360,sup,245,32508,jg,875,24272,top,10,17896,top,84,16836,top,131,15634,jg,104,9568,jg
238,722137,mid,105,89313,mid,412,49317,sup,27,46568,top,67,39673,bot,64,32304,jg,54,24335,top,157,24108,mid,82,24084,top,63,17101,sup,141,13225,jg,245,12489,jg,236,9734,bot,99,6640,sup,22,5501,bot
202,243891,bot,145,198024,bot,21,190137,bot,201,113181,sup,235,109935,sup,432,101664,sup,42,45069,mid,154,42738,jg,517,33686,mid,518,33040,mid,203,32368,jg,133,23830,top,427,23492,jg,41,21542,top,106,19570,top
76,371294,jg,64,368472,jg,39,159859,top,517,155967,mid,246,95863,mid,421,92021,jg,85,78861,top,92,73618,top,236,66112,bot,134,29891,mid,25,23915,sup,497,15668,sup,50,14550,sup,145,13022,bot,81,11578,bot
22,432740,bot,202,274316,bot,51,254345,bot,99,125538,sup,90,119104,mid,72,104377,jg,143,93368,sup,32,69886,sup,131,51986,jg,45,40606,mid,120,39025,jg,36,25658,top,82,24661,top,17,21747,top,1,8323,mid
245,1346939,jg,105,63537,mid,104,52243,jg,3,45845,mid,517,37021,mid,141,34438,jg,68,17919,top,25,6952,sup,236,5583,bot,81,3915,bot,54,3840,top,84,3112,top,80,2612,sup,29,1797,bot,555,1303,sup
412,147814,sup,81,73113,bot,89,70824,sup,103,58134,mid,246,56806,mid,110,44679,bot,8,44489,mid,51,44342,bot,111,41961,sup,84,40686,top,266,40063,top,39,34457,top,104,18258,jg,91,18144,jg,102,15684,jg
432,115899,sup,25,102344,sup,38,99167,mid,30,95779,jg,79,86803,top,117,86796,sup,61,68841,mid,64,66825,jg,72,58380,jg,105,49004,mid,41,30853,top,29,13890,bot,54,13658,top,110,12914,bot,96,10149,bot
103,108109,mid,101,102493,sup,51,95683,bot,157,88875,mid,145,63070,bot,64,61061,jg,4,60775,mid,121,51363,jg,412,44263,sup,222,36674,bot,99,35207,sup,245,31175,jg,17,28989,top,24,22894,top,82,21356,top
37,475155,sup,99,426032,sup,147,307008,sup,39,239704,top,103,112462,mid,21,111671,bot,84,107035,top,81,86266,bot,498,50643,bot,518,44223,mid,134,32045,mid,876,23066,jg,28,13884,jg,427,11286,jg,74,7225,top
245,106039,jg,142,91088,mid,114,82318,top,81,62154,bot,161,51036,sup,517,42283,mid,7,36345,mid,163,20907,jg,101,17272,sup,236,11042,bot,26,10424,sup,498,7835,bot,84,1851,top,74,1067,top,30,961,jg
4,333586,mid,236,281705,bot,112,183899,mid,67,179071,bot,13,172154,mid,51,168515,bot,64,160112,jg,60,145877,jg,39,106220,top,84,88409,top,78,76767,jg,24,68435,top,53,52807,sup,117,42602,sup,111,33954,sup
555,833737,sup,122,542604,top,517,99495,mid,141,89333,jg,82,50623,top,85,47641,top,142,38465,mid,202,38342,bot,245,34899,jg,157,30964,mid,11,19618,jg,89,18795,sup,222,12009,bot,51,11555,bot,53,8572,sup
68,58570,top,106,39380,top,117,27335,sup,150,22644,top,236,20908,bot,56,19392,jg,80,16937,sup,43,16302,sup,876,16077,jg,104,15585,jg,42,14293,mid,81,13367,bot,429,12104,bot,517,7808,mid,134,7208,mid
157,45005,mid,238,30160,mid,22,27996,bot,145,26519,bot,55,24228,mid,523,19981,bot,39,19733,top,121,16734,jg,164,14347,top,82,13463,top,141,13019,jg,35,12343,jg,99,5646,sup,25,5620,sup,16,3602,sup
236,481263,bot,81,273204,bot,51,248910,bot,235,133240,sup,42,66544,mid,43,48973,sup,412,43721,sup,112,31721,mid,61,29825,mid,56,21440,jg,104,17647,jg,82,16257,top,102,12987,jg,84,8812,top,68,5667,top
40,216984,sup,99,138258,sup,43,105454,sup,103,78886,mid,7,25106,mid,10,21966,top,76,21857,jg,127,20476,mid,21,19691,bot,222,17731,bot,876,15210,jg,51,11292,bot,78,7470,jg,420,4660,top,74,2100,top
38,65278,mid,34,48300,mid,102,37387,jg,67,36982,bot,45,34667,mid,104,29978,jg,222,29515,bot,202,26779,bot,10,26031,top,63,21297,sup,91,20218,jg,54,17785,top,24,17759,top,80,9043,sup,32,8921,sup
50,164104,sup,202,131579,bot,267,128443,sup,81,127827,bot,96,121611,bot,86,120913,top,63,103416,sup,8,53143,mid,98,52984,top,157,46273,mid,150,38760,top,35,35905,jg,1,32448,mid,245,30431,jg,104,26847,jg
82,195002,top,50,163819,sup,77,95364,jg,3,86882,mid,106,79587,top,350,57049,sup,14,42229,top,38,39967,mid,555,39710,sup,131,29653,jg,234,23819,jg,45,22531,mid,29,15945,bot,22,12600,bot,21,12600,bot
105,83738,mid,245,79733,jg,134,70844,mid,8,56120,mid,104,52320,jg,141,36568,jg,81,27330,bot,145,25648,bot,92,22144,top,39,19740,top,29,16142,bot,412,15970,sup,164,14235,top,80,13559,sup,37,12600,sup
7,1946410,mid,17,659337,top,112,404166,mid,105,224597,mid,147,167903,sup,91,150282,jg,24,120560,top,28,94699,jg,50,93704,sup,16,80566,sup,110,79533,bot,74,74709,top,245,51689,jg,29,15867,bot,202,14471,bot
141,199966,jg,245,186315,jg,202,147276,bot,81,142366,bot,106,139362,top,157,125732,mid,145,115057,bot,64,110333,jg,82,71432,top,875,60967,top,8,38540,mid,777,32106,mid,235,30397,sup,25,26416,sup,80,20671,sup
5,59763,jg,18,52454,bot,126,49250,top,164,46358,top,81,35069,bot,498,34215,bot,134,31377,mid,131,27989,jg,147,27862,sup,16,20081,sup,120,18168,jg,142,14765,mid,42,13885,mid,50,11845,sup,39,7326,top
157,67090,mid,202,52045,bot,37,46363,sup,81,25478,bot,222,25447,bot,117,25107,sup,201,22537,sup,266,17471,top,64,16007,jg,150,8595,top,91,8130,jg,141,8074,jg,10,7886,top,1,7863,mid,238,5738,mid
121,281202,jg,30,47260,jg,134,43832,mid,56,39461,jg,45,26621,mid,29,24575,bot,555,23812,sup,15,23366,bot,202,21822,bot,38,17472,mid,25,17080,sup,161,12600,sup,54,11069,top,86,9785,top,133,8837,top
360,121265,bot,29,111065,bot,202,83542,bot,141,31196,jg,107,29766,top,234,23597,jg,777,17707,mid,164,17667,top,9,14088,jg,166,12854,mid,84,12795,top,105,12739,mid,412,7899,sup,63,5438,sup,50,4964,sup
517,106027,mid,142,79063,mid,84,62744,top,134,60774,mid,236,51991,bot,81,44794,bot,163,43671,jg,412,39937,sup,126,33382,top,145,32498,bot,432,23927,sup,80,18407,sup,875,14180,top,104,11486,jg,234,2033,jg
29,115964,bot,92,36105,top,51,19673,bot,18,19016,bot,41,18415,top,14,15608,top,101,14614,sup,8,12407,mid,4,12346,mid,157,11991,mid,163,11310,jg,63,11084,sup,77,7646,jg,102,5148,jg,99,4141,sup
246,204822,mid,236,200314,bot,157,142225,mid,517,119565,mid,145,82459,bot,84,60105,top,10,58210,top,64,56931,jg,81,52728,bot,39,48702,top,101,44060,sup,141,38177,jg,76,34232,jg,80,16679,sup,43,15812,sup
222,406995,bot,51,235037,bot,145,96722,bot,5,35844,jg,235,20410,sup,99,18770,sup,53,11682,sup,92,10370,top,24,8089,top,30,5696,jg,13,4703,mid,45,3474,mid,10,2060,top,1,1663,mid,64,1365,jg
81,155670,bot,236,103109,bot,145,89250,bot,266,69058,top,92,25953,top,126,25906,top,64,20415,jg,157,20086,mid,13,13522,mid,104,13032,jg,777,12103,mid,53,7486,sup,121,7160,jg,555,6977,sup,101,5008,sup
37,285973,sup,516,268516,top,40,181658,sup,350,170094,sup,36,118453,top,14,92982,top,141,37361,jg,8,35376,mid,427,27981,jg,115,16458,bot,15,16151,bot,145,12919,bot,777,10522,mid,45,9061,mid,245,7902,jg
37,477043,sup,161,348795,sup,131,148618,jg,147,87352,sup,21,73095,bot,112,49462,mid,115,48181,bot,22,45726,bot,34,41457,mid,42,38704,mid,133,22682,top,9,14622,jg,102,13500,jg,68,5082,top,17,4742,top
39,351281,top,164,277606,top,23,118934,top,8,79104,mid,62,63159,jg,432,22844,sup,141,18062,jg,57,15084,sup,157,12167,mid,45,11223,mid,104,10769,jg,16,10520,sup,202,7828,bot,81,7203,bot,236,5764,bot
117,142399,sup,89,121933,sup,57,91660,sup,3,38892,mid,875,14711,top,45,12754,mid,81,12600,bot,64,12600,jg,76,10315,jg,103,10271,mid,202,9597,bot,104,9281,jg,114,6823,top,67,6452,bot,92,4282,top
92,576847,top,39,144289,top,875,69379,top,64,64584,jg,12,60673,sup,222,59496,bot,234,52682,jg,55,48952,mid,555,45249,sup,221,40489,bot,203,32162,jg,202,26871,bot,157,25433,mid,777,25296,mid,432,21460,sup
141,269463,jg,11,199318,jg,245,139853,jg,157,73313,mid,45,60536,mid,555,55096,sup,517,47930,mid,24,34944,top,81,34605,bot,875,29362,top,412,29286,sup,202,28066,bot,67,25565,bot,99,18346,sup,86,17088,top
157,163589,mid,238,41422,mid,4,40402,mid,126,23272,top,39,23009,top,141,16072,jg,202,15483,bot,145,14468,bot,64,13065,jg,22,12654,bot,74,12600,top,245,9224,jg,235,7278,sup,53,3115,sup,80,2755,sup
28,189209,jg,38,134110,mid,105,119629,mid,421,60493,jg,56,56657,jg,45,49489,mid,24,19440,top,111,17015,sup,26,17014,sup,57,13794,sup,79,12900,top,107,10949,top,51,9956,bot,29,8200,bot,145,5700,bot
77,141762,jg,122,69129,top,86,53695,top,45,45815,mid,92,37803,top,9,36623,jg,20,34786,jg,22,25896,bot,8,25736,mid,119,22295,bot,238,21297,mid,43,19833,sup,99,18155,sup,18,12832,bot,57,12414,sup
79,1364301,top,53,76388,sup,41,72286,top,3,65811,mid,81,55218,bot,122,51419,top,104,37486,jg,19,37225,jg,99,36923,sup,5,33820,jg,51,32342,bot,12,31491,sup,13,30226,mid,110,28436,bot,268,28247,mid
238,588310,mid,157,428829,mid,55,351063,mid,58,140402,top,64,124294,jg,67,115715,bot,39,97534,top,92,97363,top,81,43511,bot,131,42818,jg,245,40596,jg,236,24892,bot,80,23648,sup,555,21516,sup,99,9317,sup
34,472252,mid,38,310216,mid,64,160849,jg,107,126950,top,157,126882,mid,236,119911,bot,81,86615,bot,412,85255,sup,39,84915,top,202,69791,bot,245,66803,jg,121,61666,jg,84,54274,top,432,39852,sup,555,37927,sup
120,352913,jg,121,172909,jg,45,169830,mid,75,153877,top,107,138356,top,119,136415,bot,1,69895,mid,13,47684,mid,23,45161,top,11,36381,jg,53,28727,sup,81,24760,bot,22,20207,bot,99,9542,sup,32,7730,sup
119,206469,bot,51,72464,bot,157,72119,mid,8,65184,mid,67,63711,bot,92,47614,top,41,45904,top,25,44514,sup,68,40734,top,3,34882,mid,235,33188,sup,30,32288,jg,63,31999,sup,64,31011,jg,104,25233,jg
421,172697,jg,875,137695,top,266,76523,top,254,47500,jg,120,46070,jg,236,45910,bot,157,45305,mid,498,38607,bot,82,37660,top,246,34558,mid,412,34261,sup,202,33315,bot,777,29027,mid,555,25214,sup,99,25061,sup
104,54191,jg,126,35600,top,266,31502,top,875,28067,top,76,24024,jg,119,23815,bot,412,20936,sup,245,20811,jg,268,20353,mid,157,19885,mid,111,19690,sup,236,18311,bot,3,18111,mid,145,16663,bot,50,12832,sup
6,404684,top,83,397144,top,3,178678,mid,74,136932,top,142,123944,mid,20,49144,jg,30,35122,jg,45,23719,mid,99,22435,sup,115,16830,bot,26,14935,sup,96,14290,bot,57,13397,sup,33,9372,jg,21,5998,bot
246,148189,mid,145,109123,bot,142,38499,mid,81,25789,bot,498,25074,bot,164,23249,top,131,21102,jg,99,19190,sup,1,14751,mid,20,12120,jg,412,11989,sup,104,10258,jg,555,8961,sup,39,6316,top,58,2857,top
92,234689,top,104,198137,jg,164,134350,top,114,115360,top,64,99987,jg,245,89848,jg,517,80392,mid,81,76221,bot,29,69099,bot,8,61879,mid,236,60740,bot,157,57659,mid,555,55933,sup,50,31842,sup,412,28391,sup
81,91158,bot,202,86385,bot,517,70443,mid,236,35130,bot,245,26697,jg,103,15904,mid,69,12986,mid,99,7082,sup,235,7044,sup,412,6456,sup,150,5339,top,122,2818,top,64,2097,jg,11,1864,jg,68,1328,top
28,268445,jg,203,64075,jg,67,38307,bot,202,25767,bot,38,24276,mid,60,23665,jg,1,22636,mid,157,21514,mid,29,17203,bot,164,11461,top,53,7551,sup,101,6356,sup,25,3821,sup,27,2783,top,17,2627,top
238,331155,mid,119,187010,bot,67,139501,bot,360,111656,bot,104,82898,jg,64,60403,jg,127,54717,mid,157,53553,mid,555,43686,sup,412,38676,sup,82,29028,top,266,26253,top,164,25111,top,131,20638,jg,111,6574,sup
134,127851,mid,142,110373,mid,107,82093,top,145,76840,bot,81,74944,bot,18,59676,bot,147,51547,sup,101,45296,sup,777,31615,mid,421,30118,jg,5,22960,jg,235,22713,sup,121,16325,jg,85,14032,top,6,2944,top
350,140044,sup,267,130312,sup,518,110285,mid,99,105197,sup,145,25025,bot,84,16579,top,83,15220,top,103,12357,mid,4,10546,mid,76,9031,jg,22,8363,bot,51,8069,bot,24,6926,top,876,4847,jg,20,2071,jg
67,198166,bot,517,75179,mid,114,50972,top,51,45990,bot,145,43952,bot,122,37051,top,8,36814,mid,157,32709,mid,64,32609,jg,131,31623,jg,84,26169,top,235,21632,sup,245,20954,jg,412,17438,sup,101,11540,sup
64,270419,jg,238,262939,mid,67,194857,bot,81,116489,bot,236,114827,bot,84,93468,top,412,93391,sup,41,83555,top,92,66623,top,157,63948,mid,112,63586,mid,9,49031,jg,245,47728,jg,12,39387,sup,53,36494,sup
145,351646,bot,81,222453,bot,67,210315,bot,164,147456,top,412,137420,sup,92,131924,top,122,127975,top,38,93148,mid,246,70522,mid,55,69726,mid,64,66225,jg,245,45325,jg,91,38484,jg,235,18389,sup,350,10465,sup
67,65485,bot,145,60485,bot,523,56862,bot,131,17907,jg,235,11836,sup,41,11275,top,69,10537,mid,147,9382,sup,134,7202,mid,106,6949,top,64,5942,jg,112,5541,mid,99,4191,sup,104,4048,jg,27,3599,top
412,123716,sup,497,109873,sup,432,73409,sup,84,66091,top,875,48123,top,8,39244,mid,266,33559,top,517,26746,mid,13,21511,mid,145,17848,bot,81,16329,bot,236,16015,bot,64,10647,jg,141,8686,jg,35,7870,jg
81,278499,bot,51,220256,bot,67,199282,bot,84,92900,top,7,77158,mid,412,71885,sup,103,60815,mid,142,59937,mid,245,54033,jg,164,44315,top,114,44272,top,235,44052,sup,53,37756,sup,62,23301,jg,11,19444,jg
13,60119,mid,81,45960,bot,145,44715,bot,42,43524,mid,7,42449,mid,236,37787,bot,24,36605,top,266,35487,top,64,27632,jg,114,25632,top,11,21033,jg,111,15560,sup,59,15111,jg,555,10975,sup,99,10542,sup
516,1111944,top,86,483603,top,875,192832,top,111,27130,sup,497,24860,sup,57,17223,sup,517,8997,mid,3,7187,mid,9,6772,jg,19,4932,jg,104,3660,jg,15,3203,bot,45,1909,mid,498,797,bot,110,688,bot
62,766913,jg,82,128832,top,111,71837,sup,54,55058,top,32,44231,sup,86,37975,top,81,36719,bot,127,35991,mid,91,17607,jg,101,16691,sup,22,14703,bot,498,13877,bot,131,13204,jg,777,8572,mid,61,7405,mid
25,1069198,sup,99,313283,sup,267,245603,sup,90,88098,mid,9,62015,jg,115,42289,bot,45,42049,mid,114,41801,top,35,41191,jg,223,31713,top,98,31645,top,51,20831,bot,22,11985,bot,254,10990,jg,34,8045,mid
24,138725,top,38,38330,mid,164,29360,top,91,27769,jg,114,23613,top,105,23509,mid,245,22996,jg,517,20494,mid,81,17951,bot,80,15019,sup,56,14764,jg,99,5357,sup,29,4969,bot,236,4950,bot,555,4508,sup
147,136551,sup,117,129938,sup,16,125738,sup,21,32254,bot,54,11070,top,61,10221,mid,15,9147,bot,223,8868,top,69,5618,mid,3,5473,mid,22,5131,bot,10,4723,top,28,3834,jg,131,3758,jg,163,2421,jg
81,226086,bot,235,196938,sup,67,116059,bot,112,107239,mid,29,102876,bot,38,94723,mid,157,65700,mid,64,64430,jg,126,50531,top,39,47830,top,234,31020,jg,5,30351,jg,79,29512,top,111,16744,sup,53,16293,sup
141,189835,jg,154,156307,jg,20,108316,jg,157,94652,mid,39,81136,top,517,56308,mid,106,55663,top,777,51678,mid,412,47635,sup,82,45401,top,119,42055,bot,235,28560,sup,202,25397,bot,67,23491,bot,12,16828,sup
64,248909,jg,60,247115,jg,76,229579,jg,79,51535,top,517,21794,mid,246,20227,mid,74,19389,top,99,14383,sup,13,13949,mid,117,12528,sup,80,11417,sup,58,7777,top,21,4725,bot,81,4190,bot,236,4000,bot
119,122703,bot,21,74146,bot,122,57130,top,69,51527,mid,236,50127,bot,157,30242,mid,101,30015,sup,55,29303,mid,39,25737,top,412,25516,sup,164,25271,top,2,24173,jg,28,20361,jg,104,19226,jg,63,17618,sup
555,670230,sup,44,153294,sup,350,62088,sup,91,45351,jg,75,38638,top,35,32404,jg,61,30299,mid,45,23940,mid,62,21528,jg,38,20664,mid,54,12705,top,122,12260,top,110,4399,bot,15,3381,bot,51,2691,bot
246,232571,mid,157,136805,mid,64,122132,jg,92,87692,top,24,47987,top,55,41087,mid,11,41063,jg,121,23089,jg,555,22643,sup,412,20661,sup,122,18508,top,29,17853,bot,67,15248,bot,63,14924,sup,18,10481,bot
23,58535,top,8,58040,mid,24,48770,top,246,39200,mid,62,39184,jg,84,34174,top,26,27319,sup,4,27199,mid,30,16896,jg,81,13697,bot,234,13650,jg,15,10390,bot,110,5745,bot,57,4236,sup,101,3233,sup
246,637169,mid,107,265386,top,121,216036,jg,119,165498,bot,38,158497,mid,517,70985,mid,234,62198,jg,67,59066,bot,131,53445,jg,429,38999,bot,12,14492,sup,235,9819,sup,101,6955,sup,887,5461,top,86,4943,top
91,143259,jg,157,137154,mid,64,106952,jg,238,82593,mid,777,66649,mid,141,51996,jg,67,49255,bot,99,30024,sup,360,23706,bot,81,20260,bot,92,9359,top,122,8341,top,84,8116,top,350,7428,sup,63,5750,sup
92,294890,top,64,137566,jg,157,115859,mid,164,59443,top,126,59339,top,67,58706,bot,238,52831,mid,104,45610,jg,76,44519,jg,13,36185,mid,81,33202,bot,236,25866,bot,43,15547,sup,412,12368,sup,25,8133,sup
235,80652,sup,143,73698,sup,99,69143,sup,3,41296,mid,21,26520,bot,45,24690,mid,223,17390,top,711,15894,mid,48,13261,jg,79,11996,top,74,10016,top,22,9102,bot,115,8715,bot,35,7723,jg,163,5733,jg
10,597396,top,82,192332,top,24,171360,top,50,93528,sup,80,33838,sup,11,33029,jg,40,30637,sup,33,19947,jg,22,17227,bot,67,16938,bot,28,15992,jg,45,8214,mid,38,6594,mid,51,5352,bot,1,4776,mid
51,107546,bot,164,94305,top,112,77223,mid,25,76242,sup,555,67558,sup,235,53646,sup,31,52925,top,61,43032,mid,29,42024,bot,4,40692,mid,236,38185,bot,54,34484,top,9,26205,jg,104,18044,jg,60,14376,jg
11,242027,jg,39,226589,top,122,193388,top,10,135679,top,121,100755,jg,145,100483,bot,236,77073,bot,64,53905,jg,202,47799,bot,157,42529,mid,80,34643,sup,57,32626,sup,246,26209,mid,777,22831,mid,235,20180,sup
67,114339,bot,236,72466,bot,81,69830,bot,53,32227,sup,39,30534,top,412,28621,sup,64,28106,jg,157,21261,mid,101,21199,sup,238,14752,mid,55,14207,mid,28,12096,jg,420,11611,top,10,7959,top,104,5600,jg
104,123987,jg,203,113096,jg,107,66593,top,76,61605,jg,81,32242,bot,22,31530,bot,67,28637,bot,235,27702,sup,57,24328,sup,106,20820,top,84,19498,top,117,16039,sup,8,12776,mid,38,11713,mid,69,10146,mid
201,314694,sup,412,141855,sup,43,108836,sup,236,104245,bot,150,91217,top,202,82576,bot,81,67215,bot,98,63694,top,126,54917,top,61,47542,mid,112,32361,mid,103,31508,mid,203,27367,jg,245,25767,jg,104,23617,jg
68,82775,top,103,48222,mid,13,43603,mid,7,29971,mid,245,19333,jg,36,16333,top,48,12829,jg,17,11621,top,16,8315,sup,117,6159,sup,115,4740,bot,20,4067,jg,40,3696,sup,51,3633,bot,18,3451,bot
157,108159,mid,517,62945,mid,39,60588,top,777,45732,mid,64,39514,jg,11,36274,jg,101,29339,sup,412,28694,sup,51,23692,bot,76,18319,jg,79,17384,top,145,16379,bot,360,14321,bot,80,13445,sup,516,12976,top
157,539027,mid,82,189144,top,238,100331,mid,122,94688,top,777,77575,mid,114,73507,top,64,58282,jg,53,53016,sup,11,25865,jg,350,21274,sup,99,19468,sup,119,16974,bot,67,14765,bot,81,14506,bot,30,11703,jg
91,296405,jg,64,262079,jg,157,134070,mid,246,117462,mid,76,112354,jg,238,111652,mid,39,106690,top,58,60901,top,122,51812,top,236,29955,bot,101,21046,sup,67,18249,bot,350,15457,sup,81,14285,bot,80,13609,sup
246,340792,mid,84,68368,top,245,61607,jg,235,61397,sup,64,46252,jg,131,40343,jg,887,24370,top,8,24002,mid,429,22439,bot,147,20476,sup,86,20417,top,55,16586,mid,350,15779,sup,18,13560,bot,236,11990,bot
254,741372,jg,27,376031,top,81,261532,bot,202,161718,bot,133,118252,top,141,106051,jg,11,86456,jg,51,83256,bot,50,70807,sup,25,56968,sup,24,51518,top,412,51242,sup,105,32185,mid,157,28924,mid,103,28796,mid
432,183656,sup,412,54520,sup,526,46127,sup,81,32130,bot,145,17220,bot,875,16196,top,21,13377,bot,223,12695,top,1,9814,mid,39,9634,top,55,9171,mid,245,7138,jg,154,3932,jg,78,3774,jg,711,2427,mid
432,333091,sup,143,242614,sup,254,238980,jg,427,235593,jg,64,219073,jg,235,169020,sup,114,156459,top,81,153354,bot,18,135472,bot,7,131240,mid,96,95691,bot,266,84618,top,4,84610,mid,136,74635,mid,6,54647,top
64,530249,jg,238,148410,mid,245,130538,jg,157,110072,mid,91,78540,jg,145,71846,bot,412,42002,sup,53,34593,sup,81,33840,bot,236,33194,bot,58,31187,top,777,30506,mid,114,28417,top,86,28134,top,25,13014,sup
350,339257,sup,267,245131,sup,3,142233,mid,888,117667,sup,110,67778,bot,83,65865,top,21,51700,bot,22,48829,bot,17,41824,top,9,37446,jg,234,36910,jg,876,35489,jg,82,30428,top,34,27969,mid,90,25170,mid
141,385287,jg,107,282252,top,245,232564,jg,121,159235,jg,67,54294,bot,157,39194,mid,119,31336,bot,236,31021,bot,38,29793,mid,517,29024,mid,24,26127,top,58,23848,top,555,12600,sup,53,1573,sup,32,760,sup
81,225675,bot,51,208259,bot,29,142253,bot,41,124615,top,157,92701,mid,84,83330,top,555,76935,sup,8,65627,mid,39,63680,top,76,55528,jg,69,54242,mid,141,48366,jg,104,41917,jg,50,36514,sup,235,27373,sup
145,243542,bot,61,231191,mid,81,132240,bot,64,54442,jg,22,45573,bot,36,34916,top,38,25391,mid,412,24575,sup,142,20558,mid,104,15371,jg,53,12186,sup,76,11338,jg,25,10301,sup,164,6699,top,39,6549,top
498,491719,bot,122,454953,top,164,402150,top,84,319498,top,81,278770,bot,51,269346,bot,69,119875,mid,235,115951,sup,517,68408,mid,412,22426,sup,8,22288,mid,80,21272,sup,64,12711,jg,104,8622,jg,59,6299,jg
104,60984,jg,76,38926,jg,64,26964,jg,79,19827,top,875,19402,top,81,6667,bot,80,5334,sup,517,5318,mid,31,4930,top,32,4590,sup,16,3497,sup,236,2474,bot,7,1598,mid,45,1508,mid,18,1507,bot
555,272516,sup,99,243944,sup,523,158255,bot,161,150655,sup,86,90166,top,27,78239,top,4,71038,mid,21,55329,bot,1,43840,mid,48,40554,jg,15,38791,bot,114,33262,top,76,31790,jg,59,24093,jg,3,15015,mid
267,82344,sup,117,63289,sup,432,36908,sup,98,23428,top,51,19772,bot,17,9403,top,427,8920,jg,104,8674,jg,14,7287,top,254,6444,jg,157,6256,mid,81,5995,bot,22,4517,bot,112,2328,mid,103,1270,mid
64,160134,jg,104,135644,jg,76,52273,jg,79,39851,top,106,33478,top,238,16308,mid,236,14332,bot,875,14041,top,235,12501,sup,81,11931,bot,13,10321,mid,517,7180,mid,412,5759,sup,111,5350,sup,145,4584,bot
81,105767,bot,18,75211,bot,119,66220,bot,60,31523,jg,117,25951,sup,121,22390,jg,11,20253,jg,16,12516,sup,45,12154,mid,13,10133,mid,114,9774,top,43,5806,sup,126,5523,top,238,4861,mid,24,4714,top
114,512304,top,875,150291,top,82,109929,top,62,83828,jg,59,79426,jg,145,61488,bot,236,59811,bot,498,57485,bot,64,52348,jg,412,52079,sup,157,51131,mid,105,50457,mid,517,48415,mid,235,24807,sup,43,22328,sup
412,173666,sup,157,131502,mid,63,84343,sup,875,81037,top,516,72625,top,114,72439,top,59,69703,jg,64,60826,jg,50,60390,sup,61,59176,mid,104,52342,jg,105,44438,mid,429,33775,bot,51,31509,bot,22,30792,bot
111,183154,sup,54,130888,top,6,123573,top,59,51364,jg,63,51169,sup,32,44388,sup,85,43755,top,120,38113,jg,127,37942,mid,45,18016,mid,22,17529,bot,33,15410,jg,4,13940,mid,110,12613,bot,29,8369,bot
157,331064,mid,223,148658,top,107,135431,top,64,133060,jg,203,126127,jg,77,90789,jg,236,86221,bot,79,82340,top,202,69967,bot,53,61325,sup,13,57550,mid,412,55206,sup,81,52640,bot,26,52225,sup,142,48417,mid
245,53115,jg,157,51990,mid,104,45745,jg,122,44474,top,141,44384,jg,164,40253,top,202,32024,bot,67,31125,bot,875,28588,top,517,27699,mid,145,27689,bot,38,26543,mid,412,24908,sup,555,20465,sup,37,13312,sup
119,352940,bot,51,139103,bot,222,97042,bot,235,90143,sup,887,16285,top,85,11611,top,103,8874,mid,104,7217,jg,55,6798,mid,63,5904,sup,555,5665,sup,39,5631,top,13,4865,mid,28,1561,jg,245,1253,jg
2,231730,jg,121,218751,jg,104,204960,jg,150,75675,top,58,73181,top,875,68236,top,67,27145,bot,119,23267,bot,21,14527,bot,777,5697,mid,412,3667,sup,32,3233,sup,235,2885,sup,157,2804,mid,517,760,mid
157,250771,mid,131,69278,jg,141,50881,jg,360,50105,bot,236,40233,bot,91,36420,jg,777,33966,mid,145,32689,bot,7,30779,mid,126,27783,top,84,25512,top,92,11145,top,80,10057,sup,63,8736,sup,412,8073,sup
238,295459,mid,39,154258,top,145,84641,bot,246,44170,mid,245,42021,jg,875,41060,top,84,32870,top,163,28381,jg,51,25458,bot,222,21141,bot,105,20515,mid,11,20158,jg,80,12394,sup,412,4818,sup,101,4282,sup
92,52230,top,39,49000,top,6,47036,top,517,31365,mid,43,26449,sup,246,23661,mid,104,20285,jg,64,15607,jg,13,15427,mid,5,14413,jg,51,14275,bot,236,9299,bot,18,6048,bot,99,5655,sup,555,4970,sup
114,372172,top,48,32560,jg,55,32019,mid,164,26738,top,41,22639,top,91,17910,jg,202,16013,bot,13,14292,mid,26,13001,sup,81,12600,bot,8,10676,mid,119,9833,bot,121,9769,jg,53,5171,sup,412,4596,sup
157,1023258,mid,412,195261,sup,238,158060,mid,67,129027,bot,64,70639,jg,141,59179,jg,222,55812,bot,75,55487,top,39,50813,top,11,46060,jg,777,45615,mid,202,35169,bot,84,33609,top,555,27149,sup,53,25496,sup
236,114032,bot,81,90487,bot,126,72834,top,114,64692,top,517,51822,mid,64,36900,jg,202,34864,bot,84,24796,top,134,24697,mid,4,20310,mid,203,16982,jg,5,14631,jg,412,7271,sup,53,3918,sup,235,3774,sup
350,937202,sup,498,163105,bot,16,141698,sup,523,129922,bot,99,110285,sup,22,79568,bot,103,69017,mid,518,68384,mid,136,34921,mid,20,16789,jg,106,16109,top,876,15697,jg,102,14883,jg,420,13702,top,82,13131,top
33,438122,jg,113,203823,jg,53,69497,sup,37,52358,sup,9,27211,jg,25,26758,sup,51,17194,bot,98,14359,top,54,13976,top,115,8877,bot,3,8705,mid,21,8551,bot,7,8224,mid,86,6690,top,103,5143,mid
8,270607,mid,517,201356,mid,112,176186,mid,131,120252,jg,51,96083,bot,145,79220,bot,81,76880,bot,122,49268,top,101,49204,sup,245,43020,jg,64,42984,jg,54,34986,top,126,31070,top,412,18075,sup,555,11351,sup
235,173567,sup,12,160287,sup,117,132032,sup,33,38960,jg,29,34410,bot,133,33373,top,67,17539,bot,54,16770,top,236,16723,bot,154,16223,jg,23,15915,top,121,8414,jg,38,5095,mid,4,3469,mid,105,2716,mid
99,196159,sup,103,174636,mid,84,95874,top,777,74325,mid,222,73377,bot,145,72323,bot,67,71303,bot,127,68658,mid,147,50399,sup,131,42856,jg,114,27559,top,39,24048,top,50,20745,sup,141,20616,jg,9,20259,jg
122,124405,top,875,119305,top,39,117959,top,8,51904,mid,141,47396,jg,28,47283,jg,157,38438,mid,13,31707,mid,11,24847,jg,57,24122,sup,145,22970,bot,81,20900,bot,555,16354,sup,432,15604,sup,67,12894,bot
81,298985,bot,145,280802,bot,236,190566,bot,39,39668,top,134,38678,mid,126,38040,top,58,36977,top,157,33994,mid,112,31126,mid,64,29786,jg,235,25250,sup,76,22927,jg,111,18982,sup,104,17984,jg,43,11346,sup
555,83325,sup,412,63796,sup,53,55670,sup,45,34315,mid,523,28911,bot,134,16795,mid,517,14876,mid,223,13668,top,81,11615,bot,67,11330,bot,39,11308,top,122,11050,top,64,8271,jg,121,6323,jg,20,4588,jg
145,295429,bot,236,192848,bot,18,119686,bot,121,89184,jg,24,30538,top,111,21282,sup,59,20928,jg,412,13057,sup,131,11850,jg,89,9167,sup,58,7319,top,38,6275,mid,1,5676,mid,106,5434,top,42,5173,mid
39,50410,top,142,43032,mid,84,40499,top,103,30613,mid,112,26994,mid,222,20800,bot,236,19167,bot,51,17346,bot,234,11984,jg,99,10673,sup,164,9338,top,40,8312,sup,245,7808,jg,412,5672,sup,76,1382,jg
240,199082,top,150,163708,top,35,99510,jg,30,91204,jg,50,47946,sup,28,40202,jg,81,39738,bot,16,37513,sup,166,36646,mid,10,35589,top,99,35558,sup,90,31170,mid,1,27345,mid,22,22286,bot,202,21122,bot
99,255498,sup,63,165693,sup,50,130413,sup,55,106944,mid,157,68321,mid,74,66467,top,236,57745,bot,1,34586,mid,82,32670,top,81,24149,bot,141,23735,jg,875,22763,top,131,20717,jg,115,19120,bot,35,16459,jg
24,22536,top,517,19161,mid,62,17457,jg,106,16348,top,202,15350,bot,164,14886,top,67,12194,bot,104,12124,jg,234,11139,jg,236,9180,bot,13,5900,mid,4,5320,mid,80,2648,sup,412,1052,sup,63,964,sup
64,88057,jg,121,46994,jg,35,45597,jg,67,39454,bot,112,38656,mid,236,37030,bot,18,33362,bot,68,32785,top,99,31836,sup,412,28550,sup,53,26155,sup,103,23795,mid,42,17488,mid,39,15974,top,79,12799,top
117,339300,sup,267,250775,sup,235,239478,sup,21,100177,bot,7,80040,mid,103,63501,mid,28,49927,jg,55,38767,mid,145,31079,bot,360,26679,bot,131,23787,jg,9,16489,jg,98,15694,top,17,14487,top,84,14255,top
245,225257,jg,121,209449,jg,104,202733,jg,112,112585,mid,67,97840,bot,222,76579,bot,13,61876,mid,63,57189,sup,236,55615,bot,24,52385,top,16,49565,sup,114,46549,top,412,40387,sup,4,20794,mid,79,16340,top
145,182488,bot,67,62484,bot,236,60841,bot,114,58763,top,101,56398,sup,238,54220,mid,122,52531,top,38,51418,mid,24,45847,top,412,34392,sup,121,33913,jg,245,33320,jg,105,32492,mid,11,30030,jg,99,16137,sup
68,270784,top,238,170828,mid,8,154917,mid,157,135177,mid,131,125884,jg,91,66376,jg,39,61972,top,98,50765,top,523,47316,bot,360,29206,bot,202,27147,bot,234,14155,jg,50,13317,sup,43,12455,sup,80,10239,sup
23,432529,top,78,333869,jg,39,284243,top,223,225834,top,59,202738,jg,202,196924,bot,429,153595,bot,29,133228,bot,102,109745,jg,8,85676,mid,117,81553,sup,238,72815,mid,55,54166,mid,43,48789,sup,412,46892,sup
53,217299,sup,555,157406,sup,238,111715,mid,412,96023,sup,11,74917,jg,64,74897,jg,45,68979,mid,157,61384,mid,24,57091,top,145,53242,bot,39,52499,top,28,49928,jg,84,47666,top,18,41336,bot,81,36420,bot
104,222780,jg,64,165940,jg,876,122080,jg,134,36991,mid,79,33255,top,53,27606,sup,142,22837,mid,84,15478,top,61,14110,mid,106,10648,top,236,4425,bot,80,1155,sup,16,1053,sup,202,985,bot,18,857,bot
64,375844,jg,104,196417,jg,131,193448,jg,350,187520,sup,1,162253,mid,236,129138,bot,145,124336,bot,54,115997,top,238,92019,mid,67,81957,bot,114,69487,top,8,47260,mid,235,33032,sup,24,27508,top,37,23979,sup
45,623093,mid,56,590658,jg,121,80015,jg,62,63492,jg,236,39578,bot,31,39092,top,75,37592,top,517,35394,mid,58,28035,top,112,26602,mid,99,21408,sup,202,20380,bot,115,12604,bot,32,10741,sup,53,9475,sup
164,344277,top,39,124986,top,107,85019,top,62,30989,jg,77,27497,jg,8,24335,mid,421,21765,jg,69,17367,mid,235,7445,sup,29,6050,bot,38,5944,mid,81,5771,bot,110,4196,bot,555,2964,sup,89,2881,sup
145,115268,bot,141,99700,jg,245,76809,jg,64,69676,jg,221,54772,bot,38,35793,mid,67,31784,bot,8,20834,mid,157,17176,mid,10,10849,top,126,10385,top,92,5411,top,235,1713,sup,412,1128,sup,89,1118,sup
104,106599,jg,421,99156,jg,203,76717,jg,106,33753,top,24,23434,top,517,21835,mid,164,15820,top,110,14023,bot,498,8622,bot,105,8484,mid,235,7751,sup,25,6978,sup,201,6533,sup,13,5526,mid,145,3235,bot
64,105231,jg,141,99925,jg,133,87413,top,79,49881,top,41,44450,top,202,35236,bot,145,33501,bot,18,29247,bot,121,27552,jg,555,20838,sup,103,18538,mid,412,18524,sup,63,16883,sup,4,15238,mid,777,13597,mid
64,102761,jg,131,101741,jg,238,77525,mid,103,76287,mid,157,37686,mid,104,34889,jg,81,16870,bot,75,15186,top,236,14714,bot,67,11596,bot,122,10623,top,92,8474,top,53,7951,sup,25,7339,sup,101,6789,sup
30,159322,jg,145,148289,bot,89,125008,sup,81,105644,bot,18,104223,bot,143,104163,sup,35,93032,jg,412,87489,sup,11,53821,jg,157,31825,mid,420,27827,top,54,24414,top,4,18567,mid,86,18497,top,45,16028,mid
104,240177,jg,21,102116,bot,131,85878,jg,222,49492,bot,121,44068,jg,110,41787,bot,106,40468,top,238,10516,mid,68,7385,top,25,5770,sup,99,5435,sup,134,4454,mid,412,4120,sup,14,4047,top,127,2100,mid
16,145073,sup,101,143552,sup,43,123702,sup,64,69604,jg,7,54759,mid,157,51391,mid,13,50178,mid,22,36978,bot,115,36060,bot,104,35378,jg,76,32373,jg,84,30315,top,126,27876,top,81,27730,bot,74,23894,top
110,1072650,bot,16,266930,sup,22,179084,bot,235,177126,sup,43,162216,sup,51,122701,bot,126,53953,top,78,52309,jg,133,36057,top,114,33320,top,141,32372,jg,69,27784,mid,45,26753,mid,427,25453,jg,4,24443,mid
555,60673,sup,235,59117,sup,104,50579,jg,89,46764,sup,29,38825,bot,875,37911,top,517,37182,mid,64,36693,jg,245,30997,jg,3,28150,mid,516,25957,top,777,23193,mid,84,22373,top,202,21258,bot,236,18151,bot
236,351488,bot,119,301656,bot,64,215700,jg,202,195357,bot,107,136304,top,157,132746,mid,84,125026,top,58,100731,top,238,90170,mid,245,76383,jg,8,58883,mid,104,50447,jg,555,27049,sup,412,26199,sup,432,24946,sup
8,442198,mid,164,87578,top,81,75320,bot,777,64443,mid,10,55762,top,22,48998,bot,875,41757,top,45,38812,mid,57,37177,sup,235,30131,sup,30,21702,jg,53,21541,sup,236,21110,bot,876,18028,jg,234,16012,jg
26,203174,sup,24,120973,top,223,113423,top,201,107677,sup,432,107058,sup,98,76365,top,78,36024,jg,3,31111,mid,33,30620,jg,5,27552,jg,38,11711,mid,202,9907,bot,22,7955,bot,90,7511,mid,18,7164,bot
154,259253,jg,141,151693,jg,82,145325,top,86,131584,top,10,94238,top,48,85259,jg,202,75171,bot,145,55696,bot,81,47983,bot,3,31475,mid,517,24642,mid,80,16228,sup,555,15496,sup,50,14212,sup,157,10856,mid
777,99290,mid,141,53533,jg,234,47311,jg,145,41914,bot,76,38403,jg,39,37083,top,236,26594,bot,875,26392,top,517,22609,mid,235,22424,sup,80,19257,sup,81,15816,bot,3,15166,mid,266,11190,top,412,7710,sup
24,151805,top,39,124314,top,41,77320,top,13,37068,mid,104,36419,jg,8,34808,mid,59,24997,jg,5,21955,jg,18,20020,bot,101,19212,sup,236,17205,bot,517,16457,mid,51,15381,bot,99,4992,sup,16,4913,sup
64,274773,jg,412,135039,sup,76,123604,jg,517,83185,mid,121,66066,jg,84,60121,top,157,35470,mid,81,33257,bot,67,32433,bot,126,30232,top,266,29102,top,246,23823,mid,555,22840,sup,12,19581,sup,145,18505,bot
81,121159,bot,2,81887,jg,67,62738,bot,77,61209,jg,104,53101,jg,18,33573,bot,875,31907,top,80,31658,sup,497,23340,sup,157,22534,mid,106,21523,top,555,19769,sup,68,14379,top,13,10032,mid,3,6105,mid
40,686339,sup,89,539830,sup,163,221001,jg,22,167772,bot,18,72947,bot,497,65783,sup,15,50833,bot,39,44006,top,103,35492,mid,55,24913,mid,126,16445,top,131,16068,jg,112,15700,mid,75,14314,top,5,13272,jg
266,552369,top,82,227600,top,14,88952,top,119,64719,bot,202,62013,bot,80,51840,sup,51,38255,bot,53,34313,sup,203,31305,jg,50,31201,sup,141,29832,jg,2,22968,jg,3,19704,mid,142,8496,mid,157,6632,mid
35,140527,jg,119,56086,bot,11,48200,jg,27,46324,top,64,39242,jg,202,29831,bot,122,20232,top,81,15632,bot,68,15046,top,777,12211,mid,4,9338,mid,13,9178,mid,235,8993,sup,57,8213,sup,99,7084,sup
98,395596,top,7,280835,mid,266,274017,top,101,246519,sup,43,178552,sup,53,164652,sup,81,80713,bot,202,77265,bot,126,76681,top,203,49676,jg,145,39773,bot,112,36154,mid,33,30186,jg,104,29155,jg,61,29103,mid
267,492116,sup,89,464391,sup,99,199518,sup,51,178602,bot,21,85465,bot,145,84280,bot,876,53416,jg,518,37599,mid,103,33215,mid,82,31043,top,84,29829,top,223,27947,top,3,26898,mid,131,13921,jg,11,8591,jg
89,67941,sup,412,58343,sup,497,57048,sup,145,14825,bot,106,10232,top,13,7112,mid,103,6294,mid,78,5921,jg,51,5696,bot,79,5444,top,45,5361,mid,875,4947,top,67,4521,bot,163,688,jg,76,604,jg
64,244268,jg,60,126923,jg,245,91241,jg,79,36574,top,238,32727,mid,875,27890,top,84,27184,top,517,26486,mid,236,22849,bot,555,19062,sup,81,16272,bot,157,15201,mid,29,12005,bot,497,9521,sup,412,8055,sup
127,103941,mid,81,88413,bot,7,86064,mid,246,80549,mid,101,74083,sup,266,64551,top,39,47587,top,50,46132,sup,43,39019,sup,122,33169,top,115,30405,bot,236,28464,bot,245,24222,jg,5,14205,jg,104,14091,jg
67,156890,bot,103,89971,mid,99,81739,sup,267,70047,sup,29,51297,bot,350,46497,sup,236,38654,bot,61,14276,mid,131,13509,jg,64,12477,jg,8,11433,mid,427,4194,jg,14,3763,top,58,3718,top,98,2540,top
8,75027,mid,517,61908,mid,131,49396,jg,84,46191,top,777,31543,mid,23,30994,top,39,25235,top,18,16054,bot,236,14486,bot,145,11086,bot,104,10393,jg,25,5477,sup,9,5357,jg,37,5222,sup,32,1141,sup
107,497058,top,141,194724,jg,91,186317,jg,245,145269,jg,157,65185,mid,238,40942,mid,103,32473,mid,202,17634,bot,84,17367,top,555,15977,sup,80,12542,sup,23,11435,top,81,8721,bot,99,8322,sup,236,7089,bot
235,219338,sup,40,214098,sup,117,207259,sup,145,177470,bot,55,135912,mid,67,100264,bot,51,88918,bot,92,62822,top,84,38688,top,245,28954,jg,246,26944,mid,203,20426,jg,142,18590,mid,163,17385,jg,10,15044,top
15,440623,bot,67,116264,bot,55,87967,mid,119,59097,bot,103,58047,mid,86,52289,top,5,51719,jg,64,47243,jg,245,42050,jg,4,30949,mid,99,21007,sup,40,18847,sup,412,13392,sup,24,12068,top,39,9532,top
21,792061,bot,222,310818,bot,99,206754,sup,31,134309,top,6,100581,top,53,96558,sup,51,92249,bot,63,83215,sup,122,42225,top,127,35713,mid,103,22658,mid,48,22194,jg,131,18585,jg,11,10586,jg,45,7238,mid
777,75151,mid,55,75112,mid,122,72853,top,875,39592,top,245,37731,jg,203,35840,jg,91,29067,jg,157,27246,mid,82,23536,top,81,11012,bot,222,10990,bot,29,7637,bot,50,7196,sup,555,6581,sup,63,4214,sup
145,218665,bot,245,140697,jg,18,125387,bot,21,115538,bot,38,30323,mid,23,12760,top,117,10905,sup,91,9910,jg,11,9379,jg,89,6902,sup,79,4338,top,157,3837,mid,57,3047,sup,13,2612,mid,58,2214,top
157,302465,mid,11,98853,jg,81,93881,bot,238,90141,mid,91,79956,jg,114,77070,top,104,71895,jg,777,64204,mid,236,48414,bot,22,47205,bot,58,46496,top,84,45757,top,235,28208,sup,555,25805,sup,50,22505,sup
555,269977,sup,350,154513,sup,15,123707,bot,53,118968,sup,22,59464,bot,103,56733,mid,8,51899,mid,145,50065,bot,1,20153,mid,82,20026,top,35,15764,jg,60,12871,jg,240,12199,top,58,8804,top,59,7223,jg
236,108981,bot,64,102262,jg,104,91588,jg,121,59449,jg,81,50849,bot,122,46680,top,126,45085,top,145,24697,bot,517,19680,mid,112,18528,mid,103,18372,mid,117,15184,sup,266,13471,top,235,13022,sup,25,12008,sup
122,437461,top,53,167907,sup,24,95515,top,86,56715,top,350,50292,sup,412,49161,sup,102,21665,jg,62,18505,jg,38,17609,mid,91,16986,jg,67,15641,bot,81,11673,bot,145,11449,bot,8,11206,mid,517,9942,mid
5,382897,jg,60,146600,jg,48,78991,jg,90,53587,mid,103,52936,mid,32,30155,sup,89,24255,sup,54,22839,top,85,21050,top,3,18707,mid,111,15295,sup,74,14020,top,21,10469,bot,15,8594,bot,81,7772,bot
145,132824,bot,81,92076,bot,523,86178,bot,235,62953,sup,164,43442,top,69,32394,mid,39,27066,top,555,26048,sup,266,24515,top,157,16230,mid,4,11607,mid,16,11472,sup,19,10234,jg,234,6399,jg,76,6107,jg
89,121902,sup,412,120215,sup,12,112870,sup,875,26041,top,3,10583,mid,223,6707,top,79,5826,top,1,4442,mid,102,2161,jg,19,1759,jg,42,1637,mid,22,1518,bot,29,1323,bot,81,1322,bot,78,1056,jg
89,353162,sup,497,158936,sup,154,148752,jg,111,114803,sup,141,98201,jg,254,94329,jg,3,63999,mid,106,47107,top,202,35137,bot,134,18369,mid,22,18155,bot,98,16033,top,222,15825,bot,45,11759,mid,75,11517,top
64,111691,jg,235,71210,sup,117,63268,sup,104,57126,jg,81,51788,bot,35,47793,jg,53,47710,sup,145,46239,bot,164,42581,top,236,38507,bot,517,37144,mid,157,26112,mid,107,19507,top,134,18131,mid,54,15389,top
157,167493,mid,67,86211,bot,875,82920,top,64,74523,jg,11,57846,jg,104,51917,jg,145,46993,bot,122,46185,top,238,42291,mid,92,41815,top,81,41236,bot,412,39118,sup,53,30590,sup,517,29437,mid,63,29175,sup
74,1594227,top,16,262728,sup,13,239846,mid,119,119413,bot,122,117934,top,412,93670,sup,64,75927,jg,114,71765,top,67,66522,bot,76,57806,jg,157,51826,mid,246,44790,mid,25,36728,sup,81,26689,bot,245,23315,jg
10,62305,top,203,47380,jg,28,41292,jg,412,26522,sup,121,26420,jg,887,21347,top,81,21281,bot,7,20307,mid,23,19475,top,497,18099,sup,40,14249,sup,134,13664,mid,13,11486,mid,21,7655,bot,67,7037,bot
145,387933,bot,81,322053,bot,236,128737,bot,53,69488,sup,84,65178,top,235,43988,sup,11,26212,jg,13,22789,mid,555,21044,sup,266,20056,top,517,19282,mid,126,12372,top,7,9841,mid,91,8476,jg,64,8442,jg
99,812037,sup,518,320879,mid,16,308401,sup,142,286236,mid,26,254462,sup,127,163131,mid,81,51582,bot,202,39537,bot,15,38054,bot,10,37385,top,876,24337,jg,114,23099,top,17,21431,top,9,17187,jg,203,14255,jg
104,251192,jg,2,123988,jg,141,115297,jg,157,63343,mid,517,60398,mid,106,59344,top,58,57711,top,236,40025,bot,92,36230,top,67,21427,bot,777,21244,mid,80,19220,sup,25,18896,sup,235,17607,sup,51,16205,bot
92,477083,top,17,95368,top,875,72806,top,777,59598,mid,876,53782,jg,121,51876,jg,131,51310,jg,45,46195,mid,99,25656,sup,166,12556,mid,235,9986,sup,51,9582,bot,16,8189,sup,202,6665,bot,67,6102,bot
141,119609,jg,82,36432,top,75,29840,top,121,18815,jg,45,18334,mid,107,17503,top,80,16211,sup,9,14924,jg,32,6527,sup,13,5944,mid,8,5700,mid,29,3619,bot,43,3415,sup,498,3076,bot,523,2168,bot
8,467492,mid,84,260129,top,7,225240,mid,777,211133,mid,245,132150,jg,76,114096,jg,145,91160,bot,39,78419,top,236,75367,bot,104,71890,jg,360,49570,bot,875,27244,top,101,15230,sup,80,9722,sup,16,5299,sup
99,89013,sup,142,75998,mid,39,47227,top,134,35304,mid,7,24443,mid,84,23151,top,523,15864,bot,236,15804,bot,202,12486,bot,101,10365,sup,64,6434,jg,147,5413,sup,30,4893,jg,126,2619,top,234,1901,jg
238,166551,mid,157,143606,mid,245,125103,jg,136,122945,mid,50,122274,sup,498,79663,bot,84,74006,top,62,63206,jg,236,61750,bot,54,57669,top,99,53422,sup,81,46463,bot,80,44581,sup,39,41608,top,91,41383,jg
92,94573,top,145,88423,bot,39,85499,top,157,80958,mid,266,72010,top,141,57391,jg,11,56776,jg,99,49296,sup,64,47147,jg,238,39445,mid,8,27639,mid,111,27164,sup,81,24744,bot,202,22919,bot,497,19058,sup
6,327061,top,875,197309,top,86,113621,top,50,62954,sup,90,59291,mid,35,56529,jg,57,52193,sup,25,42656,sup,9,41938,jg,142,41481,mid,119,40899,bot,48,40182,jg,517,35360,mid,115,27190,bot,202,22190,bot
81,104826,bot,61,91149,mid,157,75761,mid,112,71484,mid,64,69410,jg,57,39667,sup,68,38918,top,60,37296,jg,104,33924,jg,99,23585,sup,202,21446,bot,43,20899,sup,79,18046,top,21,17525,bot,126,16101,top
350,315550,sup,117,183839,sup,99,107884,sup,21,72811,bot,22,63312,bot,20,50076,jg,17,42801,top,84,36152,top,54,35376,top,145,34593,bot,245,32721,jg,45,25964,mid,246,21633,mid,104,15783,jg,103,14727,mid
145,80634,bot,3,70734,mid,517,61889,mid,122,60031,top,58,55128,top,246,52717,mid,875,43251,top,67,35318,bot,360,32438,bot,245,30453,jg,64,29681,jg,412,24684,sup,91,20679,jg,89,7948,sup,80,7623,sup
202,151255,bot,99,92884,sup,145,52292,bot,59,46798,jg,238,44209,mid,64,39077,jg,875,37805,top,81,30147,bot,7,26382,mid,38,25942,mid,32,22417,sup,121,21550,jg,350,18819,sup,84,17167,top,36,5522,top
875,76505,top,526,55239,sup,12,38907,sup,497,34445,sup,3,22240,mid,245,13593,jg,13,13128,mid,82,7952,top,238,6488,mid,98,6452,top,62,3618,jg,20,3611,jg,236,1334,bot,22,338,bot,81,168,bot
74,246467,top,166,151681,mid,38,122997,mid,3,118371,mid,86,93771,top,27,84980,top,234,70350,jg,555,55181,sup,30,51440,jg,62,47107,jg,236,32813,bot,12,26384,sup,51,23144,bot,50,19158,sup,15,15319,bot
69,720694,mid,517,391124,mid,134,323645,mid,161,276838,sup,64,134174,jg,39,133084,top,21,70405,bot,84,34873,top,245,32989,jg,67,26210,bot,164,24219,top,145,23410,bot,62,22082,jg,99,10407,sup,147,9272,sup
266,97238,top,21,55222,bot,19,26497,jg,56,26167,jg,126,23595,top,420,20117,top,60,17961,jg,518,12783,mid,711,12670,mid,42,10155,mid,51,9482,bot,18,8826,bot,412,7479,sup,267,3524,sup,26,3002,sup
234,26969,jg,421,24375,jg,68,23099,top,5,22623,jg,117,21382,sup,246,15113,mid,1,14963,mid,350,14421,sup,164,11430,top,25,10397,sup,145,7614,bot,39,7603,top,103,4942,mid,119,3465,bot,110,3340,bot
84,83772,top,67,43555,bot,222,42511,bot,119,37289,bot,131,28976,jg,5,19016,jg,53,16277,sup,101,15105,sup,34,15004,mid,63,13979,sup,105,13705,mid,157,13346,mid,92,11316,top,11,9352,jg,10,8187,top
64,959042,jg,35,347488,jg,16,276029,sup,92,240586,top,432,240259,sup,53,220487,sup,157,172287,mid,51,158687,bot,9,142012,jg,222,135686,bot,246,101204,mid,22,100658,bot,79,97454,top,74,85348,top,7,71431,mid
122,251666,top,64,153922,jg,24,120785,top,58,97725,top,104,78874,jg,121,76209,jg,81,70029,bot,236,39273,bot,8,38315,mid,80,33708,sup,517,33441,mid,38,33353,mid,22,25192,bot,161,12008,sup,63,11362,sup
80,206413,sup,523,59372,bot,99,22783,sup,57,22583,sup,21,16149,bot,58,16022,top,103,15828,mid,51,15514,bot,420,10145,top,28,9935,jg,24,9080,top,134,5464,mid,154,3848,jg,157,3477,mid,60,3450,jg
164,258208,top,114,250747,top,8,244518,mid,92,96409,top,777,39996,mid,157,39759,mid,67,36664,bot,28,32180,jg,523,22303,bot,234,21866,jg,51,17406,bot,121,14996,jg,101,13862,sup,235,6076,sup,25,5778,sup
39,179362,top,61,152794,mid,517,134932,mid,157,127653,mid,28,96511,jg,131,93435,jg,84,75397,top,236,57631,bot,145,57032,bot,81,46524,bot,203,44284,jg,164,28973,top,101,25892,sup,53,21114,sup,43,16169,sup
67,2718037,bot,17,142656,top,145,119934,bot,99,88390,sup,53,38169,sup,222,30921,bot,141,21679,jg,25,10629,sup,86,10427,top,54,10013,top,45,8972,mid,157,6017,mid,518,5563,mid,876,3603,jg,64,2846,jg
421,253298,jg,64,217120,jg,79,191388,top,59,166170,jg,106,79246,top,107,67717,top,12,51643,sup,111,50526,sup,57,33623,sup,8,20017,mid,81,12448,bot,157,10923,mid,90,10277,mid,236,7579,bot,67,4603,bot
245,103340,jg,523,83704,bot,1,65378,mid,875,59177,top,360,57752,bot,62,56268,jg,429,55451,bot,91,51513,jg,517,40525,mid,164,33545,top,92,26865,top,8,17562,mid,235,6864,sup,80,6134,sup,50,5401,sup
22,86109,bot,236,84093,bot,235,62653,sup,202,58155,bot,517,54784,mid,126,33715,top,104,31998,jg,8,21525,mid,777,20110,mid,10,19885,top,141,19650,jg,14,19336,top,245,16424,jg,80,13824,sup,43,13581,sup
154,461598,jg,14,66105,top,75,41693,top,120,38370,jg,38,32786,mid,48,29897,jg,86,17468,top,29,12990,bot,13,11384,mid,18,10030,bot,81,8362,bot,4,7774,mid,53,2901,sup,44,1565,sup,32,1541,sup
35,177426,jg,107,69048,top,246,54434,mid,76,41616,jg,245,37227,jg,79,28953,top,81,14576,bot,517,9421,mid,99,7403,sup,53,7277,sup,238,5295,mid,555,4568,sup,17,3670,top,22,3448,bot,202,2768,bot
203,146953,jg,235,142691,sup,518,85026,mid,145,64000,bot,14,59839,top,81,40174,bot,202,40154,bot,875,39751,top,101,34314,sup,121,31179,jg,79,29829,top,56,18732,jg,246,18031,mid,517,15138,mid,432,13560,sup
145,113280,bot,202,80575,bot,81,78680,bot,875,55323,top,235,54992,sup,150,40524,top,517,39405,mid,54,37465,top,141,30718,jg,50,20965,sup,134,15549,mid,8,14411,mid,113,13399,jg,432,12591,sup,120,12345,jg
412,129434,sup,89,105380,sup,111,82368,sup,3,21516,mid,875,16163,top,120,14303,jg,223,11359,top,106,8749,top,5,7221,jg,48,7173,jg,145,1869,bot,81,1802,bot,13,1630,mid,1,856,mid,18,815,bot
145,293613,bot,81,155512,bot,51,140724,bot,82,13710,top,235,12098,sup,777,11985,mid,10,8878,top,875,8306,top,11,7381,jg,121,6452,jg,99,6007,sup,5,4539,jg,555,3983,sup,238,3698,mid,45,2620,mid
145,190777,bot,360,140670,bot,238,139433,mid,517,130877,mid,81,99340,bot,245,84940,jg,875,70931,top,8,68031,mid,64,67519,jg,104,61029,jg,266,58568,top,84,48373,top,235,35015,sup,412,19660,sup,80,13723,sup
14,133414,top,238,118731,mid,84,118690,top,122,110708,top,103,101945,mid,517,79661,mid,21,57353,bot,51,46782,bot,80,46552,sup,15,41204,bot,102,41175,jg,147,32063,sup,16,28190,sup,28,25170,jg,120,23096,jg
92,255745,top,777,101193,mid,114,95873,top,39,76947,top,145,36892,bot,120,24683,jg,51,23396,bot,157,22944,mid,105,21175,mid,427,19502,jg,15,16989,bot,131,12179,jg,99,3491,sup,555,2976,sup,25,2914,sup
202,794633,bot,22,220642,bot,81,208212,bot,121,191871,jg,5,40627,jg,60,29475,jg,497,17851,sup,4,13359,mid,24,13001,top,69,12165,mid,10,9724,top,122,7729,top,26,7145,sup,99,5559,sup,38,5412,mid
64,255138,jg,11,121102,jg,245,68914,jg,81,55047,bot,7,37661,mid,67,37074,bot,145,35915,bot,127,27049,mid,53,23804,sup,238,22544,mid,107,22056,top,164,19460,top,24,19335,top,99,11537,sup,101,6523,sup
432,205841,sup,53,123378,sup,117,105170,sup,427,60590,jg,875,53840,top,154,35138,jg,223,26124,top,4,23961,mid,245,21284,jg,127,19462,mid,14,19320,top,15,19047,bot,3,15478,mid,81,13726,bot,21,13311,bot
245,160870,jg,104,115424,jg,121,104453,jg,266,79395,top,875,75699,top,106,66685,top,555,62555,sup,157,60842,mid,8,51764,mid,80,46701,sup,517,43790,mid,145,32873,bot,360,32481,bot,22,31010,bot,412,27637,sup
202,278629,bot,157,148393,mid,81,106033,bot,101,68630,sup,238,58900,mid,67,56747,bot,64,42350,jg,84,39727,top,98,33169,top,31,32771,top,517,30610,mid,11,29469,jg,245,23453,jg,111,13829,sup,50,13594,sup
86,199962,top,875,84613,top,517,73516,mid,41,63121,top,157,26128,mid,412,23568,sup,72,20267,jg,111,18665,sup,236,18186,bot,101,16050,sup,104,16041,jg,4,14528,mid,9,10159,jg,202,9041,bot,81,7613,bot
84,219883,top,777,153730,mid,157,146032,mid,238,140176,mid,145,92458,bot,412,85820,sup,64,66233,jg,236,62549,bot,222,57476,bot,39,57300,top,350,54303,sup,111,47327,sup,245,40839,jg,54,38951,top,11,31759,jg
51,42391,bot,84,41193,top,4,30985,mid,13,28164,mid,61,25938,mid,236,21974,bot,145,20823,bot,235,13914,sup,126,8536,top,11,7468,jg,147,4845,sup,82,4584,top,50,3356,sup,427,3297,jg,20,2619,jg
23,482274,top,126,464763,top,62,370882,jg,80,195956,sup,58,143745,top,13,84417,mid,517,52003,mid,236,26533,bot,81,21187,bot,2,21036,jg,9,18984,jg,43,14658,sup,34,13479,mid,57,13208,sup,96,8750,bot
145,68878,bot,18,54474,bot,202,52402,bot,235,39878,sup,121,33364,jg,412,16352,sup,28,15015,jg,30,12411,jg,134,8885,mid,53,8836,sup,84,2283,top,45,2000,mid,98,1770,top,517,1468,mid,79,1327,top
235,214267,sup,555,169400,sup,432,115350,sup,202,91470,bot,266,91089,top,81,74697,bot,84,64482,top,3,47522,mid,236,42258,bot,58,37491,top,42,32629,mid,8,31884,mid,203,14138,jg,64,13541,jg,56,11830,jg
497,399186,sup,236,287161,bot,89,272901,sup,412,250491,sup,67,225671,bot,145,221650,bot,84,203409,top,245,143467,jg,64,137577,jg,103,114305,mid,39,108673,top,98,91462,top,78,89746,jg,61,63766,mid,134,58998,mid
92,146035,top,114,84442,top,164,78206,top,104,46811,jg,62,42428,jg,517,28443,mid,777,26854,mid,119,24082,bot,64,21127,jg,246,18928,mid,236,18551,bot,555,13788,sup,523,6266,bot,412,4961,sup,50,3744,sup
122,506138,top,875,247390,top,104,74747,jg,164,40116,top,238,31777,mid,11,20951,jg,157,19411,mid,91,19090,jg,412,17308,sup,236,15515,bot,67,12780,bot,99,8189,sup,1,7530,mid,51,7071,bot,80,3698,sup
157,150629,mid,246,126676,mid,141,108025,jg,62,92714,jg,84,76346,top,120,68471,jg,34,60272,mid,51,53074,bot,114,43046,top,25,36704,sup,75,35619,top,145,33018,bot,81,23040,bot,99,15220,sup,555,12625,sup
350,675173,sup,53,219973,sup,80,192347,sup,23,137915,top,62,91208,jg,54,57258,top,10,45790,top,20,35209,jg,48,23852,jg,34,16579,mid,51,8629,bot,103,6596,mid,21,6481,bot,22,5922,bot,42,5022,mid
98,306299,top,64,105588,jg,164,79467,top,875,52536,top,141,50028,jg,11,47555,jg,202,44401,bot,157,38197,mid,8,34416,mid,43,25446,sup,110,24883,bot,29,18967,bot,777,18956,mid,37,17596,sup,32,14991,sup
58,224537,top,516,142389,top,523,131134,bot,234,123017,jg,111,93677,sup,236,84157,bot,875,77779,top,157,77554,mid,21,52661,bot,2,49569,jg,62,47077,jg,89,42728,sup,57,41605,sup,517,35040,mid,3,22391,mid
555,723851,sup,350,265702,sup,99,132838,sup,91,88416,jg,103,72410,mid,875,53333,top,157,52374,mid,86,48732,top,81,45377,bot,11,44898,jg,17,40311,top,45,21893,mid,234,19142,jg,51,14660,bot,360,12160,bot
106,366448,top,119,149948,bot,55,85016,mid,5,77840,jg,114,73548,top,238,71101,mid,412,66239,sup,39,58817,top,101,56769,sup,64,52779,jg,157,45944,mid,81,34967,bot,236,17251,bot,62,16431,jg,53,6985,sup
142,88533,mid,84,62963,top,245,45947,jg,38,41312,mid,42,38715,mid,141,35896,jg,115,16295,bot,51,14547,bot,104,13957,jg,18,6085,bot,16,5652,sup,887,3951,top,39,3683,top,117,3462,sup,26,1655,sup
54,89705,top,55,75131,mid,101,51134,sup,90,39643,mid,11,34771,jg,157,34656,mid,114,22962,top,64,17340,jg,236,16347,bot,74,16150,top,76,13694,jg,115,11236,bot,222,10387,bot,80,9729,sup,57,3210,sup
121,136304,jg,120,99146,jg,157,91170,mid,64,85444,jg,81,78618,bot,51,74496,bot,236,66960,bot,23,64653,top,875,50484,top,107,33583,top,105,23807,mid,42,17260,mid,12,12386,sup,25,9215,sup,235,7839,sup
55,204341,mid,64,102176,jg,246,100707,mid,105,79079,mid,876,76865,jg,245,56964,jg,39,38626,top,126,37239,top,555,36862,sup,58,30866,top,145,25480,bot,18,19137,bot,53,16743,sup,67,16381,bot,26,8637,sup
99,539471,sup,16,269965,sup,350,253777,sup,518,71065,mid,103,54184,mid,142,42367,mid,39,17359,top,876,17135,jg,22,13743,bot,76,12375,jg,17,9449,top,222,6580,bot,498,6367,bot,84,5527,top,427,4945,jg
163,133855,jg,16,107707,sup,51,95123,bot,81,68906,bot,517,55016,mid,711,51871,mid,39,49237,top,141,40614,jg,157,39619,mid,202,38544,bot,84,31946,top,53,28875,sup,131,28175,jg,412,23059,sup,68,21823,top
350,135191,sup,117,123593,sup,235,95723,sup,21,21635,bot,236,21326,bot,81,20507,bot,69,14638,mid,203,14343,jg,48,14004,jg,59,12740,jg,134,10202,mid,875,10143,top,23,9309,top,38,8825,mid,84,7235,top
121,349716,jg,2,206555,jg,120,175394,jg,31,84450,top,24,73832,top,38,42902,mid,106,39819,top,80,33747,sup,268,23620,mid,96,19067,bot,119,15531,bot,16,15185,sup,202,12702,bot,43,9518,sup,13,9079,mid
141,133631,jg,122,95836,top,104,92075,jg,266,83145,top,64,44769,jg,23,43126,top,157,33638,mid,517,29183,mid,67,19272,bot,53,19237,sup,80,19121,sup,412,16279,sup,13,13456,mid,236,9432,bot,81,7876,bot
83,1278328,top,6,83449,top,122,35452,top,34,20826,mid,90,14808,mid,48,14068,jg,119,12600,bot,7,12372,mid,51,12125,bot,350,11108,sup,202,10953,bot,25,8547,sup,63,8508,sup,203,8136,jg,78,6381,jg
39,177312,top,523,133341,bot,360,122681,bot,114,121344,top,516,102019,top,555,96002,sup,59,94248,jg,498,59686,bot,113,46689,jg,120,44515,jg,157,28590,mid,80,24465,sup,235,16627,sup,777,15159,mid,268,11650,mid
432,75137,sup,111,69092,sup,89,60872,sup,875,21733,top,13,18163,mid,68,15338,top,3,10449,mid,4,8948,mid,79,8454,top,245,7692,jg,202,6864,bot,104,5423,jg,77,5124,jg,523,5027,bot,236,4254,bot
142,137138,mid,84,77071,top,77,62090,jg,64,41552,jg,11,39877,jg,246,30858,mid,517,29515,mid,106,28061,top,360,19893,bot,875,15719,top,555,8281,sup,81,7196,bot,236,4029,bot,111,3118,sup,32,1522,sup
67,1395359,bot,119,703132,bot,81,348921,bot,4,151627,mid,157,94759,mid,103,92278,mid,104,65009,jg,64,57282,jg,53,37176,sup,92,34668,top,101,32457,sup,99,28699,sup,150,26080,top,75,25968,top,141,24825,jg
23,195511,top,86,143957,top,58,132032,top,48,115393,jg,777,60030,mid,141,42823,jg,32,39161,sup,19,38544,jg,45,11005,mid,81,8810,bot,34,7723,mid,18,4202,bot,555,3715,sup,147,3669,sup,96,838,bot
238,252607,mid,89,242189,sup,157,217119,mid,64,163747,jg,105,136957,mid,412,119629,sup,497,118348,sup,141,106770,jg,245,83007,jg,84,62196,top,24,48436,top,17,48275,top,67,48072,bot,236,42582,bot,29,40262,bot
245,600409,jg,104,452807,jg,120,254809,jg,777,79499,mid,236,57677,bot,157,53446,mid,238,39054,mid,51,16702,bot,86,10774,top,119,10261,bot,23,7102,top,39,6599,top,12,4465,sup,432,2980,sup,16,2979,sup
350,229357,sup,117,222945,sup,16,211918,sup,103,63049,mid,28,47914,jg,10,42631,top,61,42456,mid,102,41908,jg,104,35382,jg,81,32078,bot,518,31611,mid,22,24995,bot,51,23741,bot,39,18057,top,74,17519,top
39,259057,top,517,84782,mid,58,83431,top,126,70397,top,134,64325,mid,157,62792,mid,497,37065,sup,2,31013,jg,236,30706,bot,145,27474,bot,80,26790,sup,235,23446,sup,498,22790,bot,245,21546,jg,62,16689,jg
119,98666,bot,21,64625,bot,96,43079,bot,55,19303,mid,246,16204,mid,104,15900,jg,63,14418,sup,114,12873,top,238,12783,mid,121,12004,jg,235,11850,sup,11,10422,jg,50,6127,sup,17,5863,top,875,3929,top
6,439064,top,516,416447,top,240,304412,top,517,82493,mid,777,82090,mid,3,52824,mid,202,41420,bot,51,34800,bot,81,34403,bot,254,33122,jg,412,28357,sup,32,24800,sup,141,21067,jg,78,19285,jg,161,19030,sup
99,65867,sup,40,61895,sup,235,40959,sup,145,14640,bot,22,14220,bot,81,13441,bot,7,7095,mid,427,5528,jg,234,5103,jg,1,4901,mid,103,4785,mid,266,3100,top,876,2716,jg,54,2267,top,27,1975,top
119,288153,bot,81,95060,bot,412,93063,sup,64,86383,jg,18,80568,bot,114,68398,top,104,63865,jg,5,57251,jg,126,52557,top,7,52215,mid,54,41569,top,117,40289,sup,105,40014,mid,12,38324,sup,246,36502,mid
104,263574,jg,60,118162,jg,106,112813,top,412,108494,sup,121,100212,jg,80,93543,sup,25,90427,sup,517,61240,mid,68,54565,top,81,35075,bot,222,32992,bot,29,26868,bot,4,23918,mid,157,19346,mid,98,17066,top
145,566114,bot,81,402345,bot,236,313476,bot,497,127758,sup,235,121281,sup,412,120772,sup,157,99582,mid,39,46236,top,84,42016,top,64,35944,jg,246,33257,mid,134,26521,mid,98,9990,top,203,7667,jg,78,6628,jg
222,195964,bot,145,95469,bot,15,88546,bot,7,59412,mid,134,33411,mid,91,32162,jg,4,22859,mid,235,17161,sup,92,16142,top,104,12131,jg,64,10418,jg,84,8716,top,31,5693,top,412,4629,sup,555,3450,sup
99,433495,sup,16,252869,sup,117,229192,sup,103,160242,mid,518,82208,mid,142,67594,mid,51,48116,bot,222,42310,bot,22,25303,bot,17,18970,top,10,15086,top,163,13204,jg,876,11266,jg,74,10432,top,30,9604,jg
67,78895,bot,64,77855,jg,6,73029,top,54,61676,top,96,57919,bot,236,56110,bot,157,53371,mid,421,48271,jg,82,45334,top,203,42197,jg,412,41370,sup,238,34388,mid,40,29903,sup,57,29390,sup,3,27676,mid
7,162349,mid,245,136147,jg,91,68935,jg,4,56795,mid,112,53017,mid,64,49614,jg,126,24599,top,236,21404,bot,79,21065,top,99,17041,sup,266,15218,top,555,7461,sup,101,6411,sup,81,5465,bot,110,4892,bot
236,361120,bot,67,310758,bot,145,257160,bot,84,161311,top,266,109325,top,104,80659,jg,105,61655,mid,13,49924,mid,121,43358,jg,875,42114,top,112,35239,mid,245,33259,jg,32,16278,sup,235,15415,sup,25,11557,sup
91,363547,jg,90,187269,mid,875,154577,top,42,117132,mid,20,87281,jg,103,79938,mid,89,64289,sup,14,53340,top,101,50365,sup,111,46845,sup,58,42586,top,22,33289,bot,202,31964,bot,15,29989,bot,19,29730,jg
64,192074,jg,245,181665,jg,164,153651,top,157,144195,mid,105,128483,mid,104,122076,jg,246,116926,mid,145,113945,bot,81,103763,bot,41,85287,top,114,72840,top,555,67220,sup,236,61434,bot,432,22203,sup,235,12502,sup
145,169273,bot,81,134363,bot,235,86671,sup,498,63598,bot,8,52322,mid,126,46465,top,10,42403,top,133,42092,top,117,42050,sup,350,37246,sup,38,34187,mid,13,33330,mid,141,20550,jg,104,17293,jg,120,16829,jg
164,239818,top,114,197465,top,104,163999,jg,145,116374,bot,60,114874,jg,126,106265,top,119,106073,bot,67,87679,bot,238,50948,mid,55,46169,mid,76,35960,jg,246,33995,mid,235,9465,sup,63,5163,sup,80,3825,sup
107,116279,top,84,112479,top,517,94434,mid,777,84860,mid,121,72469,jg,157,61590,mid,39,47862,top,29,45227,bot,104,37368,jg,236,26803,bot,120,22383,jg,147,21020,sup,43,20514,sup,360,17106,bot,50,14697,sup
29,1108769,bot,236,549638,bot,18,280705,bot,235,84591,sup,121,63233,jg,55,19213,mid,105,18267,mid,104,15221,jg,11,14569,jg,63,10798,sup,99,9930,sup,85,9891,top,17,9237,top,75,8425,top,157,7005,mid
161,139336,sup,99,63699,sup,1,49955,mid,121,46142,jg,245,42120,jg,91,32066,jg,16,27186,sup,54,16691,top,45,15261,mid,236,14722,bot,21,13153,bot,22,11793,bot,10,11644,top,122,11096,top,8,7404,mid
81,460606,bot,67,172575,bot,51,148824,bot,412,89850,sup,61,61299,mid,64,50912,jg,235,33392,sup,142,29689,mid,53,28774,sup,13,28199,mid,154,21580,jg,420,19005,top,114,16367,top,203,14666,jg,41,13987,top
122,964172,top,41,687916,top,23,90567,top,2,42553,jg,64,29086,jg,59,25073,jg,202,19300,bot,157,17983,mid,112,15406,mid,236,14735,bot,412,11352,sup,7,8784,mid,201,8731,sup,53,6405,sup,119,5266,bot
876,1024725,jg,141,581631,jg,555,110555,sup,234,95011,jg,887,88462,top,517,77660,mid,142,67674,mid,236,35033,bot,360,23272,bot,157,21481,mid,523,21355,bot,107,20780,top,84,14985,top,235,10295,sup,32,7557,sup
141,149680,jg,120,34779,jg,59,29814,jg,21,23734,bot,202,15518,bot,157,13728,mid,12,11653,sup,111,11391,sup,51,10040,bot,17,9614,top,412,8714,sup,24,5705,top,54,3064,top,55,1966,mid,4,1903,mid
267,91508,sup,37,74886,sup,117,68622,sup,45,49090,mid,17,43419,top,876,17308,jg,234,12758,jg,29,11852,bot,28,10024,jg,1,9907,mid,18,9096,bot,51,8745,bot,7,8544,mid,75,4207,top,114,3162,top
127,330307,mid,61,298709,mid,142,272405,mid,89,132188,sup,117,85900,sup,56,84974,jg,25,76581,sup,85,62240,top,131,38784,jg,39,36473,top,234,24635,jg,54,23570,top,115,19110,bot,236,6342,bot,21,4980,bot
51,82743,bot,202,81774,bot,145,79885,bot,103,34925,mid,235,33808,sup,412,32892,sup,157,31832,mid,104,24672,jg,245,18729,jg,60,18642,jg,134,17342,mid,39,12270,top,875,11803,top,40,9758,sup,82,8029,top
235,347560,sup,18,277808,bot,67,276343,bot,222,169488,bot,106,39857,top,55,39631,mid,19,34307,jg,99,26655,sup,157,21183,mid,201,18455,sup,121,16159,jg,1,14537,mid,17,14336,top,39,11137,top,35,8900,jg
202,304980,bot,67,255595,bot,145,252466,bot,203,105031,jg,516,74336,top,141,72453,jg,41,59563,top,39,55946,top,497,55171,sup,64,52568,jg,235,51808,sup,555,47389,sup,246,36962,mid,517,27656,mid,4,27219,mid
107,88734,top,38,44189,mid,55,43793,mid,29,40585,bot,8,32850,mid,523,31201,bot,91,29033,jg,121,28819,jg,64,28334,jg,81,26149,bot,92,21689,top,39,19140,top,43,9893,sup,412,7192,sup,117,6443,sup
245,170938,jg,39,130634,top,104,130622,jg,131,62387,jg,157,45396,mid,114,39916,top,38,38215,mid,67,36503,bot,517,34973,mid,122,32641,top,81,23921,bot,236,22549,bot,80,21339,sup,111,12302,sup,555,10433,sup
142,1013628,mid,99,197898,sup,350,182931,sup,246,165717,mid,55,152567,mid,147,152188,sup,84,76519,top,39,58047,top,887,52745,top,115,23784,bot,21,23002,bot,360,20437,bot,163,13750,jg,76,13541,jg,28,13074,jg
98,123410,top,82,95802,top,8,92422,mid,56,83814,jg,62,48088,jg,777,33997,mid,106,29003,top,64,19807,jg,157,18617,mid,53,14978,sup,202,7075,bot,57,6836,sup,236,3654,bot,32,3017,sup,67,756,bot
81,160797,bot,145,130754,bot,523,100984,bot,12,46257,sup,235,44081,sup,157,19793,mid,64,18222,jg,13,15347,mid,92,10214,top,40,9169,sup,59,5933,jg,245,3159,jg,4,2009,mid,107,447,top,54,153,top
141,801997,jg,238,200595,mid,157,183188,mid,234,179457,jg,39,162840,top,245,121447,jg,22,106961,bot,24,102277,top,202,84853,bot,67,82439,bot,55,81007,mid,122,76245,top,555,69470,sup,497,28402,sup,235,15205,sup
235,117120,sup,119,104606,bot,360,87191,bot,81,66981,bot,84,49825,top,39,38041,top,58,32078,top,104,29064,jg,203,27517,jg,38,23074,mid,117,22625,sup,517,18155,mid,134,17347,mid,62,15191,jg,350,13331,sup
74,433125,top,81,273899,bot,51,252785,bot,21,135343,bot,235,82083,sup,875,38199,top,147,33689,sup,79,30222,top,45,25531,mid,43,23166,sup,234,11335,jg,69,9387,mid,166,9009,mid,78,8000,jg,64,7915,jg
64,369360,jg,104,342239,jg,121,167369,jg,32,41169,sup,79,37581,top,106,18022,top,887,16757,top,25,13804,sup,7,4155,mid,3,3879,mid,111,1831,sup,127,1709,mid,22,1570,bot,360,1380,bot,236,1044,bot
202,228084,bot,81,135155,bot,51,114920,bot,497,67276,sup,235,29502,sup,555,28888,sup,157,28649,mid,75,27839,top,517,22157,mid,131,17435,jg,10,16878,top,141,16170,jg,20,16003,jg,54,14956,top,238,14269,mid
157,132504,mid,222,123834,bot,202,85623,bot,81,74901,bot,39,50371,top,412,44915,sup,61,33502,mid,150,33307,top,111,17849,sup,13,17832,mid,84,15453,top,32,14839,sup,245,10675,jg,64,9269,jg,154,5666,jg
412,309855,sup,111,172228,sup,89,123054,sup,223,88528,top,875,79920,top,3,66085,mid,79,39129,top,81,34848,bot,202,21831,bot,154,19841,jg,9,8776,jg,42,7917,mid,48,7287,jg,236,6377,bot,711,6124,mid
141,512524,jg,92,365132,top,64,317572,jg,157,262607,mid,8,196568,mid,67,137778,bot,238,124085,mid,875,107923,top,39,90784,top,81,77433,bot,104,51456,jg,236,49878,bot,25,39938,sup,412,39538,sup,497,38447,sup
350,270909,sup,117,131092,sup,99,120866,sup,17,115062,top,164,67869,top,145,67349,bot,21,45132,bot,104,33858,jg,30,33318,jg,55,31920,mid,76,31195,jg,81,28548,bot,103,27968,mid,518,15768,mid,39,14129,top
105,102023,mid,39,68002,top,84,51951,top,64,45313,jg,7,42867,mid,245,42175,jg,145,40569,bot,78,38714,jg,8,35887,mid,164,34172,top,360,33782,bot,236,31498,bot,412,14954,sup,235,9521,sup,53,8826,sup
91,398782,jg,62,336207,jg,59,316032,jg,236,83969,bot,266,72226,top,24,51567,top,84,49961,top,21,39063,bot,13,35409,mid,38,32609,mid,111,26311,sup,32,26147,sup,112,25922,mid,16,21607,sup,202,15382,bot
80,173007,sup,516,163545,top,238,159517,mid,131,140554,jg,39,114536,top,202,59013,bot,105,51817,mid,84,48002,top,555,40489,sup,64,37660,jg,777,37397,mid,412,35481,sup,104,34875,jg,81,17063,bot,22,10683,bot
14,141347,top,122,117896,top,8,117582,mid,54,112698,top,517,36048,mid,78,34426,jg,62,28243,jg,412,14725,sup,67,14704,bot,81,14184,bot,117,10924,sup,3,10428,mid,16,9347,sup,154,9108,jg,21,5237,bot
350,426130,sup,117,233086,sup,267,118300,sup,91,66941,jg,131,34353,jg,84,30648,top,238,28183,mid,76,25960,jg,21,19877,bot,103,18992,mid,517,17610,mid,92,16180,top,17,12849,top,22,12519,bot,29,8367,bot
82,291525,top,39,216525,top,164,210844,top,777,158668,mid,62,139710,jg,157,119740,mid,69,105943,mid,11,61027,jg,120,58005,jg,80,34357,sup,25,32553,sup,161,29348,sup,67,22809,bot,81,19915,bot,222,19633,bot
51,56280,bot,81,51256,bot,523,43113,bot,101,19431,sup,412,15489,sup,235,5578,sup,92,3096,top,203,2708,jg,64,1747,jg,13,1717,mid,20,1664,jg,68,1384,top,83,1337,top,4,1158,mid,166,1042,mid
157,878961,mid,266,140892,top,39,137871,top,84,123430,top,64,107168,jg,8,92216,mid,238,81310,mid,104,39968,jg,99,32292,sup,429,31229,bot,11,21707,jg,202,17772,bot,119,15532,bot,412,9725,sup,555,2752,sup
245,297734,jg,104,150430,jg,50,101149,sup,25,64457,sup,203,61117,jg,24,53932,top,27,46747,top,107,33662,top,81,33181,bot,236,30504,bot,99,25425,sup,1,23466,mid,105,22023,mid,517,15077,mid,21,10258,bot
60,108093,jg,145,103090,bot,51,97120,bot,131,94048,jg,67,79428,bot,245,69374,jg,7,68963,mid,89,56016,sup,235,54598,sup,412,54222,sup,79,50677,top,103,46565,mid,157,38281,mid,84,34024,top,114,27708,top
412,59333,sup,29,54883,bot,555,39736,sup,81,31224,bot,35,30597,jg,350,28069,sup,3,23279,mid,67,22488,bot,518,20425,mid,131,18159,jg,14,16752,top,38,15157,mid,62,13593,jg,79,10047,top,82,8042,top
145,133855,bot,235,98662,sup,147,88954,sup,360,82488,bot,526,62219,sup,875,61981,top,523,53790,bot,84,30695,top,39,25825,top,711,11516,mid,134,7987,mid,777,6561,mid,876,1685,jg,203,1468,jg,163,1230,jg
412,635578,sup,350,274154,sup,53,160631,sup,103,78984,mid,81,68837,bot,157,55342,mid,64,40469,jg,7,29860,mid,67,24336,bot,236,16915,bot,48,14203,jg,104,3586,jg,58,3360,top,92,2722,top,74,1513,top
84,161127,top,55,52375,mid,13,50879,mid,887,44354,top,555,42711,sup,142,42137,mid,234,36297,jg,81,31084,bot,245,26758,jg,126,24467,top,236,23142,bot,221,20439,bot,235,16407,sup,147,15067,sup,64,10242,jg
122,517155,top,875,97869,top,11,94504,jg,266,77613,top,64,62351,jg,245,52797,jg,236,24019,bot,80,16998,sup,8,12734,mid,157,12713,mid,517,10086,mid,145,8681,bot,81,7643,bot,53,4131,sup,555,3336,sup
98,1172416,top,24,271685,top,157,76715,mid,84,62819,top,245,29613,jg,8,28562,mid,53,20146,sup,517,15490,mid,350,14967,sup,101,14676,sup,81,13407,bot,141,12307,jg,56,10990,jg,119,7660,bot,145,7129,bot
145,301326,bot,29,192565,bot,245,150420,jg,8,120659,mid,67,112081,bot,64,96947,jg,92,87772,top,131,79369,jg,350,62593,sup,55,61032,mid,157,52426,mid,164,48312,top,412,44736,sup,555,44171,sup,84,44148,top
28,359857,jg,350,223085,sup,555,143705,sup,1,135109,mid,39,117084,top,60,105628,jg,102,92720,jg,99,73882,sup,246,69463,mid,22,43657,bot,360,42825,bot,142,41434,mid,81,35066,bot,10,16868,top,164,15344,top
