,lane,top1,top_dist1,top2,top_dist2,top3,top_dist3,jg1,jg_dist1,jg2,jg_dist2,jg3,jg_dist3,mid1,mid_dist1,mid2,mid_dist2,mid3,mid_dist3,bot1,bot_dist1,bot2,bot_dist2,bot3,bot_dist3,sup1,sup_dist1,sup2,sup_dist2,sup3,sup_dist3
Aatrox,top,Darius,0.027551905017821884,Sett,0.028557178693102328,Camille,0.0328226161696316,LeeSin,0.01908109103434728,Kayn,0.020207352809294404,Graves,0.025277197649908895,Yasuo,0.014438107936018069,Sylas,0.015105796717111175,Zed,0.02515307264943244,Ezreal,0.011396551382381305,Lucian,0.01583315498941389,Jhin,0.016731461917905536,Pantheon,0.014141753698249406,Thresh,0.01944009548117776,Pyke,0.020829589181113006
Ahri,mid,Akali,0.01104962889904768,Irelia,0.013225926869296968,Teemo,0.02361434593753728,LeeSin,0.01706448659310325,Diana,0.01849866908079293,Evelynn,0.02113022072674359,Yasuo,0.021219387767554544,Neeko,0.026563227021673536,Leblanc,0.028406783224850494,Ezreal,0.009991053968597232,MissFortune,0.013628514365654466,Kaisa,0.015433992550566792,Lux,0.0076013600231622375,Morgana,0.019665094889367785,Thresh,0.01992729373312006
Akali,top,Irelia,0.006434520383408924,Sett,0.019888943641119372,Camille,0.02727219256586106,LeeSin,0.00804577292319139,Ekko,0.010699508502698138,Kayn,0.012926111808283057,Yasuo,0.006262646478202542,Sylas,0.008531016502512073,Zed,0.010937417813910446,Ezreal,0.0053443966767642735,Kaisa,0.008008096491000665,Lucian,0.009041335424357599,Pyke,0.007671056229474214,Pantheon,0.008550630838427201,Lux,0.009105820650866878
Akshan,mid,Gwen,0.10441764036121547,Sett,0.12832084575094665,Irelia,0.1834783922623353,Viego,0.11496171983941601,Graves,0.11837872658897503,LeeSin,0.15247939231264782,Yasuo,0.12716516232616246,Yone,0.129440788080248,Sylas,0.13090149134170342,Ezreal,0.06582788306538265,Vayne,0.1326481052462009,Lucian,0.13288774722208593,Senna,0.11493376773212888,Thresh,0.15007643038010435,Morgana,0.15399796117983924
Alistar,sup,Shen,0.048110631160342046,Malphite,0.049135733379809615,TahmKench,0.054096677671158916,LeeSin,0.03327621071227819,MasterYi,0.049018760196864394,JarvanIV,0.05562982925769878,Galio,0.02810439744965047,Yasuo,0.037425719120610275,Zed,0.04678450687328157,Ezreal,0.023931906733392017,Ashe,0.04103415124750334,Tristana,0.04275362658485779,Thresh,0.030236502467025726,Nautilus,0.055322411048235307,Rakan,0.0625172763547945
Amumu,sup,Malphite,0.06572263773741367,DrMundo,0.10373367153537244,Volibear,0.11482935030765365,LeeSin,0.09201338982586961,Rammus,0.09220186416250448,MasterYi,0.10223265073672977,Veigar,0.058725406084093254,Annie,0.09538914124172869,Ahri,0.11521265593229141,Ezreal,0.06602312916499047,Ashe,0.08609529363880974,MissFortune,0.0863085196307461,Blitzcrank,0.06520718492378187,Lux,0.09815348892407644,Pyke,0.17469277540881198
Anivia,mid,Irelia,0.05085660895864222,Teemo,0.055004777334747214,Akali,0.055594213874442924,LeeSin,0.04128333180175726,Ekko,0.04184861189057094,Khazix,0.06710829623087981,Yasuo,0.041943392561642506,Orianna,0.05181831646945641,Veigar,0.07228375461312685,Ezreal,0.021714981045532666,Vayne,0.042489017368267386,Ashe,0.047962389582590276,Lux,0.0320728243714181,Thresh,0.04041471027883283,Blitzcrank,0.04738980207702753
Annie,mid,Malphite,0.07958929222527551,Nasus,0.09280311580249993,Kayle,0.09442118962187063,LeeSin,0.09261943001954662,MasterYi,0.0942552100870742,Evelynn,0.11515115528098593,Yasuo,0.07146841540706936,Veigar,0.08216620272835594,Orianna,0.11519096966743878,Ezreal,0.053874875987333114,Twitch,0.06251702186850412,Ashe,0.07831713745478856,Lulu,0.07678761441664055,Lux,0.08443855947256469,Blitzcrank,0.0935049867692015
Aphelios,bot,Irelia,0.029044470386895824,Akali,0.032982106637676686,Sett,0.049368970272542285,Graves,0.03611912832036236,LeeSin,0.0367619263443451,Ekko,0.047821760388350655,Yasuo,0.02863620919651757,Sylas,0.033421408085663774,Yone,0.0467147795626369,Kaisa,0.02660885613323678,Ezreal,0.03289457179987689,Jhin,0.041368719760779535,Senna,0.025395598816648348,Thresh,0.03966388827697289,Pyke,0.05778213156499212
Ashe,bot,Teemo,0.027144439743592153,Kayle,0.04779565261601576,Irelia,0.05165845976660072,MasterYi,0.030940430978405983,Kayn,0.041362150611782146,LeeSin,0.047567091749288005,Veigar,0.025337675806208115,Ahri,0.02653635027610291,Yasuo,0.030190058158824078,Caitlyn,0.025549452775477377,MissFortune,0.030927890692072416,Kaisa,0.03463765907709572,Lux,0.018677379467527084,Morgana,0.026521146630570563,Senna,0.02708833297263245
AurelionSol,mid,Teemo,0.13366834975890318,Akali,0.15312118976620318,Irelia,0.1576266620201481,LeeSin,0.11536376016969176,Ekko,0.11815126952582483,Warwick,0.13601424379830723,Yasuo,0.1286169739864579,TwistedFate,0.16844106947926768,Zoe,0.17923637540959117,Jhin,0.077559283083663,Ezreal,0.0787022969151245,Twitch,0.14577443191774436,Xerath,0.1035564292986881,Lulu,0.10394890967051915,Thresh,0.1197181988137711
Azir,mid,Irelia,0.08385226119023818,Gangplank,0.09318909046105542,Akali,0.10553295824016842,LeeSin,0.05074603779526915,Ekko,0.0933153372965279,Taliyah,0.11441204833482399,Yasuo,0.09741031129607824,Viktor,0.11802531712677879,Zed,0.11885804890881439,Ezreal,0.058059347270104006,Lucian,0.07065667720891912,Vayne,0.07189352369888934,Thresh,0.04377848397216858,Pantheon,0.08011914787208933,Velkoz,0.10428467375980925
Bard,sup,Gragas,0.04046010109683185,Sett,0.05409821397297062,Akali,0.06615265788734158,LeeSin,0.027945294964200448,Graves,0.05241912391813752,Ekko,0.05283815205558672,Yasuo,0.029110340889143223,Galio,0.05011681988607991,Ryze,0.05196912247182358,Ezreal,0.01730423861139244,Jhin,0.03184802875394043,Caitlyn,0.037945752392965694,Thresh,0.024586873332379276,Pyke,0.03770969460486393,Senna,0.045259013248974723
Blitzcrank,sup,Malphite,0.01558222391835205,Teemo,0.019078787867656873,Garen,0.02421910397607542,LeeSin,0.010778264134534577,MasterYi,0.01707373107881168,Warwick,0.025277155714671335,Yasuo,0.00929544472954454,Zed,0.014674602723796396,Veigar,0.01760787813742587,Ezreal,0.00748467291293058,Ashe,0.016223652830727457,Lucian,0.016829940425174456,Thresh,0.010258456710486238,Pyke,0.0216607226107924,Lux,0.023067329097607347
Brand,sup,Malphite,0.03399739295615042,Teemo,0.034345737746485756,Garen,0.05414212319048523,MasterYi,0.04711628642877517,Kayn,0.04865886377991916,LeeSin,0.0492874306325075,Veigar,0.019577499735633084,Annie,0.045823588473264586,Yasuo,0.055158399811739436,MissFortune,0.02745419931458291,Ashe,0.028108723538384284,Ezreal,0.028182182645408962,Lux,0.03194744754011201,Morgana,0.04578606389104511,Amumu,0.07611133133202179
Braum,sup,Shen,0.153796754761188,Gragas,0.1595212007402556,Mordekaiser,0.1818076432089989,LeeSin,0.11351873617176814,JarvanIV,0.13889852288610474,Graves,0.18990221882228955,Galio,0.10385755486133787,Yasuo,0.1040636124125017,Zed,0.14907241652812875,Ezreal,0.0626583307501753,Lucian,0.10320085915394556,Ashe,0.12024482762094,Thresh,0.08182700020958944,Leona,0.13368017433079654,Alistar,0.1361811498090424
Caitlyn,bot,Teemo,0.01834493126484734,Malphite,0.022530615510546453,Jax,0.02634981623817198,LeeSin,0.013186308814703415,MasterYi,0.01589815959497223,Graves,0.018863365167577167,Yasuo,0.015377323321458972,Veigar,0.0167395721000297,Ahri,0.017725310091816413,Ezreal,0.010656191223854136,Kaisa,0.015113008008459163,Ashe,0.017952022053983135,Lux,0.010450594857321078,Thresh,0.013547263985227948,Senna,0.013881087064574946
Camille,top,Fiora,0.018621445293789226,Irelia,0.01977850856615205,Akali,0.025750529978810062,LeeSin,0.013518504700564198,MonkeyKing,0.019591971118870857,Graves,0.021670845205380686,Sylas,0.013291771566335178,Vladimir,0.013389620539766216,Yasuo,0.01422561224747419,Ezreal,0.00911639668802734,Lucian,0.014180955721280513,Kaisa,0.017194712710870304,Thresh,0.018649428128661844,Pantheon,0.021801725426731006,Pyke,0.022716423201615592
Cassiopeia,mid,Akali,0.0253408848087208,Irelia,0.0298428646893638,Jax,0.04478784012050858,LeeSin,0.030158143045253615,Ekko,0.03769213353697257,Kayn,0.04900030776692209,Yasuo,0.028055263514735102,Ryze,0.04924953133422477,Veigar,0.051087914592217926,Ezreal,0.019288049467402528,Vayne,0.032756556727389155,Lucian,0.033487922105528284,Velkoz,0.023259647924530252,Lux,0.026537362640398313,Thresh,0.03496841118079694
Chogath,top,Malphite,0.08163647520129198,Nasus,0.08903313136403361,Darius,0.1260208573682838,MasterYi,0.06251519537169249,Warwick,0.07053343350031505,LeeSin,0.09249979208751176,Veigar,0.03913517230962527,Yasuo,0.05210964022748257,Galio,0.08232976972686289,Ezreal,0.0429983452726438,Ashe,0.05290744482660208,MissFortune,0.06324732844330418,Blitzcrank,0.05330572106862115,Lux,0.06152715770976339,Soraka,0.07737483945560521
Corki,mid,Akali,0.22969417305768014,Fiora,0.30005218574768877,Teemo,0.4553482890591044,Ekko,0.2357322049335182,Poppy,0.3209606401245874,Warwick,0.42236237827842715,Veigar,0.22407864885968137,Sylas,0.3075459132983149,Viktor,0.42148985005565504,Ezreal,0.15691196425387824,Lucian,0.23307354731752108,MissFortune,0.3154370149383799,Lux,0.18255077086774624,Pyke,0.31348675965888756,Amumu,0.3211316980272665
Darius,top,Garen,0.012811023939781086,Sett,0.013655843312558718,Aatrox,0.014585005444185855,MasterYi,0.006157263829641751,LeeSin,0.006339513168292469,Kayn,0.009248668588640261,Yasuo,0.0039233547599945,Zed,0.0063156361780683686,Sylas,0.008971661822333419,Ezreal,0.005529777722815789,Jhin,0.00680964268314628,Lucian,0.007351948303225163,Pantheon,0.006974450041139118,Pyke,0.0069751163446590304,Blitzcrank,0.007467883235240543
Diana,jg,Akali,0.016680311413736323,Irelia,0.018042423347577066,Garen,0.03461666719715609,Kayn,0.03031709466520671,MasterYi,0.03242800958256772,Ekko,0.03474607900845795,Yasuo,0.01673094352032077,Ahri,0.029742690352725514,Sylas,0.029993640714097148,Ezreal,0.01497818065801584,Lucian,0.02060207221825745,Kaisa,0.02206240532073183,Lux,0.020180019925735145,Pantheon,0.024409852603973933,Morgana,0.03140255117917658
Draven,bot,Rengar,0.01885500491098703,Jax,0.020683094066548825,Darius,0.021643303888943463,LeeSin,0.011649050591831531,Graves,0.015431328230612206,MasterYi,0.016225173533131045,Yasuo,0.007351353535222295,Zed,0.014614930415063837,Katarina,0.020717234135003513,Vayne,0.011669310419784001,Twitch,0.017527760011255774,Jhin,0.017909038847121285,Thresh,0.011545868589479258,Senna,0.015182439210495554,Pyke,0.017331053013752012
DrMundo,top,Jax,0.14067949780782926,Garen,0.14404772126845197,Volibear,0.16923641903282713,Warwick,0.10196226676862481,XinZhao,0.10480079804811136,MasterYi,0.11346183318444693,Veigar,0.06843156649150157,Fizz,0.10535769781541443,Yasuo,0.11725636077011294,Twitch,0.09329417210952616,Jhin,0.09438233236256985,MissFortune,0.0953780035916273,Amumu,0.08575224849133588,Blitzcrank,0.08727990631577233,Pyke,0.1182600714469157
Ekko,jg,Akali,0.008194078672269475,Irelia,0.012050955141241023,Jax,0.014423348783969659,LeeSin,0.009716262387088304,Kayn,0.011522789355608569,Graves,0.015325015338763666,Yasuo,0.005839703933228279,Zed,0.008709091252444819,Sylas,0.008748315367173395,Ezreal,0.005239059802855464,Jhin,0.0075331801200942605,Lucian,0.009696150564444332,Pyke,0.008005131984237895,Lux,0.009470168706435004,Pantheon,0.011733554333551194
Elise,jg,Gragas,0.03515034892840184,Camille,0.04601571979076214,Jayce,0.06748406283708262,LeeSin,0.026966433585018386,Khazix,0.07106215997486913,Nidalee,0.07712070278997239,Sylas,0.04710013891260119,Leblanc,0.05000952765520373,Ahri,0.05563797685432054,Ezreal,0.02067406583181066,Lucian,0.032563689942357976,Vayne,0.037891611274599196,Thresh,0.02677824924619267,Blitzcrank,0.0478405227424808,Morgana,0.05908171494363927
Evelynn,jg,Akali,0.02436233363936262,Irelia,0.02833027717217512,Jax,0.033168512155830415,Kayn,0.022455792853289417,Khazix,0.03949246852077039,LeeSin,0.056986730048979625,Yasuo,0.022519066107645144,Ahri,0.0251110740151421,Sylas,0.03903881736596269,Ezreal,0.020860867713210735,Kaisa,0.02190747017507926,Jhin,0.025180444527665564,Lux,0.014378986801553344,Morgana,0.022519945983499247,Pyke,0.02715890160974118
Ezreal,bot,Irelia,0.003319811300778749,Akali,0.003937693848583458,Riven,0.00492500784518114,LeeSin,0.0013947802169505573,Graves,0.0027001430633328775,Ekko,0.003983878355493402,Yasuo,0.0018333431766512818,Zed,0.0029933424007152765,Sylas,0.004459721003457445,Kaisa,0.0021098332812021867,Lucian,0.002540936656738058,Vayne,0.0030959320139516485,Thresh,0.0020106988648294047,Blitzcrank,0.0026484783477451843,Senna,0.002929917746310323
Fiddlesticks,jg,Volibear,0.06688780632944873,Malphite,0.08501872786585588,Teemo,0.09140631407761436,Kayn,0.09182606970550036,Warwick,0.12749091444125682,Ekko,0.14346218221532672,Veigar,0.05561226269654956,Yasuo,0.06230817888625518,Sylas,0.07970622186784763,Jhin,0.05269730447168001,Ezreal,0.05590943086343626,MissFortune,0.06387193660752541,Thresh,0.07074264878254857,Blitzcrank,0.07956663743682811,Lux,0.08421875988444957
Fiora,top,Camille,0.026985835116264248,Irelia,0.02756481102763955,Akali,0.03527380962041645,LeeSin,0.016558303648381376,Ekko,0.024783712038817858,Graves,0.025387849329262146,Yasuo,0.0121914623999074,Vladimir,0.023886243404812622,Sylas,0.026452556816673873,Ezreal,0.013512183104454836,Vayne,0.01753331491696132,Lucian,0.021811526798426666,Thresh,0.01812502563612064,Lux,0.023989699312209727,Blitzcrank,0.03176592482717983
Fizz,mid,Akali,0.02112146068151549,Jax,0.024532697349296893,Irelia,0.029031708320616093,LeeSin,0.01649917365824715,Ekko,0.01725633496775049,Talon,0.02748212013287972,Yasuo,0.016449047653512266,Zed,0.0206046885204384,Ahri,0.04742356421326644,Ezreal,0.01294339193082104,Lucian,0.018919077227611606,Vayne,0.02142766696811638,Blitzcrank,0.018744431400437248,Lux,0.019006717478446646,Thresh,0.0245429007022862
Galio,mid,Akali,0.048211635412817234,Malphite,0.05845311305867498,Mordekaiser,0.07757363285964206,Warwick,0.07201471387358652,Diana,0.0740809558760523,LeeSin,0.0791267601594106,Ahri,0.060460569194337975,Sylas,0.06885854812420447,Veigar,0.07830937665614705,Ezreal,0.032761851527303903,Ashe,0.041539020915140286,Jhin,0.042877071147023535,Lux,0.04482655626221678,Pantheon,0.051992407816179226,Nautilus,0.05548254747208221
Gangplank,top,Darius,0.04621827069205616,Aatrox,0.050506651457137716,Jayce,0.050863258316436816,LeeSin,0.014591249868400704,Graves,0.02081899966301075,Ekko,0.02921322357630825,Yasuo,0.014341305077640108,Zed,0.021732513376016765,TwistedFate,0.024380760358205585,Ezreal,0.013924653092116105,Jhin,0.015107388707874633,Lucian,0.020251246817382135,Thresh,0.017345884242589676,Pyke,0.027382967738705934,Pantheon,0.0289354492885825
Garen,top,Darius,0.015050204183311917,Malphite,0.02116377318318011,Mordekaiser,0.02536782676798352,MasterYi,0.010136640417511476,Kayn,0.011915886917560755,Warwick,0.014645612018827815,Yasuo,0.007826743443175582,Veigar,0.008585906201288735,Yone,0.015603482715077303,MissFortune,0.0093037042425923,Ashe,0.009560104969259178,Ezreal,0.010204470435643005,Lux,0.008642440081834938,Blitzcrank,0.010689735082795486,Pantheon,0.013453973462999083
Gnar,top,Kennen,0.10924814165833532,Teemo,0.11120503805956164,Renekton,0.11995562428143394,Poppy,0.052605761260369276,LeeSin,0.054301155921762136,Kayn,0.061653117125737796,Yasuo,0.023357045932310857,Sylas,0.05249844309738586,Vladimir,0.05474394028298263,Ezreal,0.02076886195866216,Jhin,0.037057030767429236,Ashe,0.04159041396239915,Thresh,0.040204284915241056,Lux,0.04705631126118924,Blitzcrank,0.04712541850749325
Gragas,top,Sion,0.08659002653702055,Camille,0.11442376013487587,Jax,0.13196494411515708,LeeSin,0.03192943743370093,Graves,0.04539198095222936,JarvanIV,0.1001983501499512,Yasuo,0.03564669366803696,Zed,0.054168111159624284,Galio,0.07285083813484992,Ezreal,0.029925873574894592,Jhin,0.04528395018464168,Vayne,0.0592644939991985,Blitzcrank,0.0405135879735238,Thresh,0.04602815057859838,Alistar,0.06753325234506309
Graves,jg,Gragas,0.017393309190356795,Akali,0.021272217015858977,Sett,0.021449439910566876,LeeSin,0.008457490829751604,Ekko,0.020956921968149116,Nidalee,0.024811045619791066,Yasuo,0.009787059473007453,Sylas,0.010189236545867238,Zed,0.015701239614493497,Ezreal,0.007451707583561142,Lucian,0.008994959357679331,Vayne,0.014591534199159355,Thresh,0.01243916362159276,Pantheon,0.014096567798395812,Senna,0.018033541323315812
Gwen,top,Camille,0.27202745918034094,Riven,0.6748122851456486,Renekton,0.7990157494932094,MonkeyKing,0.297650293788896,Kayn,0.42019901525395653,Graves,0.44002409935560216,Ahri,0.4725669956824432,Zed,0.4813946020340369,Yone,0.48390732851129903,Ezreal,0.30996634282528696,Lucian,0.31390554033102697,Caitlyn,0.44075855984672896,Karma,0.32390197555910955,Pantheon,0.4673003809038343,Sona,0.4683730300269613
Hecarim,jg,Volibear,0.04844060554634378,Jax,0.07043139478692952,Malphite,0.07835667827656707,LeeSin,0.05354379924656434,Ekko,0.10214009847850489,MasterYi,0.11377753116464887,Zed,0.050071895686671315,Sylas,0.05022912725014329,Yasuo,0.05756336596770455,Ezreal,0.03052780788924891,Jhin,0.049366187019005345,Lucian,0.05253659229248084,Amumu,0.04411362287630755,Blitzcrank,0.05377029235903947,Thresh,0.05461376300441431
Heimerdinger,top,Teemo,0.06485849114598195,Garen,0.11255005370037655,Malphite,0.11583411103454866,Karthus,0.08555785537720041,MasterYi,0.08609795988987837,LeeSin,0.119803128037685,Veigar,0.03882333975292733,Annie,0.08765326610312896,Malzahar,0.10063094419151562,Ezreal,0.05145593249234903,MissFortune,0.054215383793024326,Caitlyn,0.06657372448868204,Morgana,0.06645873266325848,Lux,0.06979944084620751,Blitzcrank,0.09351604781411901
Illaoi,top,Darius,0.0624957898468695,Garen,0.06692492455886345,Teemo,0.08301921339960963,MasterYi,0.04617858359201651,Kayn,0.05178795052696933,Warwick,0.05837393853708325,Yasuo,0.03490411480469992,Veigar,0.03921627832024582,Sylas,0.07795569402897573,Ezreal,0.03661618204340951,Jhin,0.04128383332964769,Vayne,0.05598903154619042,Blitzcrank,0.03999857154984073,Lux,0.04215524178843767,Pyke,0.05151961154979142
Irelia,top,Akali,0.007157848744002481,Camille,0.014199681422225661,Fiora,0.020741794233985186,LeeSin,0.005505141227807071,Graves,0.011440675446179827,Ekko,0.011921949272114742,Yasuo,0.005409918151212292,Sylas,0.007495327789021081,Zed,0.011890479266831233,Ezreal,0.0049808319373499535,Kaisa,0.00706544728644503,Lucian,0.0072246947090004645,Thresh,0.007952378722999899,Pantheon,0.010105203862872733,Pyke,0.010517787386452345
Ivern,jg,Chogath,0.18420842859806924,Volibear,0.1862695683744739,Gragas,0.1884065216473632,MasterYi,0.16435063732277808,Nunu,0.17238318518164014,LeeSin,0.18270060916297687,Yasuo,0.1310196258817062,Neeko,0.13717581545676757,Veigar,0.13786853972215635,Ezreal,0.08534075771752204,Jhin,0.09257813644411879,Twitch,0.10521321329500535,Blitzcrank,0.11561656086729728,Bard,0.1274067715908023,Nautilus,0.22895592947818433
Janna,sup,Teemo,0.027187872507512336,Malphite,0.034604466544920214,Kayle,0.04847769851240512,Evelynn,0.03961575436982757,LeeSin,0.044560294074421226,Nidalee,0.04798571290792479,Ahri,0.02443004957235249,Annie,0.03420047798535701,Orianna,0.03635122718402037,MissFortune,0.020283382406907146,Ashe,0.02263296820401281,Ezreal,0.026203423155982897,Nami,0.0280834516606251,Lulu,0.029637346090489358,Lux,0.03865493636133813
JarvanIV,jg,Gragas,0.049618495029605116,Malphite,0.06299331067221206,Jax,0.07126011023944813,LeeSin,0.046908348765870515,Nocturne,0.12143134351914257,MasterYi,0.12169126906814144,Yasuo,0.05608359145375781,Ahri,0.05614019961536779,Sylas,0.06319554364791793,Ezreal,0.023764703135284303,Lucian,0.04253101336515059,Caitlyn,0.05925050780506843,Thresh,0.05798677336436351,Nautilus,0.07154923347967271,Blitzcrank,0.07274547587408522
Jax,top,Darius,0.02300873262642601,Garen,0.02816442735820271,Malphite,0.03511260523563118,MasterYi,0.012599748225418927,LeeSin,0.014897837806448313,Kayn,0.016705655652197022,Yasuo,0.008607408249372006,Zed,0.017657765271950406,Vladimir,0.018746127433497833,Ezreal,0.01019137547786067,Vayne,0.014723528544393289,Lucian,0.018094414806804137,Blitzcrank,0.01587270700850558,Lux,0.01734999536427041,Pantheon,0.017745933549678863
Jayce,top,Irelia,0.031194061462438225,Camille,0.033064139454686316,Fiora,0.05474521354022828,LeeSin,0.01316537095964814,Graves,0.016802790240643854,Ekko,0.03513898797615357,Sylas,0.01789532066080193,Yasuo,0.023378966242847337,Zed,0.028386943723894886,Ezreal,0.012862679603808085,Lucian,0.01314644748144922,Vayne,0.027790529005975288,Thresh,0.022169469451283424,Pantheon,0.02751648440780476,Blitzcrank,0.035410323329127795
Jhin,bot,Akali,0.010194566182601455,Garen,0.011461427374445525,Teemo,0.012230987393656113,LeeSin,0.005904596807523598,Kayn,0.006121492090948728,MasterYi,0.007649762043360258,Yasuo,0.003746283550148976,Zed,0.006449870459076377,Veigar,0.007234431227197053,Ezreal,0.004499233849553776,Kaisa,0.006017820360865146,Caitlyn,0.0074270703622268865,Senna,0.004952820022656482,Thresh,0.005428967023117619,Lux,0.005634884686378924
Jinx,bot,Teemo,0.01722476758810017,Irelia,0.01829950533111386,Akali,0.021774056075322852,MasterYi,0.01221188823303901,LeeSin,0.012291195356829536,Graves,0.01664373597724122,Yasuo,0.010052886637755753,Ahri,0.015713938812428975,Veigar,0.017735890376100134,Ezreal,0.011896509003600286,Kaisa,0.014516541327649181,Vayne,0.014911378354725228,Lux,0.009046846480054355,Thresh,0.011408961959099233,Senna,0.01735339072003395
Kaisa,bot,Irelia,0.003788790019200066,Akali,0.003945405148064711,Camille,0.00959491677535405,LeeSin,0.0032393624118834136,Graves,0.005262923818656779,Ekko,0.0059853545423942086,Yasuo,0.0032390398466086126,Sylas,0.0057927259136783486,Zed,0.0072710862379996456,Ezreal,0.002554141783291727,Vayne,0.005096201556793171,Lucian,0.006431009671289536,Senna,0.002987640145775957,Thresh,0.004602611480957217,Lux,0.00699101779700062
Kalista,bot,Irelia,0.11663686239483272,Akali,0.18191913073201732,Kayle,0.18920335079877454,LeeSin,0.07754641612262958,Nidalee,0.10254160831741882,Graves,0.1159393432247001,Yasuo,0.0585824624043489,Orianna,0.15054929147235852,Sylas,0.18936553205317874,Ezreal,0.06871769172183662,Vayne,0.08835597127217215,Kaisa,0.10449077723517664,Thresh,0.0786567443056669,Senna,0.08659634142855926,Pyke,0.13559667595946795
Karma,sup,Teemo,0.05594560397938201,Malphite,0.059810000263487595,Kayle,0.08659176810333309,Poppy,0.08017649430585332,LeeSin,0.08414439643101226,Diana,0.10599324247079635,Ahri,0.06031930581633406,Galio,0.06398165853587695,Orianna,0.06892542782199194,Ezreal,0.0348093257417712,Ashe,0.03631779264136427,MissFortune,0.04401188208214652,Morgana,0.05307741156673538,Lulu,0.055352601011493995,Leona,0.09327476678585063
Karthus,jg,Heimerdinger,0.11810478082709765,Gangplank,0.13342272713445974,Malphite,0.1386932943809768,LeeSin,0.07900458339870961,Graves,0.11877585970465167,Shaco,0.17645845152562228,Veigar,0.09402982775868758,Yasuo,0.0943666321481253,TwistedFate,0.10251539474712364,Ezreal,0.04238429826392106,Caitlyn,0.07864320920529906,Lucian,0.08573649448879811,Thresh,0.08310472450409657,Xerath,0.10165344668448063,Blitzcrank,0.10377454493407917
Kassadin,mid,Jax,0.04836283440700684,Akali,0.050125145613111786,Kayle,0.07113409765023125,LeeSin,0.043863295974681735,Ekko,0.048272503559674364,Graves,0.04858095785078913,TwistedFate,0.0646252511604929,Zed,0.06603877518836493,Yasuo,0.07276449354658984,Ezreal,0.030098773846130113,Lucian,0.03257292734680629,Vayne,0.04040419030719639,Xerath,0.039391969765312805,Pantheon,0.05638739318982651,Lux,0.05839434508330697
Katarina,mid,Akali,0.0035026700663263726,Irelia,0.004217328634177858,Riven,0.007238395021233543,LeeSin,0.005074891227777235,MasterYi,0.0068295383419460605,Ekko,0.007110678394811086,Yasuo,0.003506480206407977,Zed,0.005631380545702734,Leblanc,0.019871800975817,Vayne,0.004363789631673938,Ezreal,0.0048312195581259225,Kaisa,0.006227206055063093,Lux,0.004334587889739038,Pyke,0.005538128661256085,Thresh,0.00615915333329809
Kayle,top,Irelia,0.09688074947365535,Garen,0.11195492680265128,Teemo,0.11243104992557908,MasterYi,0.051786107591760444,Graves,0.05595297371063624,Kayn,0.09454856965570896,Yasuo,0.0692621786892098,Sylas,0.08423970820500376,Yone,0.08492913497586559,Vayne,0.04633909420788765,Kaisa,0.0481112915659198,Ezreal,0.049120563559498544,Senna,0.040314817661975144,Lux,0.04977548091367838,Pantheon,0.06852445282831379
Kayn,jg,Akali,0.00862193553299342,Jax,0.009560072842158429,Sett,0.009616032800589397,MasterYi,0.009054486372945526,LeeSin,0.010662113172759531,Ekko,0.01160722877244702,Yasuo,0.003201784223668512,Zed,0.005741835740918824,Sylas,0.007878925397603327,Ezreal,0.004347765073528357,Jhin,0.004939946428884063,Kaisa,0.008451894194471059,Pyke,0.004462895280982724,Pantheon,0.0077699980255741645,Thresh,0.007837797554717035
Kennen,top,Rumble,0.1995652840760604,Quinn,0.21992358234269174,Gnar,0.2919919685535112,LeeSin,0.09380771572544352,Diana,0.15795096764544173,MonkeyKing,0.19278067960037942,Sylas,0.12791774606051706,Yasuo,0.132655368671345,Vladimir,0.14733241975744432,Ezreal,0.05432022945464285,Jhin,0.09474779372291409,Lucian,0.11867227241554415,Blitzcrank,0.13538772513563643,Alistar,0.18411753534243033,Zilean,0.18952078531945799
Khazix,jg,Rengar,0.014523065361604184,Jax,0.01753758835046331,Akali,0.029207538414881915,Kayn,0.016256638098585498,LeeSin,0.018656390252712082,MasterYi,0.027546621725091487,Yasuo,0.00969902031707286,Zed,0.013680184977545232,Sylas,0.02193767093805028,Ezreal,0.011297671548559677,Lucian,0.014573358515567708,Vayne,0.017231155278127235,Pyke,0.018367354717510734,Thresh,0.018847446288896567,Morgana,0.02140690555851853
Kindred,jg,Akali,0.05016746315570687,Camille,0.05826122298054043,Kayle,0.07252684533477011,LeeSin,0.0712176035774406,Graves,0.07325265866702635,Kayn,0.08337152629515397,Yasuo,0.042417488707771206,Sylas,0.05066226322552887,Katarina,0.07233041666781218,Ezreal,0.030981940014581568,Vayne,0.04239420616018248,Kaisa,0.05197122852210001,Pantheon,0.0455569509251024,Senna,0.04556924541589349,Pyke,0.055898955148649634
Kled,top,Camille,0.11676799091496556,Urgot,0.11921348565073168,Sett,0.1272431516945688,Kayn,0.05366639487949378,Ekko,0.06564846055765604,LeeSin,0.07187994669588359,Yasuo,0.045308239626866344,Sylas,0.051906101586821435,Vladimir,0.061443604578971724,Jhin,0.04219245052046282,Ezreal,0.043615008344369134,Lucian,0.06787180383752033,Pyke,0.03940697356313748,Pantheon,0.05492834003383861,Blitzcrank,0.06150419957885912
KogMaw,bot,Garen,0.1836516081377114,Rengar,0.18625248867857788,Kayle,0.18891743022230134,MasterYi,0.08557208295573501,Shaco,0.1767922488164086,LeeSin,0.230491930287963,Ryze,0.1049577596988128,Veigar,0.1346008060858081,Yasuo,0.15351160790551505,Twitch,0.11621429014060557,Ezreal,0.1244338100104929,Vayne,0.14737556471301091,Blitzcrank,0.10464953224569913,Senna,0.13722209906022165,Brand,0.1556523494371635
Leblanc,mid,Akali,0.010654006753653834,Irelia,0.011205081161417508,Jayce,0.02691912660779896,LeeSin,0.009404977421342942,Ekko,0.016697549331029193,Nidalee,0.02788598386552321,Zed,0.0231652972952387,Yasuo,0.025186148137772185,Syndra,0.03794580895099185,Ezreal,0.008296613388610185,Lucian,0.01217538757279687,Vayne,0.01807155567970082,Thresh,0.017468938138027083,Lux,0.017627657954967412,Blitzcrank,0.019398425641932383
LeeSin,jg,Gragas,0.003153524481321108,Irelia,0.003240030417771194,Riven,0.00369637042889022,Graves,0.0025292299470086642,Nidalee,0.0034188002577244633,Khazix,0.0055523322752166065,Yasuo,0.0014268076158483465,Zed,0.0017938114432496709,Sylas,0.0032640679745856304,Ezreal,0.0012325830693167017,Lucian,0.001952614962161086,Vayne,0.0020221014340757394,Thresh,0.001568543553501176,Blitzcrank,0.0023228373015438857,Pyke,0.003891761145435924
Leona,sup,Malphite,0.01990306373030476,Teemo,0.034796463678094684,Garen,0.03534652980693119,MasterYi,0.03259721092745784,LeeSin,0.035166547589517844,Warwick,0.042694681559796346,Veigar,0.02565090312267812,Galio,0.026649575322899733,Yasuo,0.03165748995675218,Ezreal,0.016822080921523996,MissFortune,0.02118395335049367,Caitlyn,0.021447462954638466,Nautilus,0.025051644107816334,Blitzcrank,0.032275878824390286,Thresh,0.03754361111892426
Lillia,jg,Mordekaiser,0.11107670193548927,Rumble,0.15308772085790137,Irelia,0.17962563556531944,Graves,0.14170466414939073,LeeSin,0.14186092871567788,Poppy,0.18050394408643988,Sylas,0.1054762144259396,Yone,0.1189115367222856,Yasuo,0.1350538681211852,Ezreal,0.06647804703750831,MissFortune,0.11511871213429509,Jhin,0.11728780134533816,Pantheon,0.09457297016452258,Senna,0.09506375149971244,Lux,0.10337218980021459
Lissandra,mid,Malphite,0.08767649821975057,Irelia,0.10416143486217126,Camille,0.1907083585005917,LeeSin,0.1003844662836761,Diana,0.13313460967781204,Ekko,0.1359896732934634,Orianna,0.10434967947954749,Viktor,0.1378770340826139,Ahri,0.14616029204039468,Ezreal,0.06579028560673396,Lucian,0.10514512467538102,Ziggs,0.11569635328475021,Lux,0.10175825275314927,Thresh,0.10350783253898346,Lulu,0.11384453476857667
Lucian,bot,Akali,0.015791809167993772,Irelia,0.015962553280518866,Fiora,0.019548408817670438,LeeSin,0.006884931616898339,Graves,0.00941126645146845,Ekko,0.02095579973835505,Yasuo,0.007997688649548147,Zed,0.012494420344230601,Sylas,0.02086436896814658,Ezreal,0.007435983913646633,Kaisa,0.011713907740283525,Vayne,0.01395632493492872,Thresh,0.009968390752600965,Senna,0.011213710565968923,Blitzcrank,0.016189069422378754
Lulu,sup,Teemo,0.012783849217655779,Malphite,0.0212463238387264,Akali,0.02973072288344517,LeeSin,0.02349696813728508,Nidalee,0.02467637098328404,Evelynn,0.02976241259029636,Ahri,0.011298715918223104,Annie,0.019192224917769878,Veigar,0.021809496974671636,MissFortune,0.011288984093029792,Ashe,0.014816571398022688,Ezreal,0.015274397139198972,Nami,0.01610571977052827,Yuumi,0.019112894686847955,Lux,0.021260885250876906
Lux,sup,Teemo,0.0039902180476355485,Akali,0.00480974476497027,Irelia,0.006274421278736561,Evelynn,0.005933656413605856,Diana,0.007575593447991361,MasterYi,0.007635835661024894,Ahri,0.002682891288145254,Neeko,0.004539722699567817,Veigar,0.0056107219481267975,MissFortune,0.0034570842965380147,Caitlyn,0.004229987977247451,Ashe,0.004331294534478594,Morgana,0.005103692403105753,Soraka,0.008828078304852162,Nami,0.012511343211658078
Malphite,top,Garen,0.040252209733607235,Teemo,0.0927402164418333,Nasus,0.1103232453045614,MasterYi,0.03891644484666062,LeeSin,0.05207194162968605,Warwick,0.07078548527074345,Veigar,0.034829607043218476,Yasuo,0.03616679742496343,Galio,0.04716462022389957,Ezreal,0.025163660946347154,MissFortune,0.03488095335549668,Vayne,0.049212601043787524,Blitzcrank,0.02929794277691119,Lux,0.04577694263638111,Leona,0.05555618717244622
Malzahar,mid,Teemo,0.04699928850469256,Garen,0.05782877439157087,Chogath,0.07767029628589307,MasterYi,0.05639346056759625,Karthus,0.06778223208801586,Fiddlesticks,0.06878019442572178,Veigar,0.05131435706147681,Yasuo,0.08484860882955692,Galio,0.09783145664439348,Ezreal,0.04053768904407566,MissFortune,0.04879147991286935,Jhin,0.051802418884147876,Lux,0.04008408827819373,Morgana,0.05941784870584978,Xerath,0.08493976556142076
Maokai,sup,Malphite,0.06514246206801504,Garen,0.13149003330235995,Chogath,0.13329719834076165,LeeSin,0.07712927191493482,Warwick,0.11250146823165552,Poppy,0.15198091767296476,Galio,0.05400776901912323,Yasuo,0.0787036362858381,Sylas,0.08697291552728205,Ezreal,0.03799835668164438,Ashe,0.05972710880240767,MissFortune,0.08014571651409866,Pantheon,0.13271262381200086,Lulu,0.13300536513213196,Leona,0.13604547503469214
MasterYi,jg,Jax,0.006250669849992012,Darius,0.011607735921514815,Garen,0.011829287981380303,Kayn,0.008616138922430303,LeeSin,0.01061853879178841,Warwick,0.01571178936356913,Yasuo,0.0037642079116842887,Zed,0.006807766964886781,Veigar,0.011132821543346409,Vayne,0.007576078049820503,Ezreal,0.007604016682836727,Jhin,0.008374285608864085,Blitzcrank,0.007896929577968687,Pyke,0.008354031128396378,Lux,0.010584830057346372
MissFortune,bot,Teemo,0.014145850213579904,Garen,0.017982705779881186,Malphite,0.020089824989900987,MasterYi,0.01418626254057559,Warwick,0.02619117103672408,Diana,0.026968387316752915,Veigar,0.012877049234732403,Ahri,0.014107770992352343,Yasuo,0.01617999102233799,Ashe,0.01668779415341031,Caitlyn,0.017539359855305574,Jhin,0.019809123789406184,Lux,0.008170986024237385,Morgana,0.015086549707133709,Blitzcrank,0.021179779257563328
MonkeyKing,jg,Jax,0.03878827073066478,Malphite,0.047872883033824774,Akali,0.05801570152544939,LeeSin,0.041397675722966626,MasterYi,0.0909817058076104,Diana,0.09336122855891646,Yasuo,0.027689698557744936,Sylas,0.04555102407743916,Vladimir,0.05512012588542269,Ezreal,0.02413061593547795,Vayne,0.04072562017716543,Lucian,0.04274815371141861,Lux,0.04303093330265952,Blitzcrank,0.04381177054412157,Pantheon,0.044705351327766145
Mordekaiser,top,Sett,0.05752383717077324,Darius,0.059826683403948575,Garen,0.06782345922258724,Kayn,0.026321040087465948,MasterYi,0.04053953738364771,Viego,0.05874274667453646,Yasuo,0.02316067348861337,Yone,0.025740938439895042,Veigar,0.02917638667516939,Jhin,0.02315661217697975,Ezreal,0.025652427840377818,Ashe,0.02687346405506573,Pyke,0.026408455009715583,Pantheon,0.032502977609301424,Lux,0.04166548816500692
Morgana,sup,Teemo,0.014993180962008756,Malphite,0.021450669088112155,Garen,0.027171034184757355,MasterYi,0.022047882015465467,Warwick,0.02672253495348188,Fiddlesticks,0.032075081799849366,Veigar,0.01287755624490619,Ahri,0.014581596046213985,Neeko,0.022880870181702404,Ashe,0.010246673948527296,MissFortune,0.01469689801639618,Ezreal,0.016396407079038507,Lux,0.013495010548628561,Leona,0.03752948240885675,Thresh,0.0381835415491426
Nami,sup,Teemo,0.013537507352171619,Kayle,0.02855325527504095,Malphite,0.03064707047908213,Evelynn,0.029875679976289853,Nidalee,0.0343118706123185,LeeSin,0.03774560225293549,Ahri,0.011304092659026845,Neeko,0.019263797315045374,Veigar,0.023257341046180734,MissFortune,0.013359780750187742,Caitlyn,0.01802577630907489,Ashe,0.02011988462356033,Lulu,0.019122588350027055,Soraka,0.019254493738955717,Lux,0.025902317886213645
Nasus,top,Garen,0.03882816161545403,Darius,0.04970928165890161,Jax,0.06535157570652637,MasterYi,0.036242016481631834,Kayn,0.045076706573958826,Warwick,0.0462719419586917,Veigar,0.023624558002472415,Yasuo,0.029568443034958786,Galio,0.07368014215508031,Jhin,0.02832619348580382,Ezreal,0.03876575134395703,Ashe,0.04311378155377811,Lux,0.03631800030518548,Blitzcrank,0.042836630857733995,Pyke,0.04481603170408752
Nautilus,sup,Malphite,0.025790384711011572,Garen,0.03405059187667247,Sett,0.05169628585334399,LeeSin,0.049823134147555466,JarvanIV,0.05168308346291323,MasterYi,0.06331679523032661,Veigar,0.025219790446024327,Galio,0.026665904160179055,Annie,0.04171593333859407,Ezreal,0.02313110598446356,MissFortune,0.02791820531906147,Ashe,0.030850849806177406,Leona,0.03232731878486502,Thresh,0.0411283340608477,Blitzcrank,0.0455536572727732
Neeko,mid,Teemo,0.05568458364454895,Akali,0.0559201189053739,Malphite,0.06442709502352247,Lillia,0.051315520514326946,Diana,0.05463651667947537,Ekko,0.05611670741242486,Ahri,0.029439204974735615,Zoe,0.07456882234562294,Annie,0.11703076688166655,Ezreal,0.028260795550929023,MissFortune,0.04196546357051895,Caitlyn,0.0494719883777586,Lux,0.026822502105600277,Morgana,0.056615967503041174,Senna,0.06449524415809414
Nidalee,jg,Gragas,0.03212057224676093,Irelia,0.03319499440735469,Akali,0.03515423342576646,LeeSin,0.013121939469783123,Graves,0.0209943165772233,Elise,0.07582127297682752,Yasuo,0.021105935674209937,Sylas,0.02677466966753853,Zed,0.034886365561775434,Ezreal,0.011615301882798449,Lucian,0.018986303616846487,Vayne,0.022889006432092518,Thresh,0.016506576353116004,Blitzcrank,0.02624581020777178,Morgana,0.03304476682953014
Nocturne,jg,Malphite,0.07240704181459479,Teemo,0.09170620022966883,Jax,0.0926622385837316,LeeSin,0.0922996311298317,MasterYi,0.0984742166438915,Ekko,0.10140075402830177,Yasuo,0.06197652000613548,Sylas,0.07825610652653091,Galio,0.08728238213117595,Ezreal,0.04051042283660775,Ashe,0.05379780727822503,Lucian,0.05577858280146693,Blitzcrank,0.04139501361772594,Pantheon,0.056100005649378414,Thresh,0.0730578636552789
Nunu,jg,Jax,0.036837969048869115,Garen,0.043701299585352925,Malphite,0.04382587825057025,Kayn,0.050021214516185145,Zac,0.055656496273783405,Warwick,0.06220620605348539,Yasuo,0.026965638121224784,Veigar,0.0337777373523841,Sylas,0.049340505430113646,Ezreal,0.020146391938623845,Ashe,0.031371037284623815,Tristana,0.043411322244343846,Blitzcrank,0.03571549278860814,Amumu,0.037398454730381135,Thresh,0.040336714502410255
Olaf,jg,Jax,0.11395242272272231,Volibear,0.15845144448246687,Garen,0.1744365876435372,LeeSin,0.10535643642593023,MasterYi,0.2253276018052241,Ekko,0.2267920494379295,Sylas,0.08575185338435024,Yasuo,0.10303841518463393,Veigar,0.10763473874904986,Ezreal,0.06778892937076729,Lucian,0.09624414634837378,Vayne,0.11688256348887846,Blitzcrank,0.0802471034350171,Pantheon,0.10247570565319944,Amumu,0.10421117266288432
Orianna,mid,Akali,0.07326430828361684,Irelia,0.08566801131044956,Jax,0.1062201780883099,LeeSin,0.04438198219242501,Ekko,0.0719117508695844,Diana,0.08552781066587706,TwistedFate,0.09091140940537408,Syndra,0.10949530365353982,Cassiopeia,0.12372785853005153,Ezreal,0.029448792289867572,Lucian,0.041827367979190705,Vayne,0.05126751254150496,Lux,0.06102861125698999,Thresh,0.06236837037086519,Xerath,0.08382806028924106
Ornn,top,Sett,0.05731839706119047,Akali,0.07217994810585263,Urgot,0.08406175000666638,LeeSin,0.04519929986482086,Kayn,0.05404728529827129,MasterYi,0.05790159162426722,Sylas,0.027917996502050273,Galio,0.034259577104299006,Yasuo,0.03445208494217896,Ezreal,0.022277711894502613,Jhin,0.048121455721379665,Ashe,0.04834390239945861,Thresh,0.03409479185133772,Blitzcrank,0.037166258349142466,Maokai,0.049011287326714
Pantheon,sup,Malphite,0.032037146142604084,Sett,0.0357379420161137,Renekton,0.05128519890922379,LeeSin,0.035271566640071764,MasterYi,0.040174273659511366,Kayn,0.04286858740248453,Sylas,0.030096437531781327,Yone,0.032627220573530236,Yasuo,0.03352452375842712,Ezreal,0.022311442360527775,Ashe,0.02583678077219708,Lucian,0.031767434768013275,Pyke,0.044582259269161914,Blitzcrank,0.045495140945601156,Lux,0.05627299372839928
Poppy,jg,Teemo,0.061124410779916497,Irelia,0.08240563651028963,Fiora,0.08667681423671475,LeeSin,0.06484804568701888,Warwick,0.10231180053059669,Kayn,0.10269791437430698,Yasuo,0.038891213924633086,Sylas,0.05416736341456214,Zoe,0.05858866515094456,Ezreal,0.031134985802950484,Vayne,0.050271561994863656,Tristana,0.05549276589844847,Lux,0.059255673894078056,Blitzcrank,0.06693346239744793,Thresh,0.08403779343914211
Pyke,sup,Sett,0.007467503260959685,Akali,0.008227472907437644,Irelia,0.012587775622009356,Kayn,0.005704963914238227,LeeSin,0.006755277196497179,MasterYi,0.008297885596840407,Yasuo,0.003959054635812312,Sylas,0.008031040836891098,Zed,0.0080849913463866,Ezreal,0.004232571369165362,Jhin,0.005836660567295578,Lucian,0.009253807133499908,Thresh,0.006417326160117746,Blitzcrank,0.008490021324599436,Lux,0.011607814154054158
Qiyana,mid,Akali,0.019898027320961104,Irelia,0.03244599686982812,Fiora,0.05369543828802084,Ekko,0.03490012278041062,LeeSin,0.03655612582303283,Kayn,0.04194276294239386,Yasuo,0.043237052670356386,Sylas,0.055016420523400014,Fizz,0.06417030062789367,Ezreal,0.024807517339200065,Kaisa,0.02893759494909525,Lucian,0.037798621847845014,Lux,0.030175189086757506,Pyke,0.03424255585436883,Senna,0.045062301931461865
Quinn,top,Teemo,0.11645120271485185,Malphite,0.15502547083930004,Garen,0.23449169967593747,MasterYi,0.08221765132965535,Shaco,0.17659117263355803,XinZhao,0.17888040272551559,Yasuo,0.1329219407436725,Zed,0.15478533943721354,Veigar,0.18499074684825184,Ezreal,0.06558831284183018,Vayne,0.10041987089401691,Ashe,0.1054299260355362,Lux,0.11707217005724238,Blitzcrank,0.16144928604370284,Thresh,0.1895871421311578
Rakan,sup,Akali,0.029355276223542788,Shen,0.03199919594147033,TahmKench,0.03320821938236842,LeeSin,0.022081191007667228,Ekko,0.03275392364661503,Kayn,0.033127853854556875,Galio,0.01848613558351628,Yasuo,0.019773352692241748,Ryze,0.03546740509694934,Ezreal,0.01357522981105037,Jhin,0.022383722103491873,Kaisa,0.024920367915059215,Thresh,0.017032569985696952,Pyke,0.029234273904501677,Alistar,0.04657966393560542
Rammus,jg,Malphite,0.07402035939393965,Jax,0.08257180104672553,Garen,0.09144750697206716,MasterYi,0.07534798653638038,LeeSin,0.1275279203316906,Warwick,0.17398485044491807,Yasuo,0.06529444115367468,Veigar,0.10479904169233535,Galio,0.12017214911796062,Ezreal,0.06782309195128991,Lucian,0.08777930505901087,Ashe,0.08867082827037055,Amumu,0.08193291733582346,Thresh,0.09078847342455083,Blitzcrank,0.10288095043199369
RekSai,jg,Rengar,0.04866486163934584,Gragas,0.06004040797335578,Jax,0.0659394447028636,LeeSin,0.04087427294911837,Khazix,0.058969038429659136,Elise,0.06505614791461842,Yasuo,0.03258771870984778,Zed,0.04145489899149282,Sylas,0.051916815847909165,Ezreal,0.025078904931529093,Lucian,0.031004456116798487,Vayne,0.03982068464538414,Thresh,0.03450410004001866,Blitzcrank,0.041462204788744954,Pyke,0.05910102079804064
Rell,sup,Akali,0.2336382902026656,Irelia,0.30636329259095085,Sett,0.3156622054542047,Trundle,0.3149832053299285,Kindred,0.3199050430978166,Lillia,0.46228070587019365,Yasuo,0.23587104654990465,Cassiopeia,0.23745553421301716,Sylas,0.3167383988484937,Samira,0.17206909999368053,Jhin,0.23582039584255493,Vayne,0.2383733367076829,Senna,0.2871496829827929,Leona,0.4385206592121742,Swain,0.449831192937633
Renekton,top,Jax,0.0503264656935437,Darius,0.052687808952157966,Malphite,0.05597735509832868,LeeSin,0.022390898948980418,MasterYi,0.041023340084722235,Kayn,0.04352593834529191,Sylas,0.022435457849415266,Yasuo,0.023861734869269145,Zed,0.03306184890102541,Ezreal,0.014236827506984639,Lucian,0.020185218587615857,Vayne,0.03941207399813962,Thresh,0.03094249571287809,Blitzcrank,0.03142804960030766,Pantheon,0.03394109864278549
Rengar,top,Riven,0.017267096805835186,Jax,0.02533717611882564,Camille,0.028071724576612098,LeeSin,0.008554270666834635,Khazix,0.01077059239610541,Kayn,0.015771299467362013,Yasuo,0.00666447674890246,Zed,0.007750177654042408,Katarina,0.02045120009358969,Ezreal,0.008957366874010157,Vayne,0.010201448934111776,Lucian,0.012169343232937628,Thresh,0.010429326427884541,Pyke,0.013387740259091249,Blitzcrank,0.014209071697752632
Riven,top,Irelia,0.009294443824658058,Akali,0.014571671756496507,Fiora,0.014819190115506971,LeeSin,0.004963153071489426,Kayn,0.01153666867693706,Ekko,0.012845251835898332,Yasuo,0.0038006431752305465,Zed,0.0062957672390904235,Katarina,0.010991312498937604,Vayne,0.005012046705828032,Ezreal,0.006570612363183187,Lucian,0.007735062468024684,Thresh,0.00740038909605008,Blitzcrank,0.009611923345404838,Lux,0.010118707308701591
Rumble,top,Jayce,0.1686269462186194,Fiora,0.17424948533084722,Shen,0.21493004647704958,LeeSin,0.05471232884199313,Graves,0.07768705104469553,Ekko,0.10217683715763864,Viktor,0.06703714006870984,Ryze,0.11262780305362986,Orianna,0.1282444635418194,Ezreal,0.038935826311404444,Lucian,0.0627610805382781,Caitlyn,0.067570618950383,Pantheon,0.085133969226374,Maokai,0.08516556263801352,Blitzcrank,0.08724093320479841
Ryze,mid,Akali,0.04025072656041637,Irelia,0.051311317264171756,Aatrox,0.07001646382685325,LeeSin,0.028441598566895963,Ekko,0.0508047674541403,MasterYi,0.05288235752270109,Yasuo,0.04068172275277805,Vladimir,0.06855131084562296,Viktor,0.08069005982822901,Ezreal,0.01939935928963368,Lucian,0.03548932254609378,Kaisa,0.04184040779999345,Thresh,0.03890343948845372,Blitzcrank,0.053678163686215745,Lux,0.06294508693975051
Samira,bot,Akali,0.025987878295196543,Irelia,0.027273029806830506,Sett,0.046597861070086156,LeeSin,0.026980860873466097,Kayn,0.04079279508172864,MasterYi,0.04764116380959851,Yasuo,0.01695138883362665,Yone,0.03226857296991914,Sylas,0.03637624734252325,Ezreal,0.022804690115068173,Kaisa,0.02873996614959174,Jhin,0.04654550530729465,Senna,0.02920481664630927,Lux,0.03153899599890545,Pyke,0.031733607000401357
Sejuani,jg,Jax,0.10567934955120871,Gragas,0.12985332336437452,Malphite,0.13733122697850972,Kayn,0.11556703316767052,LeeSin,0.17363304104977903,Warwick,0.21471681990724484,Veigar,0.10680413873041242,Sylas,0.1620287594236894,Yasuo,0.1887646848564166,Ashe,0.07871963859637883,Ezreal,0.08647155890699701,Caitlyn,0.10401465794942648,Amumu,0.08510376186282761,Morgana,0.1046368442751113,Blitzcrank,0.13601929177643496
Senna,sup,Teemo,0.03128234797829241,Garen,0.04135967995967672,Sett,0.04423864516039655,Kayn,0.02781347090829307,LeeSin,0.04085231280550031,Ekko,0.04484767415537973,Veigar,0.0236041390480631,Yasuo,0.029023328964034718,Ahri,0.033822489705593435,Ezreal,0.01880189860008875,Jhin,0.020827720743279,Caitlyn,0.02562261071985847,Lux,0.02429684521489349,Thresh,0.048374820921766,Yuumi,0.05491807793333409
Seraphine,sup,Akali,0.0956366193057562,Kayle,0.12080887398268489,Irelia,0.15716610087895902,Lillia,0.10478371222428334,Evelynn,0.11959509471107166,Nunu,0.13868819021588358,Ahri,0.05453255093432046,Zoe,0.10146603845868601,Veigar,0.11958079208162264,MissFortune,0.0623797098863065,Ashe,0.07800864226648441,Kaisa,0.11537778868272104,Lux,0.10129890972093379,Lulu,0.13363063917392423,Morgana,0.1690740098075306
Sett,top,Garen,0.01837772086422294,Mordekaiser,0.019533104439369498,Darius,0.021961087625144378,Kayn,0.010613607741486526,LeeSin,0.01128601685262515,MasterYi,0.015379895207534756,Yasuo,0.007041108997460723,Sylas,0.007984523504488326,Yone,0.00958040957772469,Ezreal,0.006631164124254905,Jhin,0.011947872821643064,Lucian,0.012886415245834752,Pantheon,0.00829291494781967,Pyke,0.0098635909437863,Blitzcrank,0.013704702548420567
Shaco,jg,Teemo,0.016001975643552244,Jax,0.018409206050916605,Akali,0.023459543722608167,LeeSin,0.013673575323200262,MasterYi,0.022359314493848675,Kayn,0.026291526659654126,Yasuo,0.01137829828076211,Zed,0.014152927519309924,Veigar,0.020709824501612347,Ezreal,0.009351944200798094,Jhin,0.013596602271351963,Vayne,0.01730324664862479,Thresh,0.016665266121969,Blitzcrank,0.016933947203977198,Pyke,0.017223525731822193
Shen,top,Jax,0.055780200667544744,Garen,0.05819052882437235,Sett,0.06223714354301942,LeeSin,0.019108792048671296,Ekko,0.040266610514291944,Kayn,0.041846237573873665,Yasuo,0.01797091355616652,Zed,0.027382566747926607,Galio,0.03268798836864166,Ezreal,0.016169730674038388,Jhin,0.024309604048484257,Lucian,0.02437382530915832,Thresh,0.02646043222791383,Pantheon,0.027574498558589736,Blitzcrank,0.033447717954838176
Shyvana,jg,Malphite,0.15638139841308168,Nasus,0.15943582329008188,Garen,0.1797024773411317,LeeSin,0.17906003998464898,Diana,0.18309173469560108,Kayn,0.1848336749834096,Yasuo,0.10373819377641637,Zed,0.11221753801305966,Veigar,0.137653307765537,Ezreal,0.08436290466224705,Kaisa,0.11700286632628852,Caitlyn,0.12049160040246154,Lux,0.11299279825841005,Pantheon,0.12010147935969082,Amumu,0.15775683050622633
Singed,top,Garen,0.12240288221077035,Nasus,0.14855711478428946,Teemo,0.16590327473583735,MasterYi,0.09940622678046535,Shaco,0.10097809725950997,LeeSin,0.10140019790884802,Ryze,0.07903505114508029,Vladimir,0.07906099191800263,TwistedFate,0.07982493504075215,Jhin,0.06235302999745038,Twitch,0.06276381981423569,Ezreal,0.06292785822985093,Alistar,0.07202460614735216,Thresh,0.08439739180487539,Pantheon,0.102328216277121
Sion,top,Gragas,0.08737879131682957,Gangplank,0.08748710050117739,Garen,0.08767346742549753,LeeSin,0.033940752240145394,Shaco,0.054735550704634615,Graves,0.06328757622022266,Yasuo,0.029600375058382557,Zed,0.04618191130667616,Sylas,0.049445692761246884,Jhin,0.024994339157290407,Ezreal,0.03180091707128698,Twitch,0.0394159225034339,Pyke,0.04191644949065353,Thresh,0.04531569374392476,Blitzcrank,0.0580263235266789
Sivir,bot,Teemo,0.11638627418316015,Jax,0.1924589921693593,Garen,0.23370723853494438,Shyvana,0.15804614295595126,Ekko,0.15979433876640675,MasterYi,0.16010611457112214,Veigar,0.08525079440578141,Ahri,0.11599899469526266,Galio,0.12144519542849247,Ashe,0.1075508913437789,Jinx,0.13636519804005734,Caitlyn,0.13904533005490402,Senna,0.08913514103848345,Lux,0.1178068592574703,Thresh,0.13320584103361352
Skarner,jg,Teemo,0.2314675111157728,Darius,0.2324399175373147,Nasus,0.23778459513675196,Hecarim,0.21881717518129554,XinZhao,0.27909509260331866,Kayn,0.2911403729959923,Yasuo,0.15702121274343392,Annie,0.23884303638345786,Vladimir,0.24061038529043038,Ezreal,0.13612956666157763,Tristana,0.22938604972090879,Jhin,0.2398595061478252,Thresh,0.1501955098245101,Pantheon,0.18060873533221564,Amumu,0.3097722455660614
Sona,sup,Teemo,0.024594902227416275,Malphite,0.0451837688426581,Kayle,0.06047022349863624,Fiddlesticks,0.038469867759609776,Warwick,0.04546635699563685,MasterYi,0.05663632840522197,Ahri,0.029800615580090645,Veigar,0.03510777990114843,Annie,0.0415166367086372,Ashe,0.0228495587745127,MissFortune,0.023916362745570966,Ezreal,0.0492829371358154,Lux,0.032303107912715345,Morgana,0.05185696063906747,Janna,0.06416232757717442
Soraka,sup,Teemo,0.01664550323677321,Kayle,0.03221454128430868,Akali,0.037905925962113014,Evelynn,0.028039720873639568,Fiddlesticks,0.035687168477832036,Nunu,0.04830271300083923,Ahri,0.01799994806445879,Veigar,0.02389053195927903,Neeko,0.026671577740698824,MissFortune,0.017027915227068965,Ashe,0.01714505941583882,Caitlyn,0.023465384902591584,Lux,0.025284673203572278,Lulu,0.03178530249203162,Yuumi,0.036460571147927896
Swain,sup,Malphite,0.04968574741247824,Mordekaiser,0.0512298591134387,Sett,0.051632180724457286,Kayn,0.03549668708016996,Warwick,0.04272423032020662,MasterYi,0.047413233661029563,Yasuo,0.03311045075776704,Veigar,0.03542950475025624,Sylas,0.03982078158638809,Ezreal,0.02133597902375029,Jhin,0.025322356037382372,Ashe,0.02685287296749734,Lux,0.04163898955128679,Morgana,0.051359664797275995,Pantheon,0.0513944034466455
Sylas,mid,Akali,0.009745327194728665,Irelia,0.012758279788271964,Sett,0.019893186977274276,LeeSin,0.01103701913918407,Ekko,0.014437442120162972,Graves,0.018149242157254178,Yone,0.014470110214062899,Yasuo,0.01655544811385961,Zed,0.023026758373986198,Ezreal,0.007623334637649479,Lucian,0.009129232063296078,Kaisa,0.016454454465060497,Pantheon,0.010261435804067059,Pyke,0.014895581020930068,Thresh,0.01906756853544004
Syndra,mid,Irelia,0.0667339263470894,Akali,0.07044698546830958,Camille,0.13340567903265468,LeeSin,0.06579636882440033,Diana,0.07238508380545826,Taliyah,0.09427353679191987,Leblanc,0.09208689737459483,Viktor,0.09510857717029123,Orianna,0.09589371817881615,Lucian,0.03889917722262047,Ezreal,0.041733827399709496,Caitlyn,0.06447640326693159,Lux,0.06708474852064004,Velkoz,0.08399091486214375,Brand,0.11749696455483874
TahmKench,top,Teemo,0.12382446652922606,Ornn,0.17356871221923165,Tryndamere,0.1757294348811263,Kayn,0.10310656883886223,Trundle,0.13226187223512625,Zac,0.15118453409859356,Veigar,0.07313029143875843,Yasuo,0.09154231306206821,Zoe,0.1051171280452358,Ezreal,0.05198474286138374,Jhin,0.059220851032491736,Vayne,0.08520563581155421,Blitzcrank,0.06464921099802824,Thresh,0.10078439356672136,Morgana,0.10399891244976918
Taliyah,jg,Akali,0.0553875261729063,Camille,0.07271037437433278,Irelia,0.08643611325906723,Ekko,0.08064534543323297,Kindred,0.11370314798127139,Poppy,0.12917018033368724,Ryze,0.08483760750901369,Zoe,0.09087936158555422,Syndra,0.10357630870575313,Ezreal,0.051799626741418185,Jhin,0.06639530314282535,Kaisa,0.0671095246204436,Thresh,0.07093656281124283,Lux,0.0979747092964062,Lulu,0.1024630318121697
Talon,jg,Akali,0.011738736442417443,Irelia,0.016824160943410126,Jax,0.02591271633118529,LeeSin,0.02032566927345518,Ekko,0.021206548727632057,Kayn,0.022735863347861724,Yasuo,0.00938202519062508,Zed,0.011627014295708596,Sylas,0.022928044599364022,Ezreal,0.00896918429450764,Vayne,0.0142770137134433,Lucian,0.015457399308956834,Pantheon,0.01493543893647846,Blitzcrank,0.015160919091271525,Pyke,0.017438751511000678
Taric,sup,Malphite,0.1023013728744438,Jax,0.10434332117307184,Tryndamere,0.1546279209263378,MasterYi,0.0899833710547278,LeeSin,0.10591277585613919,Warwick,0.19092746117992238,Annie,0.12102163165103674,Sylas,0.1365838134360051,Zed,0.1372759023051224,Ezreal,0.07870239631296437,MissFortune,0.10431593319705608,Vayne,0.10621967657147904,Thresh,0.08904436561295082,Blitzcrank,0.1252465861696927,Leona,0.1671252248417377
Teemo,top,Garen,0.024724604617266697,Malphite,0.029276052245579547,Nasus,0.03374074751385699,MasterYi,0.013613727541174353,Shaco,0.018814131992210607,Warwick,0.019808986492234604,Veigar,0.01035891331944287,Yasuo,0.01253298399579606,Fizz,0.024017235157861493,Ezreal,0.012508520988377009,Ashe,0.014652467917188303,Jhin,0.01504399199715554,Lux,0.014205054550190149,Thresh,0.01967147751465662,Blitzcrank,0.021072534178772168
Thresh,sup,Malphite,0.0066049869840019305,Gragas,0.006873197061586629,Shen,0.007135426609735531,LeeSin,0.0020632772636640824,Graves,0.006446463263484998,Ekko,0.00873320258993923,Yasuo,0.0030992234108916904,Zed,0.003563721559018753,Galio,0.00651357144342218,Ezreal,0.00195069237412241,Vayne,0.0036173006988405552,Lucian,0.004017613281132612,Blitzcrank,0.0033274106290264744,Alistar,0.00579810853606518,Pyke,0.007815478238411276
Tristana,bot,Jax,0.026826247129121,Teemo,0.03542853065136882,Irelia,0.042954974137127525,MasterYi,0.027606027744153886,LeeSin,0.03240596812184126,Khazix,0.039403354960695344,Yasuo,0.022595658822169358,Veigar,0.031245193298681875,Ahri,0.04308925367758466,Kaisa,0.030256805627423937,Ezreal,0.035948723309588336,Xayah,0.04169054339537913,Senna,0.0245224021655037,Lux,0.026112496472192406,Pyke,0.037878126942584
Trundle,jg,Jax,0.1530072254121527,Volibear,0.23051661617187186,Sett,0.23251441817180335,MasterYi,0.21511106417649317,LeeSin,0.2235777446665591,Graves,0.29736041640827615,Yasuo,0.15582243018878858,Galio,0.22942663709312872,Sylas,0.23278016954451053,Ezreal,0.10461787194125381,Lucian,0.1625693914536094,Ashe,0.18321273752472933,Maokai,0.18801196775178344,Blitzcrank,0.18803331831823217,Alistar,0.22392255793111254
Tryndamere,top,Garen,0.03414340970930968,Jax,0.04094774431423011,Darius,0.05449196199847023,MasterYi,0.021946467897007663,Kayn,0.03065166681921128,Warwick,0.042654884380224495,Yasuo,0.017868234498877852,Veigar,0.025485058260905774,Zed,0.03348774448612502,Jhin,0.026274053609842894,Ashe,0.028234459400880083,Ezreal,0.03140063265612708,Lux,0.027823767331681504,Blitzcrank,0.028004869173908282,Pyke,0.033019407161761286
TwistedFate,mid,Akali,0.024862622477437053,Irelia,0.03444005977200747,Jayce,0.0391831145004159,LeeSin,0.01510266761181064,Graves,0.03209716267223588,Ekko,0.033717066875403476,Orianna,0.03658660939136569,Yasuo,0.04729237163913457,Kassadin,0.05035592857937307,Ezreal,0.013090445531547267,Lucian,0.020869053043966666,Vayne,0.030228050928935477,Thresh,0.02561358383000857,Blitzcrank,0.029852237360922674,Xerath,0.038009102502233716
Twitch,bot,Riven,0.022794457635943077,Jax,0.024685133446832996,Teemo,0.025937411725995632,MasterYi,0.014606121476338723,LeeSin,0.018760648426012765,Khazix,0.020418254786513993,Yasuo,0.010680327299146471,Veigar,0.017824674102277456,Zed,0.01892016426692012,Vayne,0.015921247707867105,Kaisa,0.020242012519702163,Jhin,0.023905277959068053,Thresh,0.01705994821910538,Brand,0.017885749019967055,Senna,0.024235286466916774
Udyr,jg,Nasus,0.06450535023784322,Volibear,0.06808053152229522,Jax,0.07608789611731748,MasterYi,0.08748719441915795,LeeSin,0.08952583585826031,Kayn,0.0943974994964138,Yasuo,0.0357924845860813,Zed,0.07305778586734572,Sylas,0.07895414143510408,Ezreal,0.04460209202250535,Jhin,0.05882753969261179,Lucian,0.06760488934350942,Thresh,0.05939898154577582,Lux,0.0721646727352571,Pantheon,0.07895229930241572
Urgot,top,Garen,0.020060288814861264,Chogath,0.04543278905834573,Mordekaiser,0.05280756181125993,MasterYi,0.02567967981446603,Warwick,0.03151989348381338,Kayn,0.035216063969992766,Veigar,0.017599513705466543,Yasuo,0.02844556557217255,Galio,0.03253782178712332,Jhin,0.019869301315745446,MissFortune,0.022754366952290935,Ashe,0.02337707440065665,Blitzcrank,0.024002189795994267,Lux,0.027461732798019414,Swain,0.029934357219195264
Varus,bot,Teemo,0.1488295514274682,Renekton,0.22834052491982937,Sett,0.22981392283770508,Kayn,0.11616761217515396,MasterYi,0.13129052088408769,Diana,0.1518243404080624,Veigar,0.10519711457833142,Yasuo,0.11689074356358013,Fizz,0.18662827803356996,Ezreal,0.10202197625306184,Lucian,0.12251790896575142,Caitlyn,0.17769923810395583,Senna,0.1008400176759771,Lux,0.14433102580247711,Pyke,0.1575083937108614
Vayne,bot,Riven,0.005055433112536868,Irelia,0.005591430472825176,Akali,0.008001971083182062,LeeSin,0.002760718658183454,MasterYi,0.005034426487777696,Graves,0.007063964097024572,Yasuo,0.0024346491884457543,Zed,0.003858376642278826,Katarina,0.009151595496782381,Ezreal,0.003599760302186309,Kaisa,0.005025385183024125,Lucian,0.005303960166112055,Thresh,0.0033277972589230956,Blitzcrank,0.0048210221845730004,Lux,0.005959794243517639
Veigar,mid,Teemo,0.023271170251270602,Malphite,0.027868254883981692,Garen,0.02966463038454147,MasterYi,0.01754180394560916,Warwick,0.034613602362852734,Kayn,0.03726281005528637,Yasuo,0.023751922616507718,Ahri,0.03412841427551406,Annie,0.052904315432933724,Ezreal,0.01513401747589337,Jhin,0.02224976907501145,Caitlyn,0.02353289392739602,Lux,0.017596038139268563,Morgana,0.02706575877073339,Blitzcrank,0.02731744166407191
Velkoz,sup,Teemo,0.021094446190829317,Garen,0.02194991283678456,Akali,0.026327229092307645,LeeSin,0.02078730438460991,Kayn,0.025659924180154565,Fiddlesticks,0.031723067308518135,Veigar,0.01411700002584832,Cassiopeia,0.02009168456762335,Yasuo,0.020622237817725042,Ezreal,0.011286775398800585,Caitlyn,0.01819649658115186,Jhin,0.018601354525638065,Lux,0.013747438318853118,Xerath,0.03503970742381952,Blitzcrank,0.035319615197697454
Vex,mid,Kayle,0.3153902826336055,Teemo,0.4609551220433553,Akali,0.4740886092721136,Lillia,0.4611475066135681,LeeSin,0.46848905287364845,Graves,0.47202039110724847,Syndra,0.4582529589456532,Yone,0.47250876738476255,Anivia,0.6331581142790903,Ezreal,0.24064415499551955,Lucian,0.3139535006859296,Twitch,0.460761117492514,Yuumi,0.446968399460726,Lux,0.45496569597388065,Leona,0.47591826070369386
Vi,jg,Jax,0.07122718329844721,Volibear,0.0765789519447346,Garen,0.09181147268478115,Kayn,0.089297212487331,MasterYi,0.09045809225558273,Diana,0.09943360089998554,Yasuo,0.06253530836105153,Veigar,0.06898164929715614,Ahri,0.06916575246264883,Ezreal,0.04727089161338654,MissFortune,0.0526082466756893,Jhin,0.057659991427382616,Lux,0.04301635057356137,Amumu,0.056527606091143476,Xerath,0.0781899900494604
Viego,jg,Sett,0.043338199037648385,Volibear,0.05794826728452845,Darius,0.06163840625216332,Kayn,0.04478722896823788,LeeSin,0.07231065032048864,Ekko,0.07309063284560482,Sylas,0.02931911925323618,Yasuo,0.03380856148059313,Yone,0.03391519236379729,Ezreal,0.02479476514407114,Jhin,0.03243810451617347,Lucian,0.05567479954901246,Pyke,0.03743766094894356,Pantheon,0.04132031070780142,Morgana,0.053024751495319516
Viktor,mid,Akali,0.050971743936902264,Irelia,0.06714246394679572,Jayce,0.07141754804991449,Graves,0.03367896003734523,LeeSin,0.03740191659520682,Ekko,0.04424017897641845,TwistedFate,0.09025509048790038,Sylas,0.09689130734922774,Veigar,0.1113396227930757,Ezreal,0.025011489078034174,Lucian,0.03632330505943484,Caitlyn,0.050759055465480714,Thresh,0.04891789207219026,Lux,0.05760449263797613,Senna,0.06308613196465587
Vladimir,mid,Irelia,0.016108726924383025,Akali,0.019197333070061006,Jax,0.026059159760851835,LeeSin,0.012197118167271927,Ekko,0.017515326025758983,Kayn,0.018820791899462577,Yasuo,0.011726788443363617,Kassadin,0.023601277557931562,Zed,0.026165389035118846,Ezreal,0.00922195031499143,Vayne,0.012944115217194832,Jhin,0.01614733090655528,Thresh,0.016728175727444883,Pyke,0.019468918666877586,Lux,0.020344775963861004
Volibear,top,Garen,0.08486399188256293,Sett,0.08565790978053073,Darius,0.0971660414695335,MasterYi,0.05431199425755441,LeeSin,0.06114046273775297,Warwick,0.07714186915618763,Sylas,0.04251192101489105,Yasuo,0.04594753613990745,Zed,0.04936403690494554,Ezreal,0.0334698770837625,Jhin,0.05262789457248888,Lucian,0.060332675409371,Pantheon,0.03606604486594718,Lux,0.06344620530333679,Blitzcrank,0.06649582173749742
Warwick,jg,Garen,0.018360660486086894,Jax,0.01896929751477428,Volibear,0.025690010089189218,MasterYi,0.019891777865902262,Kayn,0.02054924724912255,Nunu,0.0494508963400662,Veigar,0.01401679217272136,Yasuo,0.015191396523281449,Galio,0.025857772547769366,MissFortune,0.014437374672046147,Ashe,0.015167412470469347,Jhin,0.018461333778217712,Lux,0.019063779399104846,Morgana,0.019662914257898265,Pyke,0.02065224383531034
Xayah,bot,Irelia,0.02694360341255382,Akali,0.031102452732062757,Jax,0.05190423052253793,Diana,0.0411148590023822,Kayn,0.04276913861533017,LeeSin,0.04301601478517842,Yasuo,0.02807555460035309,Ahri,0.02922034351855301,Neeko,0.042499323608045904,Kaisa,0.021206881450839404,Ezreal,0.03990165444629592,Jhin,0.04490806243112634,Lux,0.020593832889246072,Senna,0.02151587600684202,Rakan,0.035310076995822885
Xerath,sup,Malphite,0.03497904194566592,Teemo,0.048616426128507084,Akali,0.049180546122736944,MasterYi,0.03455069052652904,LeeSin,0.042105239985060224,Ekko,0.05026379588621202,Veigar,0.025971780133921075,Yasuo,0.028040257233268744,Zed,0.048187214571431804,Ezreal,0.017795491442454868,Ashe,0.02487364521007021,Jhin,0.031955799819688976,Lux,0.026985440931956504,Blitzcrank,0.03363582384186691,Thresh,0.03898460953141172
XinZhao,jg,Jax,0.04118731716160844,Garen,0.05146234004725252,Malphite,0.05755864518239119,MasterYi,0.05487955497020743,LeeSin,0.0675970889944151,Khazix,0.08819312280833883,Yasuo,0.039271423627809006,Veigar,0.04537072572598899,Zed,0.05360341339249984,Ezreal,0.032306051437822794,MissFortune,0.040616221537515006,Tristana,0.04927469039953957,Lux,0.040232551116682135,Pantheon,0.044609623868915,Blitzcrank,0.047014622270081276
Yasuo,mid,Akali,0.0014905805933454908,Irelia,0.0016759203122184325,Darius,0.002311340866070767,LeeSin,0.0009335339003006802,MasterYi,0.001306446639014606,Kayn,0.0013580827375028748,Zed,0.0009401905687325628,Yone,0.0020093332991972072,Katarina,0.002434103775222889,Ezreal,0.0010471932920502196,Vayne,0.0013023252683325667,Lucian,0.0015405450322856795,Pyke,0.0012661770824919567,Thresh,0.0014654684332690198,Lux,0.0015740043002555313
Yone,mid,Akali,0.015456210323133811,Irelia,0.01689556465521383,Sett,0.01868616409484953,Kayn,0.01700850129778054,LeeSin,0.018928876251916863,Viego,0.019165758773383588,Yasuo,0.010183085675894429,Sylas,0.01925655853867808,Zed,0.02628966031733258,Ezreal,0.012731740143201924,Lucian,0.020533773056732433,Kaisa,0.022949841579079304,Pantheon,0.014559614681788865,Pyke,0.014658145750682035,Lux,0.023482958758801777
Yorick,top,Garen,0.07287270640731658,Urgot,0.0873469635698168,Teemo,0.08842597310278752,Warwick,0.07149029787496443,Trundle,0.08438584423877027,MonkeyKing,0.0910641281089412,Veigar,0.059491597117618936,Yasuo,0.07627217627600928,Malzahar,0.0776567093094934,Jhin,0.0446855482571097,MissFortune,0.055772785661266124,Caitlyn,0.056346530615789654,Pantheon,0.07839000264919886,Swain,0.08475757784765568,Morgana,0.08593115928619219
Yuumi,sup,Teemo,0.01308299691000141,Malphite,0.0213586621385326,Akali,0.02179905188967132,Evelynn,0.021729095238105997,Lillia,0.023430025999869816,Nunu,0.028356441428189553,Ahri,0.012362730793564045,Neeko,0.016409626059993146,Veigar,0.022124289444813865,Ashe,0.0138717502051416,MissFortune,0.014070000235788443,Caitlyn,0.01880449307915689,Lulu,0.012354017259706402,Lux,0.01922327965524571,Soraka,0.02801469791228921
Zac,jg,Garen,0.0385909405067786,Malphite,0.04235029041178403,Teemo,0.04614550332652391,LeeSin,0.021378714297513986,Kayn,0.0629756349961458,Ekko,0.0631130395404764,Yasuo,0.013093325478104687,Zed,0.02934179420764036,Sylas,0.0405566158458607,Ezreal,0.01262766158651684,Jhin,0.027743019987623897,Lucian,0.031839375298589115,Thresh,0.01936559709777605,Blitzcrank,0.021582277029234022,Pyke,0.033923357104109556
Zed,mid,Akali,0.003440323188804358,Irelia,0.004617917177520108,Riven,0.0064652907380905395,LeeSin,0.002576894625746194,Ekko,0.004313731239907912,MasterYi,0.005305202813895238,Yasuo,0.002112560802234894,Katarina,0.007208393854386068,Sylas,0.009291146791261095,Ezreal,0.0027722435564150115,Lucian,0.003646703875597229,Jhin,0.003919789553242552,Thresh,0.00348026785024855,Pyke,0.00445524870651679,Lux,0.004483692020383216
Zeri,bot,Ornn,0.857636765311599,Chogath,0.8895096558603799,Sett,0.889515832646166,Nunu,0.46603092767600307,MasterYi,0.4683474140753029,Viego,0.9069003962408082,Sylas,0.46362645808010705,Zed,0.8531567885337206,Yasuo,0.8952880389631648,Ezreal,0.2915405877988921,Jinx,0.8728634778490549,Kaisa,0.8782872976447534,Pantheon,0.480725859354465,Thresh,0.9327131840404209,Blitzcrank,0.9395261787623574
Ziggs,bot,Teemo,0.13446493565331413,Garen,0.15785618870495352,Malphite,0.18634349780182127,Nunu,0.1157559688774835,Shaco,0.14930851440989376,Diana,0.15208596496867682,Ahri,0.130632393327021,Veigar,0.1326688600831376,Galio,0.13464219570261196,Ezreal,0.10295924851228393,MissFortune,0.11524578105975647,Ashe,0.1301475687287968,Lux,0.07481189532742837,Morgana,0.10338418521864229,Swain,0.11827823536517224
Zilean,sup,Teemo,0.05438090993066491,TahmKench,0.07143013527849329,Malphite,0.07949891422982129,LeeSin,0.052995861081634975,MasterYi,0.0777860429956615,Shaco,0.09457687943243845,Veigar,0.04506504850894276,Annie,0.07226698053049464,Yasuo,0.083244149308356,Ezreal,0.03855165022868403,Ashe,0.04100295397690491,Caitlyn,0.05844566125466986,Thresh,0.05532535143320994,Lux,0.08986399651492132,Pyke,0.11284810549298097
Zoe,mid,Akali,0.010143753373894377,Irelia,0.013155777018499161,Teemo,0.042546573195308524,LeeSin,0.01734414211352754,Ekko,0.018061717798245648,Kayn,0.030260084932679954,Yasuo,0.024467170095923654,Sylas,0.0267599324376593,Ahri,0.031237606708290722,Ezreal,0.011083147069900445,Kaisa,0.019339144971205823,Jhin,0.021991127353846382,Lux,0.01454640799397998,Pyke,0.01927752054958409,Thresh,0.025175665572868
Zyra,sup,Teemo,0.02003191009937398,Malphite,0.0561729553281232,Kayle,0.056921748974833125,Fiddlesticks,0.03937095846598737,Warwick,0.04877978782344935,Evelynn,0.049719541270345634,Veigar,0.022557945854525682,Ahri,0.03008864516661247,Neeko,0.03317251950946586,Ashe,0.01927917557218247,MissFortune,0.023634339834386283,Caitlyn,0.03211106945307839,Lux,0.028897362791022407,Morgana,0.03854299725071762,Nami,0.04909964503996219
