Champion1,Mastery1,Champion2,Mastery2,Champion3,Mastery3,Champion4,Mastery4,Champion5,Mastery5
157,109353,555,80202,122,53546,81,31706,517,28081
266,117626,54,77185,36,60833,53,39345,14,28882
58,250388,875,61353,141,53829,516,48399,234,34646
157,188270,777,65476,555,49046,517,41462,84,38462
122,38797,7,32084,238,25974,875,24392,777,21579
67,87333,360,65235,28,55230,875,42647,7,40056
11,174556,122,71303,81,57959,555,50071,64,47418
120,117547,9,74145,22,69616,412,63037,35,58859
11,119418,555,98288,157,79085,82,56204,64,54419
157,77966,875,58483,234,49528,777,44859,64,28269
25,172015,235,78478,99,74539,43,56453,350,53240
86,310838,68,142183,875,112373,122,59186,516,57820
105,43513,81,39645,35,26420,99,22991,202,22218
245,50186,157,32615,104,29877,107,24839,246,23297
266,79232,555,69863,157,61282,360,58954,107,32467
84,108473,777,41215,64,37045,164,30515,76,24578
157,161019,777,81122,141,63371,106,56423,238,40507
875,247783,106,123940,20,102889,141,92095,103,82508
555,287761,64,168866,141,124309,80,119240,234,92679
420,111166,555,58034,517,46324,101,45954,429,37364
157,125202,84,42632,64,35607,39,31967,777,26563
238,188089,64,165642,67,152915,126,150455,157,97759
80,219034,89,83679,555,54725,53,46685,350,45099
76,85434,245,61638,64,53652,104,42524,30,30663
517,84944,157,68013,80,34321,81,24724,67,22188
555,137147,11,60578,157,39050,245,26561,81,22455
91,145236,555,133188,157,121830,20,74037,39,61944
157,181993,91,113363,80,101016,22,85933,131,45352
84,180730,238,104269,517,66943,157,54852,64,36136
17,62557,35,38333,11,33738,80,27480,412,25885
222,155696,164,135587,51,110014,22,85307,267,39102
11,290888,131,82686,64,62656,141,55909,777,31838
84,63149,64,47399,55,41796,67,41100,555,39758
22,177208,498,63842,89,52485,61,51562,103,46341
104,300005,517,93887,76,93835,875,51242,120,39384
92,132715,84,83288,145,55043,157,25655,203,22987
56,50833,517,39447,67,39266,62,29640,81,25672
5,61421,30,49710,36,45284,82,39787,360,34129
141,103535,875,36399,517,26807,238,21770,3,21624
99,39340,360,34948,64,33776,555,32391,81,29806
516,90854,99,62650,56,35010,106,26998,147,21099
360,237683,145,95561,236,73569,81,71218,22,67308
360,73024,222,59956,17,37447,429,35817,81,33679
81,116612,11,108170,56,106263,238,63354,31,56415
99,589648,21,85217,350,57971,518,54033,875,45811
84,73406,157,69239,122,54161,266,36621,517,29654
8,137282,56,64696,11,52331,777,45752,141,38281
157,72388,64,59508,55,58859,84,55806,517,38510
202,101928,875,73790,106,42161,777,29410,29,28360
412,134086,99,100097,142,69936,7,66754,236,53582
64,80898,157,44725,517,26830,39,25664,81,25162
99,202566,17,99287,50,97638,78,95626,25,85855
76,36598,80,32042,238,29675,157,26441,777,25536
81,35776,164,30494,517,30275,114,30228,91,23199
141,236766,99,82782,266,43152,145,24923,777,24234
45,33658,103,33566,115,28877,518,24087,412,22431
161,69160,114,67478,236,59430,81,48389,131,47067
157,182674,555,68845,64,45663,238,42939,360,37492
54,49991,25,35337,81,33371,34,30450,43,25791
245,216433,28,52130,81,50764,117,37496,518,36226
157,106636,122,81588,39,67904,11,44710,55,40001
54,316428,45,171777,223,115195,6,78308,80,44190
67,147593,53,105020,236,101756,81,98455,64,84041
55,736036,7,352215,31,267691,35,201037,99,152556
555,65675,91,56572,235,41262,360,34969,203,22456
98,294472,81,149534,54,147888,111,98405,201,96368
39,78478,266,77006,517,45025,157,35803,84,34860
157,94705,11,45485,84,33861,777,27322,517,24407
555,86413,157,85535,777,52024,84,36117,103,34733
145,103241,28,75717,81,57642,84,49116,39,35684
53,111992,111,86611,99,55667,147,23877,154,22289
141,84679,875,77924,84,71904,157,65558,39,61285
91,96257,777,79319,51,51155,420,35140,69,33366
157,328073,39,71056,91,66805,122,59802,84,47144
39,287652,55,57226,875,49012,157,43657,84,39201
555,305141,412,91519,141,61705,245,50246,39,44926
555,424360,122,246341,777,90240,141,77065,157,68407
99,191399,89,75377,518,73263,350,40178,103,39961
875,89161,54,66557,157,60774,141,55706,82,51547
17,87813,234,48020,555,43073,157,38856,711,33846
117,100629,350,41326,16,41276,99,31398,43,29485
222,48583,51,33225,25,32850,21,29645,81,26932
555,138198,141,53767,99,50371,84,48931,157,41114
236,64504,157,62483,86,52443,245,39002,238,29804
84,153393,76,63648,81,51452,64,45937,245,36725
107,250696,420,140564,238,103058,240,87986,64,80836
555,212238,157,96824,777,92799,55,60903,91,59035
122,120384,777,105717,81,59187,157,44587,54,44035
91,49465,39,43802,517,40462,266,38728,84,35081
555,111695,266,68614,157,65261,141,49267,64,44937
157,525061,777,111224,875,105943,141,28155,81,26041
157,57463,11,47376,777,28164,39,24268,64,23987
33,174695,157,114423,67,44284,64,35446,236,32017
96,160737,90,152420,63,142955,30,94596,115,60324
89,45185,518,37794,64,35810,39,35556,54,34015
82,300794,54,76009,36,71827,223,47206,99,37969
92,62064,86,57481,157,55662,117,55582,412,52790
517,314967,555,171405,238,126628,157,118781,39,72718
54,153538,3,94547,36,47154,32,30042,131,23622
54,65595,67,31692,517,29668,25,26937,53,25048
555,87301,516,65494,157,35506,777,34550,875,29461
39,91226,84,37322,7,35004,517,29418,81,27437
498,148522,24,116045,236,66863,81,56272,121,40450
28,73852,51,73630,61,46054,119,36175,21,28633
33,149967,11,50963,58,48192,54,44430,36,43171
157,92410,777,45521,141,35558,11,32069,81,22851
99,206808,103,82693,222,78317,22,70934,21,68197
157,99679,64,64527,777,45678,39,26473,141,25614
99,325598,51,58641,21,54116,3,41683,202,22097
518,253655,99,169062,51,82645,21,62052,17,44558
875,301527,11,36562,157,33979,19,28355,555,21206
51,56853,145,54178,81,49569,360,44358,67,41778
69,88147,420,72112,54,62226,164,40080,131,21146
161,50775,53,41757,80,24199,412,21466,54,21110
39,61197,74,54698,5,32430,238,28997,107,25060
555,179644,875,147356,157,135238,238,109909,145,95784
55,76439,39,47186,245,32657,11,30467,35,26501
103,205382,99,121991,222,95792,117,86456,51,81837
131,616902,102,117259,22,75670,84,62809,234,37982
245,271060,141,111404,84,72673,157,58194,555,51539
412,143067,89,134085,53,116617,101,113599,111,76546
267,152250,12,149567,223,131927,133,120431,39,116104
92,223925,50,124650,131,113570,53,66079,67,51817
245,570495,99,324228,80,137873,17,133800,25,88941
81,80996,32,34354,163,26288,77,26058,235,23786
245,239347,236,99854,64,68066,126,58919,157,41652
64,104965,141,97832,254,87834,20,81015,517,76967
58,630906,875,186881,54,60922,517,60653,81,46488
267,197150,89,171030,54,140891,64,116822,12,97802
19,126902,85,49370,58,45555,54,28699,111,25369
157,154302,555,108796,64,75947,777,68016,122,59854
98,91609,84,61879,245,34936,54,34617,89,25827
875,757512,122,147205,555,85349,157,57097,234,55202
555,155486,84,60721,238,59800,157,47950,266,32174
99,74812,84,72979,81,61330,412,52762,517,47219
360,148218,99,134502,117,95977,350,81703,17,62581
157,105807,53,78563,58,74602,3,67193,105,52592
555,282252,84,138331,54,35408,131,29440,236,24115
104,102794,245,93449,81,51063,157,48040,64,43526
523,86401,145,42402,81,40054,141,37074,222,35303
555,206118,84,161930,7,141401,114,100836,55,76743
80,252849,120,216224,36,154831,89,119586,131,103139
157,50177,81,41027,18,33901,360,32741,145,23118
85,259812,360,59488,84,38413,80,30669,126,28132
238,41647,777,40266,141,32407,875,28408,202,26954
39,135506,84,127277,157,121277,11,61620,105,58401
157,112554,412,31943,103,30203,81,29435,99,27792
81,127931,91,83132,523,72703,245,65791,67,50668
875,103333,11,67544,254,48181,68,42441,141,37090
157,255630,67,220967,64,204996,92,146447,81,110527
17,52758,19,29508,518,26732,141,21731,82,21720
11,112996,122,68121,157,57273,64,42547,53,28730
81,224675,145,99626,142,54602,222,37250,110,30576
103,520434,101,83599,51,83419,22,72435,238,50286
91,162583,157,115482,555,82452,875,60815,238,34787
17,196595,84,81343,6,61459,145,51470,82,42609
35,491804,555,47599,157,24378,99,22031,497,21322
11,166260,141,87466,58,43369,64,32025,516,23905
875,81294,89,37790,131,29289,81,26422,145,25254
136,95661,157,76081,101,71003,11,70863,555,70324
236,100493,58,75598,81,40605,164,32065,67,30893
103,142359,81,109984,84,90169,7,74400,64,71711
99,135550,35,104091,21,79236,17,68964,36,68192
126,350675,429,83789,67,64486,81,44784,202,42439
420,109400,234,79001,517,32491,360,27415,2,26285
360,211275,21,97726,86,96598,875,74455,58,69758
157,202896,80,58804,238,54977,777,50203,84,44214
39,41644,236,34337,360,31596,142,27185,67,24230
22,87648,110,80301,81,65756,80,60725,147,48296
777,351384,136,195742,157,174034,34,128112,141,62338
157,213602,517,107476,875,100843,39,64263,64,51302
157,229503,81,64281,64,58950,234,44255,517,43524
238,107954,875,48537,157,47529,517,45119,145,42789
51,220255,1,149243,21,87685,81,69604,7,62454
147,97816,117,50592,37,41960,16,39794,15,38483
64,96668,157,89933,55,88113,67,75495,35,44764
101,280993,81,172843,67,145443,145,125635,157,109919
81,95806,555,75268,157,57398,76,43301,145,38636
24,140671,98,136603,516,102334,54,99370,36,86723
245,58200,3,52979,136,50784,101,49571,56,47540
12,248149,53,76407,11,70549,86,69674,48,64510
57,242441,145,102092,875,101670,81,61661,147,58961
875,151234,141,73161,25,32121,157,24701,516,23268
238,535174,81,256265,103,199979,412,160339,91,81944
21,309540,28,77563,99,65505,89,54130,51,44871
122,86712,266,59837,82,49981,875,49142,83,39028
157,62023,238,55766,64,52625,555,47015,122,24870
35,77696,77,71325,17,38130,2,32381,86,30519
157,94939,55,71765,84,59507,238,56760,777,40931
157,259662,11,183465,777,108815,141,31781,555,21921
875,52106,777,44810,555,40897,238,28358,53,28216
103,104956,84,96846,360,72491,498,57438,99,53378
150,435717,120,48707,876,43669,234,34929,36,31838
84,49586,517,45783,81,45125,236,36899,39,35153
555,411588,81,118689,157,95068,99,89228,45,76209
55,110380,35,86612,85,65032,238,32041,84,29424
134,81762,103,37591,51,34809,58,33621,154,33100
555,121265,157,114156,39,82052,84,82012,64,61947
54,120827,104,103711,101,84737,53,83444,41,81489
711,44570,84,29737,777,28033,238,26652,133,26066
122,144177,3,91225,526,81659,777,78578,57,34569
23,168446,101,49673,86,33726,5,33498,64,31030
875,142362,516,76365,555,71079,350,45429,11,43745
28,164603,518,61266,142,53631,99,33865,517,30619
517,107604,777,74502,157,62503,234,56703,84,40941
157,81577,55,59264,84,49411,555,46117,122,45763
80,33764,875,29743,268,26306,777,22039,141,21278
131,232293,157,53374,360,47443,39,41925,54,38155
19,439625,89,108698,141,94495,202,83813,350,52490
875,100211,555,73871,50,48008,777,34686,80,28555
101,92797,81,72376,103,68219,516,51657,53,39479
150,71824,101,57031,58,46947,106,42292,122,28752
432,83484,64,57612,25,55037,555,54110,875,32193
777,236597,11,219159,157,118470,122,82086,75,53556
157,178716,429,115978,777,38728,875,32121,67,28896
25,204375,84,178551,360,170602,86,121278,20,102936
555,136118,84,60306,245,54282,517,34037,234,29258
875,159716,202,87974,25,86273,555,83171,39,82845
141,109067,157,71931,517,51755,11,46766,67,45406
777,140765,203,54989,360,32168,120,32005,157,27872
222,306447,53,196364,83,146487,203,120361,64,101247
555,76572,875,71943,81,51378,57,35793,80,32113
518,86225,350,72201,142,67355,57,30465,99,27511
777,129811,39,113751,157,108638,99,48248,84,43546
157,85758,81,36671,517,33716,122,29088,777,27972
99,259185,350,50758,30,33725,63,32258,17,32095
104,60500,64,38326,245,34136,3,29121,126,28068
86,482872,25,232584,32,103476,53,95712,111,66446
40,251718,201,241706,44,128997,267,99497,37,79194
38,554458,25,222551,21,178627,12,164630,32,94757
56,344897,89,67126,11,29835,517,23053,53,21282
122,153197,555,130379,103,122423,136,91457,157,84724
429,82183,81,68867,145,48790,360,28088,202,23200
555,153698,92,35891,19,33865,6,27144,98,21722
110,65911,81,59042,236,54482,22,49448,104,34618
555,74130,53,62018,157,42807,777,28511,517,28475
245,179756,13,75492,223,36598,555,30307,141,28060
875,254086,266,50510,777,42092,80,41615,53,37799
875,194397,80,136765,53,101920,54,32593,101,29068
157,148485,420,92295,39,56630,114,43393,64,42090
142,75205,154,39883,203,26297,84,22748,517,22385
157,153466,107,144022,122,48773,39,43611,517,43338
56,32812,106,29499,120,24249,54,23952,86,22664
81,74439,55,50499,36,45206,429,37451,67,35664
27,117828,68,103277,17,49426,16,37341,75,36710
1,149963,78,61949,498,53628,201,53563,117,43127
3,69528,61,66310,112,64194,875,56135,517,43891
81,238397,157,153085,236,133727,202,91919,99,78355
64,194251,11,127410,5,127185,157,60743,81,41120
50,197024,101,83384,85,66309,3,45906,61,33285
54,165153,53,97136,67,72162,86,69328,81,68874
67,150115,103,123019,81,122087,112,109650,236,84433
412,61495,350,30851,526,29510,89,28009,201,23611
350,322983,89,103655,16,71574,143,62589,497,29106
157,313602,64,126408,81,117535,91,111681,133,93709
157,147527,84,91693,238,49269,517,40150,777,26225
350,370571,103,114601,17,87004,21,66661,203,49765
517,92597,64,81276,157,65139,360,55590,236,49023
99,241295,103,68876,145,50004,51,49051,235,45471
157,308857,777,56876,28,49415,238,46872,32,28434
81,60360,555,35335,157,35082,517,34457,58,24975
245,163779,122,128738,89,59255,12,58554,81,56618
421,165071,157,104547,517,56822,876,39313,141,27856
74,188932,350,69756,82,69040,90,48578,80,29565
11,313311,350,133541,86,92358,35,66639,91,35974
84,72259,145,49207,81,48976,67,27985,236,26741
875,43719,238,36439,777,35059,39,32652,82,29411
91,95767,22,50179,82,39682,266,35280,13,33396
875,169725,64,102015,54,58846,157,42292,81,42207
157,63518,35,61980,141,44124,517,26156,83,23621
141,176306,107,55206,86,50586,875,48056,122,47252
8,175144,238,96691,157,67248,107,56121,35,55091
35,195375,19,116607,141,116009,245,78631,555,44103
157,146532,875,90178,777,73612,86,53188,81,33622
157,78160,11,37638,429,34151,80,26436,17,26266
22,91095,235,89503,222,65163,51,63981,81,46022
7,231177,55,129348,39,107776,99,73330,142,51875
91,305701,245,71768,517,64761,157,55134,81,46049
21,238973,360,55573,202,54174,48,40966,31,39811
55,41426,53,37419,50,28789,98,28078,76,21422
91,450256,141,156199,777,102042,131,91271,157,83902
8,175435,81,114965,64,97831,157,75847,53,50830
497,63429,81,37592,236,35897,54,32047,91,31953
875,50198,53,47258,516,45813,64,44977,35,44003
81,127329,21,84800,17,83363,25,74287,134,71047
81,63932,157,57578,84,41049,131,36599,360,34226
80,151003,141,56455,62,39870,81,38861,35,34700
516,226598,33,28519,32,26372,113,21984,54,21869
53,156796,81,142449,103,102886,39,97349,99,69206
18,83396,134,52982,876,45202,106,44159,20,39034
145,64818,22,60657,222,43122,18,28661,777,24926
141,36526,84,31503,777,25472,555,23277,876,22511
17,454154,75,75312,99,63028,420,54390,58,27303
420,338364,777,76923,360,76133,82,75265,240,52222
21,572721,22,216297,99,85406,15,79821,98,64758
48,111511,20,78773,11,77802,82,77203,141,67461
56,69277,82,32831,517,32331,86,29947,875,25370
157,260677,777,125825,84,66433,67,48774,81,46730
107,70573,122,64367,11,60981,141,60650,84,57046
86,104973,91,55814,36,53141,157,33484,17,30197
360,98624,19,94692,157,70777,39,69595,234,47398
157,75464,91,45645,81,44536,11,43933,517,42637
3,345553,44,169550,89,91473,53,63830,555,39011
157,187132,64,47606,777,42613,238,41455,517,34016
76,120405,4,112792,64,57853,81,55776,157,54063
517,126901,157,78370,84,42390,39,37329,238,27729
157,130627,141,119318,517,112377,777,60897,245,57636
555,169374,157,73679,266,57922,84,33852,58,28935
875,89584,86,80527,58,35808,54,30574,122,29747
81,86077,59,67208,145,65191,245,55173,24,45859
517,159647,83,84749,32,83567,555,53724,80,44616
157,55759,145,36220,84,31386,81,30938,360,27792
63,56483,11,41975,60,40935,104,38041,64,28674
28,116772,875,106328,131,83891,64,75715,76,67713
202,159307,54,113016,4,90427,99,89870,111,81742
157,79887,39,52899,777,29748,517,29151,11,25611
25,242422,50,167097,497,59621,81,58000,89,56564
80,90247,82,77274,75,47140,10,43424,516,38146
101,330777,54,125070,19,82776,53,68754,117,63852
53,40016,35,38781,82,36081,80,35134,111,31635
81,53093,56,49596,99,46494,777,39592,234,37186
17,237571,350,99039,412,56111,57,43386,33,26927
64,65333,131,45549,246,30425,429,25839,7,22830
875,114756,555,85648,35,52276,234,43321,81,40325
157,210033,53,79184,875,65323,141,61685,35,33323
18,123973,21,114768,53,107725,22,97714,111,86586
84,257141,81,109571,517,61603,99,58205,51,35596
62,110898,83,80160,68,51305,98,33979,875,23570
20,167546,33,69212,56,53900,102,49023,35,47525
157,78493,11,65312,235,57968,555,54043,360,47996
157,150393,107,142818,150,122880,67,84523,81,53678
157,62051,11,31503,875,31051,517,29193,141,24166
238,132775,555,61013,157,32460,11,21289,236,21284
245,83290,56,58222,11,54375,203,48082,2,45284
517,155634,103,117336,412,59643,13,37389,234,36680
516,105058,555,94068,11,45899,145,45164,12,40949
86,55956,122,55913,54,46638,62,41830,19,41657
157,120523,523,114589,777,62921,360,56422,64,49491
555,121456,131,61502,82,46187,86,30758,875,28244
110,73141,131,69242,80,37820,75,34111,555,32644
245,141417,157,38210,517,33518,81,24380,3,22503
58,34881,39,30169,122,28912,238,27393,84,23314
63,60638,82,57027,68,27216,98,25628,427,21334
81,62307,2,55358,876,50523,91,38996,110,30616
119,314999,412,292519,555,51417,145,42909,202,41517
84,47927,41,39880,39,33035,64,22179,35,21904
64,50507,157,39530,4,26212,67,25250,81,23111
122,478465,266,125353,164,86594,58,85744,84,67411
67,228438,122,169084,107,156374,4,107804,81,87381
81,51399,67,50257,145,47442,360,28804,222,26446
51,155743,86,102380,133,82690,111,65310,21,53454
120,172452,113,100195,62,31825,5,22643,141,22279
122,58744,106,35897,157,30734,11,28509,64,28269
99,79956,17,76125,350,74132,28,39518,117,35423
236,64085,53,62563,81,35776,145,28661,412,27008
7,77315,145,74863,91,73468,517,72423,84,63413
157,120970,50,81263,555,66246,39,63262,238,50404
11,178067,67,107154,24,99719,157,84681,75,82125
157,160064,39,76636,64,61557,80,38285,20,35551
99,388890,518,82156,51,80445,25,72196,37,67977
141,59297,157,53606,81,48506,64,47687,203,47229
82,175767,157,102818,53,30255,777,27964,555,26466
238,133823,64,127652,121,116796,59,114219,145,95055
51,261734,53,78560,86,71076,54,62901,22,60291
157,84289,81,51572,360,29069,67,28112,122,25007
555,250049,157,101465,517,57231,234,41353,39,39092
145,151320,131,111631,81,32141,21,25356,22,23078
516,86234,12,42657,56,32002,23,29148,11,27109
101,46380,523,43350,35,38550,412,36778,350,33743
39,159219,555,137606,92,26780,777,26377,164,21340
518,58224,876,57777,875,49994,23,41223,75,34254
53,141876,84,121945,142,47634,43,28136,12,26294
99,591739,11,106361,412,59325,21,53944,53,48166
64,118890,497,87709,32,74698,48,57448,245,55506
30,190358,420,127738,82,116642,266,89760,223,59079
35,284537,64,40512,150,37163,157,34994,114,22238
80,163026,555,90661,11,90554,875,81094,82,60336
101,230689,90,146547,25,128970,112,92488,110,88732
518,244369,99,95413,63,66149,81,36590,101,32720
154,115147,54,64953,875,63494,517,46311,11,37551
54,182337,56,162791,777,85173,517,68917,5,51077
5,103754,234,76847,120,40048,19,38758,53,37154
35,156112,64,144853,23,59180,141,41678,238,41584
10,265284,8,72521,245,72117,154,58349,67,38584
777,191042,157,167397,25,84773,360,72952,555,64847
99,203237,555,71825,53,57125,89,46551,35,39388
157,35571,122,34857,84,31862,266,31485,58,28942
157,70168,122,60527,84,43790,53,28220,80,22914
3,147482,89,95050,12,86250,44,31892,50,31460
777,142794,141,58047,157,54916,517,50137,56,43048
777,62489,555,51875,19,42397,516,29677,33,23073
517,38523,104,36757,84,34903,203,32511,85,21755
81,114040,145,39053,157,36321,777,31881,236,25142
81,36424,64,28946,84,28770,245,27160,22,24491
61,96210,67,61306,117,40585,121,35389,105,33022
51,138213,22,104052,164,96313,11,87591,24,84317
4,112884,127,94370,58,91866,53,82028,81,68076
58,69464,517,55832,234,48120,56,40395,28,38221
76,57155,67,41479,236,39302,145,39207,81,37789
81,82602,25,63191,54,55519,22,52522,67,49035
555,231667,875,133533,157,127121,3,46803,86,43880
497,143026,98,63829,101,46337,147,38308,154,31025
16,79619,11,73768,19,45208,92,36798,48,30074
82,324713,777,74013,141,69701,11,58914,497,54390
157,147303,875,66662,122,65375,555,60326,64,53585
145,142653,51,56483,360,47623,81,36133,67,32932
145,116906,21,79841,22,58492,222,49779,81,45109
8,107053,555,55753,245,31647,35,31374,238,29352
80,115771,875,74019,75,60840,245,45165,91,40652
157,310329,555,66275,39,44605,11,44134,350,41118
360,106590,517,42124,516,31933,245,25150,222,21398
202,125545,99,88936,18,78354,17,30128,81,26580
64,97836,51,57467,99,46100,81,42016,22,39898
555,372264,875,184590,122,126375,157,123288,81,93618
11,48756,202,41418,110,31147,145,29979,53,26794
64,69752,245,65724,517,32289,106,30387,875,23455
145,94683,157,62059,81,61816,236,61783,39,58940
429,239270,236,151782,76,84091,64,60326,39,58033
246,138508,157,79101,20,42679,777,37565,141,27384
523,92046,157,69132,360,60687,236,40428,81,39794
245,116742,145,94374,80,90179,58,57198,141,52754
157,89855,875,57364,84,33144,777,29067,122,21632
54,147424,37,138850,89,112715,86,106880,62,76538
82,388872,102,85996,235,50449,875,47530,516,21721
147,722414,267,540951,40,77153,143,39769,115,32508
86,354012,62,95578,58,58024,106,26892,25,22817
39,88381,412,53502,777,41518,84,39352,145,31312
131,195597,154,91673,711,39545,20,35453,81,35380
145,234078,350,128376,67,127549,81,100697,222,79128
99,106256,17,94279,115,94027,81,84312,89,62466
80,192781,84,74293,36,69764,91,28163,555,27807
36,53438,25,47129,84,33431,86,21986,22,21064
64,183352,25,68314,101,67972,54,66002,43,48586
78,72500,55,68045,21,43416,234,39957,202,35506
141,81053,517,62058,157,51776,777,51600,875,51140
157,201380,81,106669,238,81734,360,62915,84,61907
157,98759,58,49341,875,25289,141,21924,64,21321
235,76754,202,76220,51,58765,20,53488,61,39342
63,91198,82,69048,64,58649,56,53398,111,51396
80,34095,64,33045,81,26932,3,25932,145,22799
103,159742,39,98779,84,88847,145,73085,360,53780
81,191146,54,110525,245,68358,85,44222,21,43240
67,116531,81,69483,429,62402,236,46917,22,38735
41,82400,5,77297,98,62902,234,37629,24,27823
63,285351,55,189465,99,129757,89,100841,106,77215
157,112627,86,102879,875,87168,141,53256,777,49744
350,74537,99,64836,25,47536,22,41148,39,34394
223,118354,131,117285,122,78436,38,38711,78,38246
777,84120,122,36892,157,29563,39,26844,202,26334
82,209823,114,95817,75,68907,17,62621,266,60164
19,251017,106,231705,17,48636,18,34809,80,32122
875,53455,81,42678,86,40509,517,38583,58,35297
7,76221,55,39491,99,27054,142,24410,39,23953
15,151847,99,69556,25,31223,63,24554,22,22722
523,34232,222,31940,360,31126,202,28928,145,27345
89,136697,235,91582,57,59797,526,31846,111,26476
53,140632,82,108929,20,99019,80,81855,131,79750
17,147428,777,108486,875,97516,99,60948,25,35237
98,288805,106,55013,120,49506,104,45304,33,40181
157,259939,555,95543,141,83313,19,77763,875,68836
39,116304,63,54849,360,49294,11,35444,51,26420
99,134693,523,89492,17,53518,517,49098,350,26846
498,92960,516,78412,360,59006,15,36630,555,34180
48,43403,54,37677,82,37358,62,35927,875,32372
89,104696,57,68174,350,63978,45,57482,161,44157
84,83123,157,62651,4,40406,360,27933,35,25408
875,66275,360,54701,141,46744,555,39314,420,31065
777,82341,875,80347,141,60963,145,60686,58,48094
777,156166,84,149881,245,62735,56,45862,134,43978
3,159248,63,143647,147,111669,99,71996,497,61616
517,86683,2,64396,104,54992,875,44055,85,38428
555,343532,202,93366,875,44188,37,41334,89,33416
555,91790,157,51212,106,27316,82,23643,777,23432
145,47611,61,45629,7,35939,266,32241,38,31394
81,102912,4,83411,51,81709,412,73359,238,68500
11,69618,157,57325,141,28219,238,24604,122,21529
81,141682,420,137834,157,109947,235,78782,11,74365
55,497442,157,60782,54,54765,1,39469,22,39006
157,162054,39,112179,64,92564,517,71266,238,70267
141,72639,39,36147,203,30511,157,29739,11,25749
555,118419,11,82557,157,69392,777,66491,234,60522
19,148084,875,143177,141,96001,80,40569,106,37546
30,159061,18,55361,80,37007,54,33779,122,27568
39,141190,84,124016,122,105492,91,74348,80,74125
555,69843,516,44735,84,44465,157,41531,141,34319
37,285457,74,137202,25,60187,99,58279,21,56133
81,36681,145,31232,22,31051,360,24940,236,21279
99,118738,101,110717,115,32613,20,29428,235,28952
412,46329,89,33955,43,26802,111,22976,106,21989
145,133456,81,130782,236,95285,64,82685,104,59372
104,83663,24,64927,201,41681,131,38554,420,34903
498,169812,25,128033,22,121543,235,99434,110,84241
875,534723,57,206597,56,162599,50,89602,101,68300
19,118637,64,56480,157,46422,234,38672,22,38234
86,172320,875,119511,266,86084,58,36288,54,31550
517,66255,53,55344,122,52103,516,49079,111,46823
121,47830,11,44165,238,39839,240,37695,157,29568
84,75697,555,64608,875,40694,157,32129,122,28032
141,409552,64,133963,360,133130,55,73340,84,61804
157,151832,35,71400,64,42958,555,42455,39,40348
82,67985,11,34852,202,31652,141,28200,75,27061
8,186720,157,96248,82,76852,555,48885,360,47778
516,71780,141,37758,875,32240,81,27752,412,25028
11,176905,157,106975,875,82733,39,43584,86,40708
412,51627,360,42158,67,34904,53,29442,266,27063
157,230327,6,226512,81,173362,48,168431,236,129899
99,281702,57,183687,420,110645,117,100962,89,42099
35,143536,114,106590,432,102531,39,90096,101,87887
21,247075,202,106563,147,73705,18,68154,131,61134
84,180911,777,101186,234,34594,517,30157,711,23103
157,107913,555,48415,122,42386,106,38759,64,33898
122,101930,106,73778,121,62397,157,42047,141,40442
777,931056,91,184283,141,44901,39,32278,55,25419
157,335961,81,103723,104,77851,64,77068,145,71068
53,99466,202,79184,5,77891,432,69547,81,69253
141,42222,777,37202,122,32336,58,32209,157,30914
875,132069,86,47250,122,31176,157,27907,360,23936
19,107032,80,90034,56,51241,120,34352,106,28958
25,64026,48,49981,81,43530,41,37976,57,32871
875,115093,234,88146,32,67973,120,63853,79,53086
875,90019,106,75098,107,56009,517,50013,10,48980
29,57090,516,33691,266,30565,54,30272,517,26759
526,69391,17,32654,235,31295,80,29382,876,29314
24,128451,53,87972,3,75599,80,57144,122,36716
84,236522,360,131175,202,57980,523,52667,22,40970
39,70260,555,63985,81,44530,145,34147,245,24372
55,73789,157,37292,76,35474,246,33601,7,30489
55,189290,777,81032,56,62025,99,53870,34,40460
89,91943,412,86939,53,49645,555,39952,80,34896
517,52108,875,48258,84,39874,245,31534,39,26012
157,255860,777,93992,84,67338,64,43291,517,38914
51,232267,202,212909,236,86281,32,57734,21,54853
80,227874,777,209586,86,53966,516,50273,91,39711
11,212214,157,122667,67,77159,238,75095,75,59988
24,145317,238,83152,84,61393,517,58009,67,46405
555,109373,157,80868,238,73591,875,65586,141,32859
106,39841,141,37016,245,27794,517,25600,64,21107
429,35990,22,29628,81,27611,51,26153,21,25264
121,136702,107,133828,141,95609,154,50009,35,49299
8,553715,26,154108,254,102984,85,101481,10,76705
157,123823,141,110583,777,79076,517,43539,238,43183
526,170875,360,118348,134,32986,203,28641,142,26722
81,131888,145,96018,22,85641,412,78471,31,70275
875,84575,246,84511,157,67658,141,41997,777,34650
82,132232,57,104053,106,52391,54,48299,516,24194
19,75864,53,45279,202,39892,245,34211,555,21941
55,76350,157,69329,92,35158,64,28648,238,26655
10,184117,145,67356,777,59154,51,47633,235,43576
11,72125,64,63298,104,54871,266,43091,3,42788
143,172735,61,48558,498,41272,7,31413,21,29940
81,93810,157,67558,64,35312,245,30502,234,21631
3,73979,235,58971,131,45826,112,41856,82,36312
157,58889,777,42470,50,40846,875,37181,39,28819
245,237007,157,48183,234,31900,81,31412,37,24780
51,289635,50,133804,103,116890,80,41965,777,38322
64,52943,121,31297,517,28793,412,26326,245,25294
238,148424,141,94567,157,88909,555,64964,143,64330
33,113476,24,83420,54,51363,89,25509,11,23002
141,82031,67,80185,236,66274,429,64111,11,50192
555,82787,35,42610,875,29964,517,28616,81,26928
126,112365,517,88484,104,67079,164,59521,92,45693
89,71009,53,48990,145,33482,22,31376,58,31062
145,156661,157,121537,89,97941,412,94005,516,86389
145,66241,81,62967,360,51626,51,50850,157,31618
145,53078,777,40983,875,38212,3,36784,523,29501
777,70316,157,65988,141,56412,99,50416,875,40098
86,196693,122,67980,236,37717,54,25199,81,22501
81,175567,518,140886,350,97657,420,41393,80,31877
875,193797,58,181495,517,61556,86,58997,54,53176
875,310524,236,29840,80,25653,555,22804,157,22696
412,186656,53,100128,81,96835,35,89557,101,88230
89,470566,111,144942,21,69726,145,53234,25,39698
777,175148,82,131594,114,29331,266,27499,887,24444
21,53504,81,45955,53,37298,875,35924,75,35280
99,411997,21,103709,147,60385,28,55358,498,29234
555,153186,516,92289,33,69613,360,60904,777,60479
24,84062,875,43300,57,30203,121,29185,81,25963
157,293798,92,201798,64,140637,84,101445,53,92785
517,211426,84,96854,80,58160,777,56221,236,44537
157,77471,141,35390,555,34904,517,34853,875,30554
81,188752,80,177731,122,149500,84,111172,517,90128
122,158066,157,41512,58,40756,875,40623,245,32925
157,89981,266,44084,517,41363,777,36851,145,29032
11,60907,101,47661,157,41434,777,38334,555,30256
157,314672,875,110407,238,108133,555,83525,11,54901
1,672481,37,471079,350,363406,32,321842,99,288124
51,294362,22,288771,145,187753,222,98301,110,88671
81,259777,67,169114,25,150875,64,114102,21,81004
202,123322,412,76959,104,74409,236,62621,157,58662
22,356934,142,52172,350,48436,15,42317,111,36607
266,287728,39,80632,58,61240,84,49635,875,43088
58,56310,80,55529,64,43277,236,39905,122,31372
81,49676,141,33116,555,32201,80,31741,360,31660
21,245944,51,187205,22,153027,222,105919,81,92913
81,150236,202,70497,360,57685,22,43823,234,39361
157,221430,555,129308,777,112213,875,104418,517,74225
875,203508,19,58660,234,40133,53,32320,84,31935
56,289269,887,45802,131,42062,80,40116,3,39873
67,57132,81,33663,121,29820,236,29549,412,26677
157,194137,238,106853,11,73495,555,57337,64,47531
51,132688,222,107962,236,104890,81,75735,21,65439
555,55074,245,30072,141,26045,517,25813,103,21984
81,165562,236,141148,12,52109,145,35337,121,30303
122,314721,84,35892,141,30050,517,25311,36,24971
59,142298,64,140797,104,130163,141,117589,120,112649
145,37431,360,36363,81,29335,67,27232,777,22322
555,148604,101,32682,99,29175,35,26426,236,23310
106,342507,53,84597,157,83258,875,55271,20,51665
157,196421,360,47982,84,36412,555,34998,81,29869
120,250066,555,64493,81,51205,523,30113,63,21659
5,316483,20,158503,19,110125,80,88810,555,65220
64,161488,39,102944,79,48700,157,44818,517,41772
875,402191,33,80509,11,71327,53,49623,122,33803
141,87682,157,73780,81,33464,245,31420,234,30975
53,117181,157,51377,517,27860,84,21936,555,21242
133,392410,68,242059,59,238427,81,83122,429,79215
106,58807,150,41403,84,40996,141,34333,55,31736
91,37001,777,35104,875,31680,141,26607,28,23978
39,34603,157,33665,58,33628,67,29193,84,28930
53,191116,57,145270,103,116740,875,88860,58,75540
360,260426,17,114304,429,86968,81,64620,555,47708
81,222263,157,91022,11,82597,236,76287,64,74827
350,93824,21,77692,145,51842,103,36001,99,26364
412,263958,111,95201,89,78755,12,66997,53,53522
53,225443,412,140725,7,133153,67,103991,64,98550
246,102585,154,44393,420,34829,82,26803,53,21939
875,72809,777,59216,84,33206,141,27629,157,25107
777,92925,157,78076,238,68495,84,60152,39,39293
64,74318,8,61129,84,25633,6,23966,76,21749
238,75555,120,65028,101,53547,412,49592,53,48670
777,74000,24,67402,55,50342,517,49697,157,48611
16,41979,117,32538,31,31609,111,26472,82,25641
98,255409,80,172784,38,121182,56,82224,89,80958
18,114656,51,106430,22,32187,222,29885,15,28795
20,140980,120,90276,157,74820,64,54482,141,46971
24,357993,11,154384,48,57695,131,40224,54,27347
517,62622,84,60900,234,32969,245,24381,99,22978
223,159146,21,148654,143,105706,81,81212,412,62797
53,147914,35,86326,555,81918,19,72542,412,66122
875,179871,777,177091,254,122372,268,95531,412,75059
20,70032,96,61940,35,39531,12,35386,51,30864
517,57420,245,41487,412,31021,84,30149,777,24896
17,69318,555,40334,83,38010,412,35937,202,33652
234,109706,875,65708,517,46665,80,37854,64,36666
777,38043,141,26042,99,25332,55,24180,84,23602
555,284817,84,170713,91,131313,11,114312,777,99258
25,184579,350,106143,555,63534,101,48244,43,37359
101,103173,254,63819,86,53303,875,42173,517,34759
157,47168,75,31521,875,27530,54,26621,11,25849
157,43324,64,26311,103,25839,412,23695,78,21593
117,362769,99,129916,21,71241,267,59777,350,46002
157,202525,236,108414,64,105150,122,85019,238,78345
19,114522,234,79143,89,59178,53,54077,141,36000
21,86125,147,51005,777,43863,350,41708,517,38179
157,143686,141,41230,412,39562,81,39218,122,36345
16,162895,412,84899,245,55955,54,49949,111,47838
39,171708,555,65468,266,52002,235,47514,876,43868
360,44613,56,38451,254,33737,518,33259,121,30822
350,463080,518,83649,147,76080,25,64362,117,52253
267,111629,12,73551,89,47153,68,45767,101,32348
157,97244,234,49702,777,47343,555,44602,55,43671
157,159037,39,89160,20,51559,777,44005,64,40657
555,89660,8,66858,81,47687,238,46726,523,45604
81,217984,157,168962,421,131354,236,130451,412,110381
112,39648,114,37665,164,30192,555,28855,8,26924
89,118307,101,88989,12,83805,75,68716,412,68427
84,65048,7,63231,157,35259,64,31596,517,27225
84,101675,89,87519,222,42456,22,37059,81,34537
62,188731,11,105197,54,87219,24,85491,110,68539
238,48950,157,48901,875,48602,54,43852,35,37953
555,80980,777,75754,429,63338,11,46624,517,22680
141,69329,157,63980,266,61421,555,58576,36,44644
142,75775,54,68675,16,64465,157,63822,17,56938
25,83572,30,43088,246,40966,35,39115,55,30734
99,71064,54,67682,518,51980,3,43419,103,43287
875,73749,517,56368,141,38851,82,38683,91,36307
56,86915,77,51354,427,49959,19,41077,67,38715
517,106772,516,96333,238,71889,64,53274,157,45087
92,170890,76,69129,238,29492,81,24132,7,23411
75,125794,157,121042,67,93591,81,88456,8,54381
412,67516,875,45271,84,44676,58,38160,235,35170
141,101713,157,63608,777,39681,19,35633,64,29857
876,49321,106,41684,67,37482,17,25014,81,24552
254,252598,99,185221,113,120486,412,85348,31,69319
157,315591,19,115737,81,108498,5,74531,236,45828
777,80897,157,67033,84,57360,238,50110,555,49852
39,86505,141,72424,127,31302,105,26020,112,22548
555,270749,238,126657,64,93299,157,75429,84,61845
99,171404,350,91773,25,38955,117,31051,40,27138
222,81430,67,72592,51,43344,81,41030,60,39812
53,88994,21,86846,555,74547,141,73412,103,56761
777,56389,157,37893,517,37728,236,32478,122,27296
11,64835,55,61033,80,33949,81,26654,39,26555
157,156581,55,115452,89,102020,238,87816,80,66685
103,215542,266,87630,53,74527,145,60795,82,55262
141,121911,203,102032,76,60127,67,56429,114,38233
516,238756,145,156743,523,81784,85,79058,875,64493
3,86973,56,84856,157,58074,32,27621,80,21600
99,111641,50,79811,122,79313,22,66839,91,57792
19,134170,222,54708,83,44175,90,40523,10,37810
24,88376,53,76275,64,71551,110,61314,81,60222
517,64881,39,57976,64,46761,238,45548,157,41240
157,87580,81,38395,64,35182,236,28951,67,27349
99,685133,19,116931,518,96248,43,36823,350,31054
360,121017,21,105706,145,60101,99,48376,81,27626
517,103491,54,70063,68,34438,111,32510,63,25258
80,339578,111,53686,360,52999,517,40343,266,30014
157,86866,64,85664,555,83508,360,81137,147,62729
145,31972,64,29677,517,27937,84,22149,81,21623
80,80669,555,51379,122,41575,86,34272,84,29941
5,164056,54,147201,48,85944,35,70754,121,58223
516,174936,245,89791,202,39739,13,34454,235,32670
28,154647,86,105708,53,102604,350,94322,555,61859
145,47648,21,47553,429,40461,51,26684,523,24692
80,68207,141,50138,11,39283,223,37292,33,34169
32,132387,555,112334,64,51026,81,50788,131,32689
555,87549,234,86436,131,47113,777,37946,3,25730
157,166360,141,105633,555,76304,64,65196,39,44335
98,136999,145,103699,67,102814,81,93444,64,70815
22,223292,21,172778,51,27591,81,23869,36,22587
117,755179,350,301773,143,177201,497,164984,81,108148
236,39660,157,36533,22,34516,145,33965,39,27049
117,99089,518,96395,16,37267,43,35691,350,31471
39,211998,157,81023,64,68362,84,47293,517,23006
268,39832,85,33859,7,31829,517,26591,58,26195
875,55334,412,38456,111,35471,497,35316,80,24661
54,128189,79,97412,17,65527,81,58048,24,57615
81,179249,157,125146,238,108921,64,54980,11,46766
81,37880,360,27672,145,27346,22,23746,33,22289
161,433654,526,100804,25,73359,20,51194,111,36352
523,152530,202,98566,81,57642,20,49877,245,49714
157,179498,81,101949,238,99573,64,66702,67,55482
555,173855,17,84401,35,58346,350,50673,777,45218
84,190816,117,72004,7,39467,3,39297,711,35475
91,84797,202,81844,3,68048,235,43103,103,36687
141,145961,234,85049,11,57233,67,36126,20,33764
86,507343,11,145859,67,132216,19,123680,21,48482
92,57166,67,45656,25,40098,55,27960,53,26166
48,92751,254,35484,11,26360,154,23405,89,22652
222,64229,101,59767,81,54578,53,32887,64,32283
202,272740,429,240361,21,134566,203,83331,106,80972
1,344494,117,59965,350,39614,240,25347,99,23105
412,73911,53,33975,67,29959,516,28236,89,28079
64,97372,60,41728,421,39937,254,33915,68,33055
497,163679,54,81008,555,61200,58,61005,516,57014
20,116487,555,116233,24,58663,517,57495,875,53261
81,362454,24,86516,11,83396,67,80845,245,60103
92,144141,126,48850,57,37465,54,34509,39,26415
497,94986,53,92928,55,77418,23,62278,6,41925
555,43202,157,38075,11,26788,875,23749,238,21902
555,204685,157,118723,238,75170,35,52543,84,46600
81,107521,51,62364,8,61440,67,57489,236,51501
17,106197,5,66584,89,46718,78,46219,24,22815
53,125982,54,123891,81,63222,63,46125,223,39847
117,180870,142,164147,19,147591,420,120585,84,105997
64,44088,154,35174,19,34980,245,31016,57,29312
145,96412,360,76347,99,66117,67,24655,89,22967
11,109042,51,40371,24,31647,82,27301,22,23093
81,99751,157,74647,126,60438,98,57873,238,43300
157,164281,555,81267,39,64056,64,44038,50,41397
67,278771,119,98927,429,73810,523,62750,203,53438
103,52065,43,33295,22,27646,21,23660,64,22973
54,94109,86,83090,516,49785,36,40966,79,29492
142,264437,18,55707,234,52681,245,43321,360,35216
150,265510,91,73643,157,45701,777,39470,53,36385
254,132210,777,104625,55,98972,64,78335,131,61086
84,501135,157,70368,122,34203,202,29173,555,28913
92,111439,517,102587,81,55946,236,52784,53,36804
99,146960,498,64806,360,54391,145,52251,22,46483
18,69986,420,69876,9,34698,6,33474,96,32656
3,101551,86,46864,64,42581,58,30406,11,26278
157,62390,875,59848,245,52598,82,30922,86,24839
157,157355,8,108117,122,62172,64,55629,141,32638
39,87488,238,57032,84,41333,157,38420,517,29951
555,175385,157,170736,81,148335,777,101954,238,56270
145,378732,22,359468,21,291528,81,233403,110,230231
35,168930,157,61023,81,39661,11,30600,141,30261
157,192236,141,43514,106,34111,777,33627,223,32012
35,377823,53,35476,13,26703,11,26425,555,23882
81,118319,145,95950,39,78012,523,71383,157,57347
54,61951,57,59835,777,33371,157,29693,145,27854
517,39750,81,35726,145,30853,202,28102,64,22100
86,84403,82,53641,81,44116,58,29982,517,22471
157,160755,64,57971,11,54496,236,53185,54,48067
32,107232,350,71602,875,44883,106,27890,64,23844
99,362561,117,209216,21,164558,350,93432,22,56677
145,86161,22,70509,81,68483,67,49509,517,48664
143,80931,101,44752,267,36271,22,33587,21,32393
11,80821,875,54229,266,47157,86,44521,64,37154
555,55239,157,53122,122,30616,429,28566,141,21713
497,90858,238,45218,20,41596,81,31699,245,25231
103,157056,55,96497,142,61300,157,52456,555,49693
59,124225,122,42722,266,33588,141,31535,86,27518
412,53852,12,27770,3,27431,53,26841,266,26557
157,128558,777,111382,517,65221,141,47859,39,43676
115,388692,518,176248,45,97506,1,55829,142,50990
84,169054,39,115380,236,84943,517,59552,245,42393
107,65768,350,57795,105,43398,20,34951,555,31723
157,116102,555,63720,54,59204,238,54649,875,50525
19,69535,555,65304,234,45386,64,22303,777,21112
875,86860,104,72029,39,70081,64,48142,76,47104
35,100679,11,94270,555,80995,84,56976,53,48156
83,145157,40,57721,98,47616,99,37520,57,36363
19,285743,555,172891,777,93528,114,39696,266,28475
876,142456,122,108992,147,108101,82,101727,21,56557
157,86267,39,57604,141,41112,266,38239,64,35190
412,247103,99,231518,141,101909,235,92151,82,91610
517,145021,266,76714,875,73914,86,68747,84,49063
122,115424,75,62599,223,45621,34,26313,518,26161
84,267668,429,43507,150,43078,777,40305,236,39424
99,188679,518,162083,350,120443,20,65115,51,50386
203,291221,63,166503,28,126652,98,54728,56,45386
238,304273,45,192434,777,124950,157,124589,266,69917
55,84986,145,68096,81,62193,67,53316,777,33775
89,249967,99,168508,32,138019,222,70513,80,47194
141,131037,11,122629,22,95358,234,56655,64,52381
777,26168,91,25688,96,21526,104,21285,51,21156
555,168140,82,98123,25,59424,157,52934,75,44003
99,34005,54,27445,106,24072,101,22417,22,21933
39,44560,84,40590,777,29568,81,25957,517,25814
11,575288,107,69726,141,67854,131,36017,875,24255
516,91966,58,58570,254,57874,3,56364,86,44965
517,226735,777,78749,238,70085,157,56162,141,26048
21,117441,498,85290,360,56125,17,40420,81,40295
555,245544,157,210361,11,199654,875,125614,86,118260
43,94769,25,63812,412,60085,81,48858,111,43282
53,76109,89,70348,81,50563,31,47816,74,45632
7,267166,114,88214,202,84060,236,83688,136,78947
555,72760,157,64643,875,64074,11,48093,141,45847
8,115196,141,92593,17,60620,555,58821,81,38068
39,77368,126,54887,266,47603,41,44996,236,41125
56,83423,875,36064,99,35428,64,29763,17,25286
99,63627,16,63351,89,61432,555,34192,12,31270
157,270790,141,104741,875,101031,82,93976,122,88516
64,122673,107,106892,67,79564,421,77802,81,68047
64,161717,266,64901,157,62726,238,56229,236,55445
63,71576,80,60650,517,29507,101,26906,1,26201
54,340350,106,69337,80,53653,31,36583,19,36428
103,60255,81,57181,122,32859,157,30877,54,29359
103,150062,81,89606,54,73633,53,72790,236,69459
81,130438,58,95251,51,69459,23,62632,157,61957
98,392964,81,104249,39,95547,51,53488,67,52300
157,86200,875,47409,122,43062,11,42310,360,24294
145,28407,84,26422,164,24155,517,23547,235,22889
64,52963,555,47658,234,30386,59,28791,55,25425
105,47038,114,41617,84,40139,91,26011,429,24827
141,78299,134,45872,236,26504,875,22817,64,22783
238,116484,245,93719,157,91320,64,65313,517,40553
236,53701,555,48502,99,35473,53,30190,25,22379
157,74341,84,28815,39,28173,11,28143,64,22196
67,163700,51,98290,29,88350,21,83322,222,66534
67,211983,429,190886,81,80020,360,68434,157,67016
555,69482,103,67254,80,48855,412,44189,25,23659
360,184156,84,118358,145,79796,39,62212,10,54946
131,102143,161,94420,25,94389,20,82796,57,56313
55,338567,91,165443,246,55722,777,39392,11,34027
5,109012,238,28491,497,27885,3,25082,32,24634
777,178043,22,141250,39,53144,141,46513,84,45722
53,139484,412,60820,111,50599,25,28363,11,25974
3,61880,8,57078,24,46844,145,41139,875,25743
81,92373,202,71455,4,48308,8,45745,235,45563
516,150322,58,110548,266,62949,122,57864,82,43186
28,231978,54,158127,516,110123,68,69754,99,64928
99,497390,131,140209,64,94706,53,52469,145,43047
360,73150,145,61906,7,30660,516,28330,555,24705
64,54590,268,47830,81,44121,104,40830,4,35119
99,122162,518,120900,555,104615,82,90473,143,65366
157,119260,84,63555,39,28974,7,22475,555,22022
142,272007,81,235423,203,130911,157,81981,555,49705
99,114026,141,86050,360,84935,25,44783,84,37785
51,239351,82,92499,360,90830,202,81734,22,48755
157,107989,22,66973,53,64269,11,61785,555,36701
99,265713,117,83291,142,52397,89,50827,22,43351
143,244325,67,121498,81,116726,51,45772,21,43188
45,284193,120,240581,11,175585,30,47819,234,34086
53,200967,36,145954,11,118362,202,115586,121,84224
76,137321,64,128531,81,86675,157,85271,67,75383
43,33624,56,32821,111,29694,12,26694,89,26209
21,89347,36,51851,18,49956,24,48762,81,37038
67,138430,11,89492,875,69410,81,57124,236,47017
53,77382,12,64344,54,50995,86,25344,45,23819
64,321697,134,117903,35,101487,22,78615,67,65140
64,188943,126,74839,112,50769,238,49976,76,45837
11,90297,56,52829,555,46887,157,32203,82,30735
81,88352,13,75061,238,67021,107,65441,157,65062
202,78392,523,64312,517,27835,81,25756,157,23704
76,222957,412,198061,157,184892,238,118693,81,108544
555,60377,875,48160,141,44186,157,42857,35,24897
67,111726,145,92080,96,88649,222,63225,75,58941
107,200476,6,165026,10,92115,56,80812,36,69664
246,164762,141,88560,99,44558,84,43325,39,42751
555,63386,35,42931,64,36558,238,32139,41,29190
157,61640,360,26416,122,24409,84,22685,875,21957
64,47225,164,34574,99,30191,81,27249,104,23904
555,141981,875,126468,360,102575,67,79438,145,39623
360,167172,141,37294,145,33772,67,31005,222,28835
81,60971,63,56535,18,43017,115,26971,75,26074
83,41554,420,39063,875,31461,86,25531,39,23941
350,286492,103,141911,39,115116,498,73880,202,39162
875,54548,58,53091,62,41024,157,26238,555,22840
412,65647,126,59154,154,56827,86,47436,266,44398
111,63801,412,30268,12,25829,777,23424,39,22938
84,112294,90,110219,114,103306,58,72670,266,62385
81,93881,235,88863,104,73467,202,67135,67,65230
234,193630,360,118524,777,99460,45,96404,19,38300
145,177293,236,102970,10,71570,114,58218,360,56489
53,71580,75,56603,24,51608,64,47125,98,46328
104,74509,64,69314,157,41573,81,40822,76,36966
26,268871,99,119656,81,104439,1,99578,74,94715
234,432665,157,170944,238,124337,875,106196,11,79729
157,374799,777,175621,141,102914,555,95015,64,86524
106,130819,86,63469,516,41845,80,41809,81,38064
875,261729,157,56192,81,34347,360,29487,131,29317
245,402364,39,89278,203,44478,202,43293,157,37481
420,305497,131,275146,350,169996,235,39264,99,33402
360,121407,122,76246,81,70587,157,69408,145,54665
99,994954,51,89625,89,70915,21,39170,56,38265
142,104798,84,72917,245,52727,39,52623,20,46195
81,196920,201,119106,157,56874,145,55244,22,49168
39,48090,33,39874,64,35949,157,32084,11,25668
157,278044,64,192168,555,170945,81,99157,39,72140
64,171976,81,58212,92,52223,4,49143,11,47431
6,112512,555,76991,875,48413,53,36166,82,21981
516,73970,11,38300,80,26445,875,24261,81,22612
555,199564,157,130912,107,71482,875,63196,777,63105
235,76098,81,63076,141,62133,145,57111,157,49327
24,167306,122,154483,62,88191,99,88189,53,65332
101,66383,81,60799,254,51960,517,50598,80,47761
19,91853,421,67189,157,57967,777,57389,84,49494
25,93356,81,60276,222,42071,145,41812,89,41537
81,70238,517,69635,777,30396,64,30385,75,26606
122,92251,875,54840,266,49875,360,39591,555,34775
141,191778,25,184079,777,135621,157,104041,54,93153
147,171487,497,72142,53,35174,350,32663,37,32036
122,152023,53,92454,432,84150,64,80288,23,78104
64,67317,81,64387,238,45064,555,33945,39,33556
35,136736,18,69447,497,50072,53,44691,74,41376
203,307606,50,189679,29,153102,80,104311,96,87201
51,209672,412,147657,222,145975,21,129262,81,124677
555,63343,516,60743,412,50592,25,27202,157,26428
145,83589,126,74617,81,74612,875,43451,202,43186
103,131243,99,129411,81,127344,157,108937,122,96591
105,441322,67,337357,21,267452,51,196379,246,193346
84,195092,23,155531,238,130194,55,109941,11,77750
51,220633,37,94194,99,85491,412,56906,89,27974
39,68422,76,34718,266,25892,126,25232,876,25070
555,202211,266,31029,54,28995,53,25427,84,21976
101,101705,89,30510,111,29095,516,28253,876,21901
122,54863,157,40243,875,40158,64,36922,106,34525
101,49475,777,48629,99,38132,81,35958,875,35599
39,96374,81,55467,157,34429,517,24062,54,22494
20,193773,17,69435,161,56925,67,40852,234,30236
875,98399,80,91186,53,57588,238,57553,131,38659
157,145879,92,136081,222,115493,516,109573,53,97307
523,31370,360,25378,81,24077,80,22864,420,22855
39,51257,517,44174,555,37984,266,25733,92,22570
84,63505,157,59815,122,59083,517,51564,91,22158
350,139570,117,83623,111,77511,53,67792,25,65947
161,450819,11,64102,142,60659,63,53161,141,46766
157,143400,555,69861,84,59895,122,47463,238,43665
555,124572,157,71824,516,54919,141,31299,64,22769
39,82492,84,57089,145,33386,81,32578,429,29793
105,188261,134,46759,12,31578,89,28797,111,27973
518,139597,17,43102,69,42410,74,39120,11,33647
145,57620,64,51890,76,31334,81,28155,67,27515
20,262324,412,159943,143,63783,25,47608,59,44489
45,106475,50,74307,516,39424,98,26652,875,24383
84,68292,81,46868,11,29845,141,28376,53,27382
157,177297,67,72044,85,42186,711,32990,112,30353
20,149820,80,118091,516,86234,360,54850,21,43819
81,162812,51,140273,104,73120,22,69792,235,69212
245,168920,157,168507,39,108816,81,73604,238,66660
50,118242,236,74376,67,58669,81,56537,103,52416
19,209317,24,47665,11,35431,36,32562,81,22034
64,406777,92,205426,157,203033,67,162470,238,145558
157,72630,147,49207,81,38840,89,35886,64,32768
245,81865,64,79102,67,67692,81,65704,84,57323
81,106086,98,80608,222,51623,154,40887,24,34801
104,83632,106,74659,120,60185,2,57184,203,35151
92,287064,54,76754,48,74930,53,49060,24,28552
157,223907,11,53133,777,42251,39,41023,238,36095
555,158304,157,151773,121,69649,19,41851,20,32409
498,130765,523,92532,360,80726,145,65838,236,64577
39,752585,103,47912,875,25847,420,25224,11,22043
80,134144,145,36638,235,32393,86,30667,67,26798
145,48278,84,47234,236,37074,238,34685,39,34240
157,120101,11,88532,145,57734,875,55272,54,53347
875,129354,57,83594,145,56378,67,26623,141,26057
4,35147,81,33695,76,32331,126,30306,122,25409
777,120870,39,51133,157,48188,360,45850,234,45577
91,148558,157,85575,84,73891,517,57195,64,49463
157,77109,360,71241,122,55421,523,49617,517,48379
39,322535,875,61995,20,60833,81,49866,517,35902
112,104994,92,73828,91,69803,67,50959,56,29458
141,177075,875,77869,54,77143,84,66517,86,50435
420,138493,141,45109,104,33593,157,31545,64,28425
86,350338,58,90714,54,45110,67,33194,350,30387
777,109212,34,108775,56,60956,555,55550,53,27834
157,144010,238,109395,11,108442,141,63142,122,52607
875,272397,412,141993,223,118989,54,104198,89,98663
266,47015,126,45252,91,36004,164,32019,114,29739
50,303109,32,100804,90,97612,141,53980,875,45261
55,559366,53,97706,120,41384,64,28716,11,23657
17,137872,498,61273,99,59462,350,50885,117,35346
157,219754,122,116724,555,59380,141,58191,517,52964
11,71459,875,67573,53,46883,157,42194,141,40841
7,142603,350,76187,875,70318,141,69547,103,67464
81,183446,64,175468,67,112089,51,96317,266,86338
136,164165,555,98883,8,45539,107,32183,238,28974
235,39391,516,36774,54,33546,777,30032,34,26687
19,200988,54,192750,875,140898,64,84834,2,54500
28,365210,555,274771,19,48784,103,47938,350,31382
157,367847,777,108118,517,83737,84,68165,555,52811
875,259340,157,126129,64,40833,777,29360,238,27326
24,53404,63,47337,91,47222,101,43872,25,42447
81,319319,67,160659,236,128727,54,117322,22,115265
45,129242,157,101298,555,75682,55,75595,83,66959
157,139478,81,66504,777,54240,875,31077,2,24255
55,144017,238,65150,157,55172,245,49835,91,49519
82,44867,360,39518,54,36957,106,36191,234,36058
235,90747,117,48787,497,42584,37,36720,3,25425
64,57791,245,56044,164,49076,141,43214,81,41976
16,224828,103,80551,117,76966,25,69052,99,66212
35,346683,157,278769,141,215656,777,157168,516,137008
84,195427,81,134964,497,91843,777,68245,53,50983
875,149963,89,90735,86,53204,80,36420,147,32911
99,439431,25,208461,111,186937,117,31831,16,23106
76,147126,104,62819,110,62478,22,60898,81,47677
99,58923,420,33932,516,27676,45,25125,875,22085
75,82630,254,61854,53,52648,121,24393,35,22626
107,201590,76,126055,10,115077,92,103268,11,101329
555,234818,157,139739,122,87931,360,70857,64,46183
134,975790,91,423271,24,30855,92,26743,11,21930
86,126801,555,50732,11,44393,157,37101,516,34036
131,263809,53,67162,32,63832,58,44748,21,34805
37,283831,81,135929,22,97825,99,28470,16,26454
777,179278,157,68731,238,50798,234,32084,54,31478
22,224200,143,56464,99,44365,111,40769,350,37246
39,206906,360,146769,11,111697,80,95679,875,65775
22,190559,145,163842,518,115999,350,84245,99,55846
64,104909,104,31763,360,27941,67,24136,76,23293
82,181339,53,110505,85,106868,516,99270,3,57867
202,201302,157,50384,245,48609,777,46264,81,40168
875,89140,121,70911,39,70672,82,53579,22,43040
86,161241,875,71592,83,52878,5,23841,54,22185
268,65192,114,61675,106,45611,57,28361,54,22061
555,115627,157,77818,17,56635,58,50894,141,50147
157,90860,84,89911,39,53914,517,50051,64,48221
875,221150,16,71041,133,57315,166,38475,22,25596
875,123001,106,88009,234,80993,53,76709,104,64467
497,117413,145,86177,81,76629,64,65758,223,65384
222,187413,145,45167,81,35134,157,31150,235,28321
145,103008,523,68475,236,58439,875,56089,81,55752
222,80975,236,62327,51,59280,81,46621,64,42701
157,134169,99,81132,555,70182,64,52906,81,47872
777,149572,875,91271,84,84060,145,46316,39,44947
141,190877,157,155223,39,37175,145,36294,523,27381
157,518582,122,201223,11,91906,555,70855,875,44141
142,354999,22,251157,99,165608,222,101163,115,65377
875,278639,122,95685,81,94548,106,87106,82,68783
412,111560,53,77518,81,72232,12,64378,103,60936
120,159498,18,133481,81,123914,110,108001,5,73674
25,157707,141,70752,91,40629,51,35300,19,33806
81,91374,64,53950,145,37845,22,33845,85,28218
107,96519,21,76265,90,53484,134,52234,11,49792
103,81933,85,79709,412,42882,18,30330,51,29578
50,198630,526,52243,111,46113,25,34906,412,26709
245,40488,106,38653,157,32504,777,31246,517,30708
517,67710,104,46932,39,37833,157,26312,84,25296
157,90976,84,82743,45,59215,11,47966,141,32700
555,59742,777,29459,54,26946,64,24024,360,21410
104,195738,17,151149,67,129749,203,101268,10,88510
157,145559,99,106060,777,61619,875,43854,53,43072
141,174045,50,171370,555,99919,11,75553,238,45344
92,136361,238,111221,53,102428,157,90608,201,79638
17,449348,235,121506,99,52197,81,35898,57,34595
555,252888,110,132686,19,57254,777,34042,11,31500
875,219661,202,107881,119,91363,555,83688,429,79855
157,57641,516,44239,53,39202,103,37223,106,36251
18,47666,103,34473,81,27671,154,23714,54,23055
99,193247,518,92163,17,58176,350,49358,145,39135
157,178067,777,141181,875,74818,517,62801,81,57750
99,116068,80,78041,53,42576,81,41652,875,35462
86,165172,81,72306,101,34145,99,33994,53,26472
412,114298,8,111837,61,92332,105,73490,48,60775
350,333790,99,212590,17,91835,117,90294,53,85978
84,518725,55,340615,22,319540,37,248108,67,235304
24,346177,72,220498,40,63768,61,57397,68,54982
516,271618,245,169620,81,153978,145,91815,157,73303
84,77014,3,43476,81,43042,104,41306,126,26013
412,65468,11,60295,157,56025,35,50064,80,49089
11,78096,64,65587,163,48975,238,48009,81,45608
157,105322,875,38872,122,37347,106,33133,238,33083
412,235759,111,104212,201,92987,98,85541,51,82018
111,186271,89,170238,254,93330,53,77571,54,48374
81,134017,157,45700,266,40084,360,35854,236,31706
35,217176,99,88910,516,48178,11,47845,74,43182
157,151739,11,46672,67,45772,81,38329,360,36202
62,113574,17,90576,222,83826,101,73826,67,67522
157,131911,141,56749,875,31526,64,26992,555,23678
99,329096,64,38033,157,28308,17,24427,86,21944
2,177910,30,141866,58,75232,56,48566,82,39156
11,244907,63,125935,48,90808,21,74273,360,64516
236,152460,54,147703,81,137127,64,135236,58,119008
11,232091,555,76524,875,62055,360,51755,62,45179
517,37334,121,33283,245,31529,11,27916,33,27174
236,81083,81,45761,517,44602,412,43354,145,42998
517,205429,80,43685,58,32577,19,30584,141,28620
5,225597,58,83638,53,70714,555,59625,19,46087
17,102497,875,92548,54,54285,523,38509,81,36148
777,203590,157,129155,99,64516,236,48719,875,41596
33,83771,875,76479,80,42693,99,28985,98,28630
91,195750,54,91194,67,71090,7,51944,236,36964
81,138416,555,120024,350,74344,157,64090,875,55976
18,119778,89,84580,81,44876,145,38798,62,37982
518,185754,53,66185,876,61510,81,54412,20,42682
517,59430,58,40576,875,40166,84,37461,236,33058
238,274523,266,250474,67,248665,81,174106,11,119044
777,117400,157,86350,91,64045,81,44292,238,25960
81,143246,360,54495,145,51579,122,42516,53,30205
555,92062,875,24505,54,21399,360,21331,157,21182
91,133170,157,61777,81,44283,84,42699,517,38599
245,59109,157,56822,875,53444,64,49954,555,28724
81,184213,360,61158,157,56573,164,49573,64,43538
266,108735,777,45949,39,38365,157,37952,110,31963
555,88922,11,66855,157,57104,777,25593,875,24562
131,75826,145,64071,202,52890,555,50736,81,37212
81,66755,875,58456,84,57066,39,49092,360,32324
141,223950,53,201432,99,110762,17,55248,350,54466
555,156508,50,92263,99,70250,103,62020,141,61776
81,78920,92,73032,67,64389,157,53934,36,36857
875,321840,122,223539,517,111577,266,100181,58,68884
74,103156,92,67827,12,56732,238,52242,122,34896
157,290268,777,90114,39,36154,517,33382,238,24691
122,91913,223,64989,518,54087,99,26207,64,21118
81,181819,12,82381,51,75136,412,72347,67,65684
517,195677,19,132726,50,72871,875,46039,35,43630
875,107832,25,69387,360,47111,2,38037,81,32780
82,76676,555,62229,777,60092,34,45309,350,40952
84,42300,82,31923,55,25476,99,24648,266,24526
555,121872,86,66855,80,58879,82,35636,111,32757
64,178401,238,162629,157,152991,412,89930,55,65130
58,57839,266,56182,8,52423,122,49383,64,39332
555,135362,84,96902,157,48686,39,33879,35,27048
518,250209,234,119234,236,118913,99,78415,80,73547
12,202483,54,184586,59,148863,37,133247,117,132723
145,94722,523,78509,81,54726,39,43695,236,40950
11,119832,64,74631,157,62024,555,61575,81,52133
412,52373,20,44244,53,40893,516,40209,142,37235
55,90731,777,87647,39,74997,84,63849,20,57498
555,50510,81,35003,84,32462,238,26467,53,21618
157,135016,39,105413,517,68595,86,64026,81,59424
17,851649,99,163330,80,145424,4,144290,90,83197
99,42019,81,38210,134,33967,17,30179,86,27453
141,80324,60,74894,67,70035,131,37331,104,22982
157,464122,777,113067,141,96502,875,89280,238,87079
21,201244,22,89640,89,64164,51,46491,254,44261
555,102219,33,81213,63,71978,517,66387,875,60374
58,179203,154,132124,517,72349,122,53913,875,47331
236,300250,133,268636,81,129805,2,98750,43,56031
875,286949,2,57221,3,28517,19,21948,82,21792
3,199679,54,101471,875,85449,82,78322,517,77029
203,150030,9,99807,876,69153,555,65528,11,52824
150,162946,110,137013,21,114257,81,87912,18,60333
555,134474,84,45544,33,36372,777,26356,16,24916
57,110726,19,92516,517,74747,266,53258,164,51679
106,108212,36,88995,53,67130,81,60658,20,52237
35,84923,234,60486,517,59500,67,36878,38,24843
121,158060,245,128551,141,119047,104,66382,60,65713
81,139188,145,129293,25,108243,82,34500,22,33328
120,71279,420,61903,412,60792,12,38314,50,34294
106,61313,122,56201,875,35396,516,28999,150,28913
234,133752,875,120504,19,94877,121,92972,245,92422
53,38660,412,32383,517,26137,523,25508,39,23759
141,199286,58,48437,99,38237,555,32435,80,26886
157,141685,81,64727,11,63988,141,58827,555,58172
76,123501,141,82193,64,73609,145,44026,517,42455
82,199234,89,111731,54,83562,106,57145,24,44547
31,558574,53,277650,89,65904,11,65236,17,62055
154,470494,21,311296,53,300566,222,287711,25,276767
54,66573,875,38502,21,34430,86,34006,22,31014
555,53352,84,34511,20,34417,99,33041,236,29495
103,82359,518,71834,350,61931,875,43222,145,32677
240,196858,58,99995,555,54515,84,42308,105,30844
157,126460,103,85661,11,64544,81,38681,555,36662
89,125003,19,117953,235,64385,21,45887,111,45585
245,93658,64,83933,24,83077,203,74341,141,65607
81,230381,7,180488,105,92721,34,92126,143,88264
157,117265,141,69769,122,60252,106,52081,11,40824
89,58628,101,50594,117,45723,11,25142,91,23221
555,92656,157,70518,81,59147,875,51274,84,50546
122,85676,555,44427,157,39810,82,32718,55,29581
111,68487,875,46859,81,31961,117,29426,84,26719
777,66855,106,38537,238,36589,58,35827,33,28209
80,103419,234,53463,63,49820,114,44882,518,32200
89,176067,23,152812,28,109000,17,80818,56,76835
141,121096,103,108414,142,67310,80,56561,20,47534
17,752541,516,46277,58,40946,101,31845,99,28061
53,70677,157,29878,99,26710,4,22753,412,21027
86,82464,74,68338,36,57521,17,44745,25,44704
91,64524,122,62530,157,54905,777,45524,875,42928
82,77072,555,50610,157,31792,122,29400,266,23702
101,51214,89,43162,99,37245,53,31852,25,29969
245,95689,55,74906,81,59123,360,49430,120,39666
157,73713,11,32870,122,28123,517,25349,141,23090
157,141535,238,102881,39,89841,81,67299,84,59501
777,129162,141,125817,121,51145,91,43010,104,38475
143,115543,51,113415,99,97871,89,94067,103,77860
360,51369,22,46179,81,45099,51,33899,145,30449
98,143805,53,116109,28,96760,27,77767,80,71792
555,99365,777,69928,517,36804,107,28450,145,26584
20,63683,80,37645,35,36727,234,31665,157,24621
60,188388,64,142288,121,104573,421,69518,203,61020
105,70345,39,51730,236,31715,517,30631,84,29275
238,59175,157,35762,80,35549,84,31732,141,23809
777,82145,141,61131,33,51164,516,40483,234,36452
875,264964,53,81488,157,52102,64,43959,516,42194
555,43798,53,39794,11,26383,54,25591,4,23194
80,374742,86,270754,268,138873,50,81696,114,36716
114,318405,517,93030,133,58163,412,56035,67,49558
55,72520,875,63170,245,48865,157,36631,35,27835
777,264939,238,173096,157,142443,39,126373,141,90037
555,238129,142,63946,84,50307,62,39122,875,35872
122,231718,78,43574,517,29284,26,27826,84,26921
103,181925,145,68610,99,61468,360,47290,20,43077
429,117427,67,56789,223,56565,35,55956,81,36456
99,148103,161,139554,75,76767,223,71095,54,31379
103,252680,236,116131,517,61903,203,50738,875,42298
53,396437,412,81106,54,44218,3,37723,101,26810
58,251342,17,61644,420,57349,81,51175,84,41769
154,66634,235,35865,875,32466,81,24620,99,24226
141,191297,11,36221,234,35762,777,34629,157,26817
75,323154,11,129781,36,84170,106,45419,122,45045
517,43274,126,40619,157,40148,81,38644,104,31772
141,70432,157,55703,555,44147,101,33481,51,31066
107,503427,222,190513,122,125678,238,120688,64,106522
555,194414,122,48764,157,44445,99,32782,84,29904
84,145175,83,89729,498,76691,75,56687,131,50862
56,52848,104,46675,120,30482,64,24883,236,22450
101,409487,78,112373,56,75372,11,66570,141,57329
99,283769,16,92726,518,73106,17,23500,63,21797
53,377545,555,107086,875,39368,25,28857,99,25475
235,55609,91,54645,99,48107,89,45174,22,38692
81,43076,523,33200,202,30788,126,27096,64,21090
19,62069,60,59894,154,39565,141,34715,104,33161
360,109662,157,86576,81,50471,202,49937,64,43603
64,102025,412,88835,119,65734,67,54275,157,52821
91,407031,81,275481,777,70262,145,40949,22,39090
60,75236,64,72034,236,51083,37,41099,80,38120
58,114589,126,107094,81,96705,24,76640,516,67809
18,80532,120,55477,113,46432,121,40419,2,39682
350,70849,89,55638,147,45010,25,33484,28,28140
114,217838,92,168711,39,96690,266,55997,58,35362
875,431987,20,277460,777,76758,99,75557,39,37741
55,198088,555,150617,238,121863,157,80303,84,50298
91,178057,157,73646,80,56237,777,51525,517,51174
157,81728,81,53704,80,47911,876,41250,121,38176
420,155045,63,97575,54,86002,51,64949,875,59852
350,139012,89,78818,222,62087,81,40282,53,39514
81,146280,76,34833,238,33475,236,27765,17,25488
80,108270,58,58106,555,33286,81,31391,86,30211
875,139776,555,96828,517,92724,86,85519,145,52140
141,145451,245,40557,84,33435,777,25909,80,23547
145,52275,81,38662,84,38253,9,29865,105,28586
266,199361,555,95335,875,49059,141,39885,11,39467
147,190337,518,109743,350,58771,25,40487,43,37760
99,98196,25,67968,51,54672,420,50447,518,37613
875,108115,777,101259,157,89589,81,69831,86,59536
82,105395,516,67273,11,59753,350,58304,17,55953
86,44500,39,42676,236,39077,13,29613,81,24682
103,42816,142,31369,19,26691,555,23975,22,21457
86,134754,245,94604,126,57180,62,55244,141,47547
99,141407,117,66940,53,41760,420,29469,45,22036
157,126912,3,93104,64,81871,875,52664,141,51713
412,161051,103,95825,64,53599,89,46642,266,39051
21,178357,81,75651,236,66873,22,51206,161,47439
234,240421,39,43567,81,39731,360,36851,157,29732
64,113453,875,93755,84,82231,82,60661,157,48884
35,86369,777,86011,157,84950,81,76734,11,67715
157,119171,91,66345,875,47455,101,31169,516,22856
114,260501,53,211771,81,57916,145,40366,39,39215
53,231349,89,141967,32,118665,54,99336,254,93114
55,73915,157,49868,11,37567,39,29505,141,27986
86,104971,875,97430,67,56017,523,46652,266,41312
875,212324,122,146078,157,142311,54,105142,86,74684
86,129627,54,110648,33,77652,777,40314,5,38519
150,241621,64,136064,157,94560,238,80803,122,80014
105,156878,35,46368,39,34625,67,33152,80,27105
91,109038,84,70893,777,56377,875,39789,105,38235
238,197660,131,86535,81,84782,777,72432,236,71169
235,278613,50,162752,45,77000,54,76216,21,62951
238,243023,91,223626,121,149983,58,146740,17,98287
39,124379,360,80733,53,52252,157,51545,84,38489
517,62775,236,34674,777,34301,39,27018,64,24300
222,443200,81,101306,412,91781,236,83679,51,78914
360,80067,145,48421,81,43512,236,31135,67,29505
266,68821,141,52091,412,37807,516,37715,20,35868
28,139832,55,68761,122,63914,39,40452,82,35370
21,357122,145,185763,202,105678,518,51085,51,31934
86,86502,57,71698,350,66463,11,35167,17,26440
112,154765,157,105540,86,48778,99,48725,84,42948
99,51571,25,42800,101,29924,21,27427,11,27088
51,88747,117,82568,350,67727,518,59650,16,37200
81,180750,236,180622,145,82203,516,82063,67,79681
91,192708,266,56903,101,55154,777,54683,555,53624
517,86193,555,75998,875,75403,80,35811,360,32686
235,490146,81,83253,99,80631,157,80479,360,59952
84,65873,222,58584,80,40262,105,29173,67,21012
81,86743,91,66822,145,46995,157,45619,64,44942
222,85349,21,33339,59,25373,246,24367,81,24203
133,117401,53,71146,161,57670,64,48991,91,32653
17,94792,235,54605,141,46773,106,41584,36,35647
35,624721,119,546559,96,396370,26,358341,64,355179
19,247278,53,125617,64,95197,122,87616,58,77776
122,107161,360,70353,81,41746,102,33737,517,33642
875,176252,82,107529,99,68561,777,66936,19,56688
145,48885,523,48833,81,29687,875,27819,222,26037
81,54335,58,40692,555,27762,523,24313,64,22352
81,64651,84,57487,420,47765,517,34924,150,29582
64,204696,104,117033,76,102877,81,46943,238,45664
238,164145,157,79956,555,60737,777,55525,875,37995
555,210775,497,48938,412,44165,432,38886,50,27962
21,358226,202,269400,222,247977,45,157207,81,118603
16,97280,110,54199,89,44271,53,38383,32,36419
236,119504,81,114025,67,105728,145,94617,238,79422
777,36371,157,25036,555,24829,64,24424,106,24320
157,173553,39,94939,64,57814,81,53768,517,47239
236,62664,517,61911,157,58970,141,56423,39,55081
157,116227,39,53142,555,50801,238,46136,64,45499
25,206336,238,49730,154,46145,22,32187,84,24732
117,104711,99,51017,350,50584,55,25028,89,23343
157,165617,555,60240,875,52194,777,49411,81,38608
56,100056,20,77250,11,60523,122,34377,142,33076
157,211995,80,189995,517,167497,141,150095,99,97151
106,101578,17,60916,35,43721,64,27877,11,26593
517,212733,81,109737,555,96638,131,77519,157,52835
86,183752,20,153063,18,144278,113,48316,22,46059
777,147322,157,86102,360,39017,106,38033,875,35506
145,72566,236,51446,75,47098,67,40955,11,39517
91,191200,141,170262,84,157774,555,133308,56,49441
555,303418,238,114792,12,67557,53,63310,17,57474
81,238291,15,119650,157,100185,53,45547,202,44642
63,131165,59,117234,58,100364,53,82669,56,79009
122,189700,86,178852,20,60201,33,49844,875,39468
55,98634,141,64485,98,36017,84,30911,517,25141
555,56573,86,53780,39,50474,81,49488,64,42998
429,196711,67,151208,81,62501,145,50738,8,50299
86,35252,22,33440,145,32141,67,23521,58,22768
53,166975,111,141535,555,120235,19,65969,80,63237
157,209422,55,104058,35,49324,238,38002,555,35873
420,186242,412,107062,223,78232,555,69627,131,35651
104,41144,141,38519,60,23590,86,23021,517,21861
223,205612,54,198653,19,78929,875,52726,2,42225
145,269438,25,98458,103,75316,21,55948,51,55456
91,154842,555,46047,517,42721,84,42278,157,39461
266,66707,11,58269,157,51558,122,51213,875,46890
145,154191,81,105106,523,85136,67,84469,22,82526
11,157943,81,107937,105,105284,121,101938,62,75253
157,146861,81,138293,64,127063,67,113474,202,104074
875,61596,157,57948,86,55556,39,51779,20,37543
99,113372,267,91145,143,90513,25,71375,103,61031
516,83033,84,48271,266,39749,58,34428,157,29952
145,239710,62,188021,81,125655,154,104313,64,89324
555,197678,875,92289,157,64247,350,48470,8,38603
777,158963,157,138279,80,55538,53,40766,523,37448
555,52475,157,51483,875,48346,145,34963,84,32837
53,267043,120,167062,11,105321,80,59728,517,53545
154,230133,54,203983,223,172778,99,140865,86,133562
157,104578,238,95327,55,59935,64,44127,11,43187
121,86825,126,71730,81,60556,110,44390,236,43530
141,65500,64,53387,84,47023,516,38779,157,31983
245,166751,41,153469,114,114852,51,104225,90,97810
99,225118,103,69501,101,58131,518,55705,235,52967
517,54397,122,51382,202,47274,245,45582,266,40278
86,122466,81,91910,157,39290,236,38832,202,31015
11,123860,60,36344,53,27371,3,25519,555,25278
21,1090266,111,358053,53,181617,35,72366,51,52783
17,63241,115,62918,711,50880,34,46389,43,38531
141,173519,875,145493,517,106290,360,73866,555,50720
11,269346,157,95908,80,84093,82,67678,98,51784
145,91339,114,85661,61,44092,105,36650,517,25618
134,168488,63,113490,85,99210,81,64501,154,49751
157,94616,234,70350,84,57246,141,56308,39,39750
412,124176,236,38555,121,35962,81,29831,79,29491
555,125529,157,46089,517,43337,3,35020,777,23154
121,102285,133,60932,55,56851,64,47345,238,36027
875,254499,99,138162,77,84992,33,68866,53,65326
157,91443,11,44171,142,40781,350,34892,141,34181
86,147704,54,119865,37,112109,57,94771,25,86966
4,112213,63,39581,51,24823,81,21983,131,21978
518,474602,56,205910,143,155887,498,86404,246,74146
23,31853,11,29739,48,29148,238,28233,111,28123
18,119276,51,37437,236,33518,22,32055,81,26329
76,201801,61,98216,92,63108,103,61256,36,50071
157,102478,141,65019,122,56407,39,24971,33,21390
22,177126,145,115344,81,73922,236,61177,51,56406
157,194034,777,143995,238,88270,122,65914,875,43413
76,377258,18,109968,134,58039,81,33990,53,29162
523,126253,81,89485,141,79743,517,76045,64,46960
54,221046,33,103684,22,59243,777,48882,555,48850
555,35603,80,23782,11,23241,157,22254,516,21312
64,78476,53,67526,517,62391,81,54972,58,30209
81,69092,145,57933,58,48390,202,47569,555,45597
157,260258,555,78566,875,76860,82,48203,107,27844
81,116036,53,63597,154,43267,12,29773,157,28293
91,196243,75,115892,86,95625,105,94427,81,43827
80,83781,350,75111,555,61983,497,31100,412,21555
60,73730,9,23898,517,23365,245,22620,203,21038
11,239226,141,80189,157,67781,145,51320,875,45008
516,89942,84,60786,64,57439,122,48462,81,47699
555,205092,20,68383,99,48325,875,40352,53,32600
157,237344,91,217424,777,147310,84,80114,238,53388
53,61453,555,51779,89,36436,21,30600,350,25775
64,66130,80,63900,777,54499,517,41648,67,35536
126,292633,234,240574,711,125412,36,80625,111,56281
777,64014,81,61601,58,39473,360,27459,517,23523
80,54061,360,50069,82,45251,11,39261,67,35079
99,173776,21,115494,51,81372,145,57154,81,55715
67,66720,166,56503,81,50954,157,47900,236,30718
53,89056,875,77678,56,72766,99,72079,518,71010
245,72146,555,52066,82,49149,154,39088,141,38942
37,46744,26,28302,43,25314,40,25006,98,24599
122,51194,157,41802,84,30574,234,22040,777,21396
84,93817,157,91812,142,81476,39,44999,555,34049
157,83970,58,75759,238,63037,517,45028,131,28710
50,121163,37,117479,131,117278,10,104368,106,73908
266,57703,45,55325,9,50851,24,29340,53,28989
101,92760,104,47270,4,45742,99,38592,53,35089
412,203524,64,87077,223,44990,126,39611,12,35920
555,42627,22,28340,81,25503,234,21465,82,21100
22,155499,145,139020,523,121960,51,97710,222,68175
85,104614,150,47960,266,42818,13,37924,14,33583
86,127360,24,69577,54,49231,222,42202,89,37771
201,123992,89,81154,98,79850,3,77123,57,76911
17,146884,51,130614,99,120656,12,57428,161,53429
157,161526,555,47713,81,42784,777,39230,58,22243
516,89553,555,67186,157,54695,875,36990,84,34775
64,113184,84,107014,202,70081,245,57206,238,45344
99,168262,555,102099,11,37999,32,28318,53,23048
29,193839,45,182220,202,181265,22,167415,223,166236
17,322308,33,61523,235,41099,350,36494,54,32354
55,139519,127,69901,134,68116,53,62263,54,54099
81,96298,266,48558,157,45331,145,38960,142,36767
39,181154,64,45730,104,35136,236,33525,86,26093
360,129740,412,53125,64,33858,81,31357,25,28393
555,222983,157,61373,360,47503,81,40945,17,28918
555,113484,517,50286,157,45709,202,35731,84,33130
80,231329,360,124128,103,100311,22,97878,141,79592
91,168107,777,92956,517,76085,157,43791,84,43549
157,80503,64,53918,81,52574,141,48082,777,33750
112,438097,81,342799,54,328035,67,312613,8,291382
555,106691,875,48287,777,44598,157,41527,58,34842
876,342863,518,95370,22,62165,99,56214,103,48145
517,191514,157,80617,777,73758,516,37199,84,34494
523,53752,145,44951,81,30186,21,26185,22,23730
157,66688,122,40537,24,30423,777,28637,360,24081
64,194186,67,157247,81,153597,412,100725,238,73387
777,93133,875,76754,157,72306,141,71101,81,56997
111,55343,81,48187,58,40589,235,38147,516,30099
131,178416,35,107281,115,90680,238,53942,99,45973
350,253726,21,209337,20,185633,33,164177,17,125055
245,50429,11,47952,82,31039,99,24702,33,23953
523,147691,429,121305,360,120131,39,109305,145,84035
83,368156,86,238971,875,197658,31,61796,48,45821
157,52852,58,41565,11,35802,2,32728,67,31765
360,140734,99,68857,22,63377,420,61610,53,44297
11,90505,35,43074,157,40626,235,37893,56,34134
157,141669,86,70332,64,33718,39,33510,238,31014
64,62586,157,37356,51,29568,81,24318,39,22873
103,192013,25,93410,117,56065,99,50227,350,49491
126,202749,122,155297,104,129223,64,118208,517,90632
31,52998,105,43375,45,31798,222,25018,99,23572
67,227984,8,108759,157,104100,81,101440,145,84460
157,104260,64,98137,875,74880,777,63499,11,62028
89,46213,147,45305,80,44374,555,43073,235,38741
6,232246,86,197469,154,108363,27,84742,20,64088
202,330742,82,133455,141,84233,80,28483,236,25255
81,56264,516,50517,13,50000,412,46252,236,46161
157,119021,11,109700,141,66718,777,57044,81,52185
81,170514,21,79182,103,77794,236,57714,131,56231
360,123397,777,99019,67,96683,81,78268,86,75668
82,120051,122,57397,150,44323,31,36665,516,30702
350,59323,99,58513,16,42171,25,27053,117,25222
101,46872,56,44090,420,37106,67,33572,64,26134
145,61897,236,53036,81,37701,51,29333,222,28882
245,89588,62,58731,59,50734,80,50076,154,43711
777,181755,99,79295,141,57337,25,49846,91,38238
91,284423,103,174196,81,103193,86,88963,39,68304
122,182816,517,87803,516,87012,157,82144,58,76786
122,169071,39,88090,11,86086,157,56527,58,40251
412,95236,17,71331,36,34703,53,31500,12,29427
122,348363,266,225151,11,87513,234,53148,875,41725
236,74827,157,34151,412,33935,429,32492,360,30323
39,159430,58,65134,164,55888,62,36873,517,34498
81,81127,51,66171,99,56314,67,54524,202,40274
54,100569,89,96047,111,91353,80,86816,21,80179
110,79280,122,72256,29,57857,114,56988,145,55360
238,137646,11,76798,67,42317,81,41347,875,40780
53,190992,17,165186,12,96941,111,67082,35,62398
13,63113,85,54114,84,38921,523,24342,517,21863
238,75266,145,72107,84,59043,81,52809,236,44013
254,67357,20,56864,32,51109,44,49446,19,39224
157,118398,555,82387,122,68833,114,51948,245,37581
154,66708,20,33959,28,33776,516,27163,11,25446
157,364350,555,78580,777,75946,234,39490,517,33073
164,184098,202,64999,498,42982,17,35202,78,30165
236,115346,20,95314,85,34837,235,31821,83,25862
350,125397,82,108619,53,66647,11,47356,12,47103
86,233103,58,69559,23,41354,67,40116,20,37261
157,137655,84,86210,517,81830,238,64559,55,43677
238,102735,157,102203,122,92954,875,80367,131,59129
157,234927,875,172860,555,33365,777,32103,141,30343
81,38711,111,35747,157,32058,875,29646,84,27609
157,72981,360,55946,555,40399,875,37814,86,37457
39,83383,360,80323,235,39328,131,26964,21,25475
81,119041,67,27655,235,25367,96,23346,145,23104
875,297013,777,99982,141,76020,4,38501,157,31729
55,249031,7,115192,157,77934,11,53459,121,49612
82,496637,236,247087,126,136401,157,75156,59,65809
126,84072,157,79221,59,68157,91,66901,238,37597
104,63612,55,52850,77,31607,145,30884,64,28643
142,314407,89,79824,360,79525,25,76261,99,73850
27,44882,54,44815,875,26747,64,26024,4,25593
11,126886,360,61314,19,59565,157,59045,234,50469
82,165581,63,78226,235,67394,141,65680,20,56754
517,60604,234,57446,64,55045,76,51590,84,43967
157,121826,11,114828,39,74722,555,70204,777,59924
13,58096,81,34879,85,30830,36,27265,68,24777
31,62074,53,34820,555,30128,80,26530,11,24139
4,202835,91,89402,22,67902,516,57595,24,38448
777,332707,55,80182,555,62786,11,50879,141,50359
268,112423,523,40720,360,31311,875,26044,84,23400
555,125150,84,86198,141,80546,145,78026,238,64057
58,299732,54,96000,223,56522,82,45337,86,45290
234,153075,777,42411,141,38756,497,32621,106,31239
99,243992,81,61064,350,55916,518,51570,235,47133
350,76140,102,68589,8,55645,33,30049,16,25602
157,111326,238,88793,517,72472,777,48826,266,24288
39,283239,555,51622,84,47203,238,37348,157,32750
157,107043,523,30495,777,26142,202,25132,84,22253
157,186311,420,78467,555,74551,777,72683,875,67850
412,92937,101,67601,53,65025,25,48317,81,41709
145,127958,360,51541,777,44148,163,38703,711,33675
80,187910,16,177268,10,167308,40,151807,222,136368
86,129613,141,120310,11,96241,64,87693,81,61178
221,33731,105,28657,350,26443,102,26320,420,21057
223,72261,54,65130,53,46390,350,41589,75,33766
106,295043,157,164442,516,64724,111,25100,33,24806
555,123994,99,92580,114,60514,25,55334,19,54953
157,112567,875,90108,555,52662,122,44761,64,44117
245,116748,84,46853,157,44998,7,37007,238,29456
84,81993,39,56442,157,47002,517,41448,141,36401
157,128064,555,83423,37,68056,234,45819,360,43068
64,78271,54,61050,89,46792,35,42473,43,41901
164,109582,236,29522,81,29484,202,22765,145,21505
99,323353,111,104162,157,81949,53,45092,350,43145
86,587393,875,133715,98,119322,223,112642,62,107036
110,3245142,51,76089,25,61541,81,56899,22,42146
11,194020,875,157060,555,93157,122,57271,67,39973
238,387698,53,177524,11,148459,106,122854,86,111288
84,206933,555,113170,141,95732,777,81713,517,73845
517,87919,39,87246,238,83211,141,62031,236,50783
43,225960,147,68422,25,43721,101,28586,117,24336
86,180169,81,94214,58,91515,875,66969,777,38046
99,97875,235,78383,222,70127,67,68469,523,40462
106,240203,875,163725,58,96081,266,90580,54,65311
106,93679,875,61904,3,50019,115,42078,21,24133
523,69542,82,37450,133,36374,21,32275,142,27685
245,261509,81,233879,21,143473,360,134071,112,118017
62,142953,20,136353,420,100414,21,73244,19,55211
39,54563,517,41737,81,35235,777,32547,80,24166
51,176723,21,155249,83,126264,5,101099,106,93265
53,74184,58,45247,147,42459,150,33311,39,31860
157,138221,39,107177,238,103159,777,63959,517,63611
85,652027,133,359497,222,252657,202,147602,99,130150
21,172551,51,90974,222,71009,412,69104,154,64819
91,125626,245,97737,141,65577,238,59637,8,58524
875,335827,141,128975,106,97539,53,97379,11,82431
107,433175,67,95849,157,89505,64,55979,222,53176
157,63448,777,55025,517,54295,80,50273,238,47719
555,58748,875,31058,35,29831,141,27342,360,24412
106,532864,21,75875,157,34917,56,28828,875,23054
106,322676,57,180122,161,157843,54,85465,111,32561
157,57896,517,46153,84,25888,238,25611,58,21863
50,103742,875,65739,5,53287,81,39536,75,35871
150,134122,106,63594,20,58860,555,49927,81,28302
777,64274,350,64087,56,35476,157,32984,81,27196
777,72493,11,54057,20,46431,555,38453,222,34953
58,85754,517,81363,266,47059,238,38553,236,32547
350,53698,20,39296,57,37723,117,29624,102,23126
412,239147,8,162364,201,72801,53,68207,111,67047
53,98764,101,54586,14,45490,111,45054,82,41087
86,269568,875,141839,58,44030,54,43632,32,37530
19,102093,875,86606,75,57999,24,40049,81,38364
17,187952,99,129456,48,65494,36,54398,350,41425
99,175985,350,102321,21,58094,25,40887,145,31554
238,161375,91,52986,81,44266,55,43739,517,41197
106,107643,80,63531,98,63316,54,42398,235,25879
104,86186,59,60127,5,55859,141,47922,80,47271
145,44070,412,38102,235,32917,432,31908,81,31233
48,298580,85,101816,497,59789,37,53327,427,43293
555,184530,157,78840,20,66713,777,51005,53,44754
99,175701,238,99370,157,95496,777,37712,555,35391
19,139353,58,98565,54,55205,23,51400,33,46526
122,266128,238,122880,157,100283,266,72901,875,67761
29,437421,222,168086,106,93977,54,88754,37,71148
360,89549,131,63726,81,58946,222,31383,145,25278
22,92244,110,60710,235,52526,78,31741,360,31660
58,67758,86,46986,157,39417,131,38045,11,36764
32,76170,58,63707,84,58901,421,47016,2,42138
223,80401,32,47571,53,39334,555,37990,23,33613
53,182963,157,161651,777,86324,555,54012,412,33078
157,332787,39,123000,64,108600,7,99466,107,81184
81,130245,222,78878,51,75251,22,48001,21,43273
157,228528,11,68407,777,67906,81,56356,67,41236
81,263773,64,135525,76,117888,157,115480,22,105470
101,220776,99,157709,236,124777,31,117218,22,63578
141,184282,157,83723,777,57052,81,47347,145,44726
25,217677,497,92007,267,65267,57,60171,432,47659
53,70178,236,39380,58,36485,106,34775,523,31158
99,322947,89,89702,84,65692,103,51884,154,36399
517,44746,777,36137,136,32532,24,26551,141,25669
157,189727,777,156578,53,114336,236,112513,80,72695
37,132293,11,83402,81,72702,67,60471,238,52444
86,159796,82,143400,54,98424,11,84122,122,82335
78,45479,84,45068,133,30813,112,25743,48,23145
67,238445,268,174563,134,160081,238,113021,81,74809
56,238240,777,198034,99,187534,555,129938,64,75861
157,111336,11,89119,238,78919,875,58434,122,50258
555,108005,58,97839,75,71207,101,39774,11,38515
25,166998,117,117888,99,61653,147,50581,110,37763
81,86043,157,77315,64,55943,24,49164,238,47266
145,79464,245,49793,81,46650,202,36814,360,34267
81,92937,157,45262,84,41050,39,24332,777,22769
81,113924,39,51332,145,40968,238,36559,92,33434
76,90913,13,83164,102,73756,203,70152,104,45563
103,160891,245,100371,11,74328,81,61702,141,46150
875,124562,17,70513,53,41378,157,36078,266,34076
105,139562,64,76069,164,51480,84,40832,157,25234
555,160328,777,156896,157,65347,64,38524,39,34507
19,331160,50,134149,10,41678,875,23005,136,21846
126,377204,58,74265,54,51700,876,32900,887,26125
126,76750,84,60876,106,47840,58,46452,236,39836
11,138990,75,105748,53,87521,17,84279,122,58860
89,67706,111,26653,35,24528,412,23753,53,21901
350,84698,555,78445,81,73901,875,50869,157,50423
99,114472,18,111136,81,98274,60,87647,25,70450
35,82461,64,57478,777,56506,238,55042,875,44647
875,248980,157,164520,80,128564,122,94731,555,80073
875,122635,157,73603,86,68860,202,64595,360,57340
122,173169,202,57497,875,42928,420,40750,53,38830
245,149651,517,31384,91,28714,236,26972,76,26299
157,155545,39,70155,55,64385,555,53415,238,47101
67,75069,429,66054,157,54161,360,53454,84,46173
99,93585,17,72313,101,36234,11,33876,120,27365
777,112658,517,105189,350,51554,875,47101,157,44075
31,469112,75,108099,58,73749,19,38404,223,21571
84,156123,360,125165,157,122910,81,56431,555,48642
875,222505,57,111487,86,41576,54,38685,234,29993
99,207457,360,117230,39,45501,145,44966,55,44754
875,123724,555,121983,19,44820,58,41876,238,36209
103,207084,67,174112,84,100155,157,40986,141,37229
81,138552,141,89333,875,75674,777,45252,157,38841
777,89141,516,89003,141,56183,82,45321,54,42347
67,173692,145,132680,4,81130,236,74240,81,66366
238,160991,777,88818,266,85316,80,82115,517,78533
22,227041,17,175596,35,81949,25,57142,45,55889
245,79521,64,73759,141,55591,157,52045,11,50474
157,86876,875,39532,11,28606,64,28299,86,23091
45,73553,117,67685,111,62102,350,44106,25,41938
64,123362,157,61146,81,58217,92,50820,238,45687
141,517083,555,243752,412,38985,157,32293,81,30701
777,89398,157,73171,106,41378,875,39763,82,38640
82,133894,58,88956,106,57011,84,47595,35,33139
105,195548,67,183338,92,152441,7,128875,238,119081
57,99809,101,53334,143,49893,21,41137,9,40648
555,287959,777,172357,81,105271,20,99295,53,57531
245,70383,76,52902,5,47589,103,43965,711,39905
80,268641,157,70478,54,49135,777,43172,86,38219
555,240755,141,95352,360,55986,25,51618,64,45275
161,60865,67,60088,429,54241,234,50939,58,34346
11,110429,157,61776,141,35063,86,29949,22,26227
122,145205,126,108709,875,83614,876,63425,56,45083
106,44837,19,31211,33,25491,777,25267,11,22892
81,126588,517,55651,30,51582,875,49754,157,46712
517,113939,67,102722,145,68950,64,60923,39,52077
25,266047,42,83699,81,73009,497,57236,89,48457
157,237646,141,88614,39,69114,555,53408,84,50085
875,1166416,516,204080,106,84631,102,78486,21,52470
