,Main Champion,Main Lane,Champion,Mastery
0,Aatrox,top,Darius,0.027551905017821884
1,Aatrox,top,Sett,0.028557178693102328
2,Aatrox,top,Camille,0.0328226161696316
0,Aatrox,top,LeeSin,0.01908109103434728
1,Aatrox,top,Kayn,0.020207352809294404
2,Aatrox,top,Graves,0.025277197649908895
0,Aatrox,top,Yasuo,0.014438107936018069
1,Aatrox,top,Sylas,0.015105796717111175
2,Aatrox,top,Zed,0.02515307264943244
0,Aatrox,top,Ezreal,0.011396551382381305
1,Aatrox,top,Lucian,0.01583315498941389
2,Aatrox,top,Jhin,0.016731461917905536
0,Aatrox,top,Pantheon,0.014141753698249406
1,Aatrox,top,Thresh,0.01944009548117776
2,Aatrox,top,Pyke,0.020829589181113006
0,Ahri,mid,Akali,0.01104962889904768
1,Ahri,mid,Irelia,0.013225926869296968
2,Ahri,mid,Teemo,0.02361434593753728
0,Ahri,mid,LeeSin,0.01706448659310325
1,Ahri,mid,Diana,0.01849866908079293
2,Ahri,mid,Evelynn,0.02113022072674359
0,Ahri,mid,Yasuo,0.021219387767554544
1,Ahri,mid,Neeko,0.026563227021673536
2,Ahri,mid,Leblanc,0.028406783224850494
0,Ahri,mid,Ezreal,0.009991053968597232
1,Ahri,mid,MissFortune,0.013628514365654466
2,Ahri,mid,Kaisa,0.015433992550566792
0,Ahri,mid,Lux,0.0076013600231622375
1,Ahri,mid,Morgana,0.019665094889367785
2,Ahri,mid,Thresh,0.01992729373312006
0,Akali,top,Irelia,0.006434520383408924
1,Akali,top,Sett,0.019888943641119372
2,Akali,top,Camille,0.02727219256586106
0,Akali,top,LeeSin,0.00804577292319139
1,Akali,top,Ekko,0.010699508502698138
2,Akali,top,Kayn,0.012926111808283057
0,Akali,top,Yasuo,0.006262646478202542
1,Akali,top,Sylas,0.008531016502512073
2,Akali,top,Zed,0.010937417813910446
0,Akali,top,Ezreal,0.0053443966767642735
1,Akali,top,Kaisa,0.008008096491000665
2,Akali,top,Lucian,0.009041335424357599
0,Akali,top,Pyke,0.007671056229474214
1,Akali,top,Pantheon,0.008550630838427201
2,Akali,top,Lux,0.009105820650866878
0,Akshan,mid,Gwen,0.10441764036121547
1,Akshan,mid,Sett,0.12832084575094665
2,Akshan,mid,Irelia,0.1834783922623353
0,Akshan,mid,Viego,0.11496171983941601
1,Akshan,mid,Graves,0.11837872658897503
2,Akshan,mid,LeeSin,0.15247939231264782
0,Akshan,mid,Yasuo,0.12716516232616246
1,Akshan,mid,Yone,0.129440788080248
2,Akshan,mid,Sylas,0.13090149134170342
0,Akshan,mid,Ezreal,0.06582788306538265
1,Akshan,mid,Vayne,0.1326481052462009
2,Akshan,mid,Lucian,0.13288774722208593
0,Akshan,mid,Senna,0.11493376773212888
1,Akshan,mid,Thresh,0.15007643038010435
2,Akshan,mid,Morgana,0.15399796117983924
0,Alistar,sup,Shen,0.048110631160342046
1,Alistar,sup,Malphite,0.049135733379809615
2,Alistar,sup,TahmKench,0.054096677671158916
0,Alistar,sup,LeeSin,0.03327621071227819
1,Alistar,sup,MasterYi,0.049018760196864394
2,Alistar,sup,JarvanIV,0.05562982925769878
0,Alistar,sup,Galio,0.02810439744965047
1,Alistar,sup,Yasuo,0.037425719120610275
2,Alistar,sup,Zed,0.04678450687328157
0,Alistar,sup,Ezreal,0.023931906733392017
1,Alistar,sup,Ashe,0.04103415124750334
2,Alistar,sup,Tristana,0.04275362658485779
0,Alistar,sup,Thresh,0.030236502467025726
1,Alistar,sup,Nautilus,0.055322411048235307
2,Alistar,sup,Rakan,0.0625172763547945
0,Amumu,sup,Malphite,0.06572263773741367
1,Amumu,sup,DrMundo,0.10373367153537244
2,Amumu,sup,Volibear,0.11482935030765365
0,Amumu,sup,LeeSin,0.09201338982586961
1,Amumu,sup,Rammus,0.09220186416250448
2,Amumu,sup,MasterYi,0.10223265073672977
0,Amumu,sup,Veigar,0.058725406084093254
1,Amumu,sup,Annie,0.09538914124172869
2,Amumu,sup,Ahri,0.11521265593229141
0,Amumu,sup,Ezreal,0.06602312916499047
1,Amumu,sup,Ashe,0.08609529363880974
2,Amumu,sup,MissFortune,0.0863085196307461
0,Amumu,sup,Blitzcrank,0.06520718492378187
1,Amumu,sup,Lux,0.09815348892407644
2,Amumu,sup,Pyke,0.17469277540881198
0,Anivia,mid,Irelia,0.05085660895864222
1,Anivia,mid,Teemo,0.055004777334747214
2,Anivia,mid,Akali,0.055594213874442924
0,Anivia,mid,LeeSin,0.04128333180175726
1,Anivia,mid,Ekko,0.04184861189057094
2,Anivia,mid,Khazix,0.06710829623087981
0,Anivia,mid,Yasuo,0.041943392561642506
1,Anivia,mid,Orianna,0.05181831646945641
2,Anivia,mid,Veigar,0.07228375461312685
0,Anivia,mid,Ezreal,0.021714981045532666
1,Anivia,mid,Vayne,0.042489017368267386
2,Anivia,mid,Ashe,0.047962389582590276
0,Anivia,mid,Lux,0.0320728243714181
1,Anivia,mid,Thresh,0.04041471027883283
2,Anivia,mid,Blitzcrank,0.04738980207702753
0,Annie,mid,Malphite,0.07958929222527551
1,Annie,mid,Nasus,0.09280311580249993
2,Annie,mid,Kayle,0.09442118962187063
0,Annie,mid,LeeSin,0.09261943001954662
1,Annie,mid,MasterYi,0.0942552100870742
2,Annie,mid,Evelynn,0.11515115528098593
0,Annie,mid,Yasuo,0.07146841540706936
1,Annie,mid,Veigar,0.08216620272835594
2,Annie,mid,Orianna,0.11519096966743878
0,Annie,mid,Ezreal,0.053874875987333114
1,Annie,mid,Twitch,0.06251702186850412
2,Annie,mid,Ashe,0.07831713745478856
0,Annie,mid,Lulu,0.07678761441664055
1,Annie,mid,Lux,0.08443855947256469
2,Annie,mid,Blitzcrank,0.0935049867692015
0,Aphelios,bot,Irelia,0.029044470386895824
1,Aphelios,bot,Akali,0.032982106637676686
2,Aphelios,bot,Sett,0.049368970272542285
0,Aphelios,bot,Graves,0.03611912832036236
1,Aphelios,bot,LeeSin,0.0367619263443451
2,Aphelios,bot,Ekko,0.047821760388350655
0,Aphelios,bot,Yasuo,0.02863620919651757
1,Aphelios,bot,Sylas,0.033421408085663774
2,Aphelios,bot,Yone,0.0467147795626369
0,Aphelios,bot,Kaisa,0.02660885613323678
1,Aphelios,bot,Ezreal,0.03289457179987689
2,Aphelios,bot,Jhin,0.041368719760779535
0,Aphelios,bot,Senna,0.025395598816648348
1,Aphelios,bot,Thresh,0.03966388827697289
2,Aphelios,bot,Pyke,0.05778213156499212
0,Ashe,bot,Teemo,0.027144439743592153
1,Ashe,bot,Kayle,0.04779565261601576
2,Ashe,bot,Irelia,0.05165845976660072
0,Ashe,bot,MasterYi,0.030940430978405983
1,Ashe,bot,Kayn,0.041362150611782146
2,Ashe,bot,LeeSin,0.047567091749288005
0,Ashe,bot,Veigar,0.025337675806208115
1,Ashe,bot,Ahri,0.02653635027610291
2,Ashe,bot,Yasuo,0.030190058158824078
0,Ashe,bot,Caitlyn,0.025549452775477377
1,Ashe,bot,MissFortune,0.030927890692072416
2,Ashe,bot,Kaisa,0.03463765907709572
0,Ashe,bot,Lux,0.018677379467527084
1,Ashe,bot,Morgana,0.026521146630570563
2,Ashe,bot,Senna,0.02708833297263245
0,AurelionSol,mid,Teemo,0.13366834975890318
1,AurelionSol,mid,Akali,0.15312118976620318
2,AurelionSol,mid,Irelia,0.1576266620201481
0,AurelionSol,mid,LeeSin,0.11536376016969176
1,AurelionSol,mid,Ekko,0.11815126952582483
2,AurelionSol,mid,Warwick,0.13601424379830723
0,AurelionSol,mid,Yasuo,0.1286169739864579
1,AurelionSol,mid,TwistedFate,0.16844106947926768
2,AurelionSol,mid,Zoe,0.17923637540959117
0,AurelionSol,mid,Jhin,0.077559283083663
1,AurelionSol,mid,Ezreal,0.0787022969151245
2,AurelionSol,mid,Twitch,0.14577443191774436
0,AurelionSol,mid,Xerath,0.1035564292986881
1,AurelionSol,mid,Lulu,0.10394890967051915
2,AurelionSol,mid,Thresh,0.1197181988137711
0,Azir,mid,Irelia,0.08385226119023818
1,Azir,mid,Gangplank,0.09318909046105542
2,Azir,mid,Akali,0.10553295824016842
0,Azir,mid,LeeSin,0.05074603779526915
1,Azir,mid,Ekko,0.0933153372965279
2,Azir,mid,Taliyah,0.11441204833482399
0,Azir,mid,Yasuo,0.09741031129607824
1,Azir,mid,Viktor,0.11802531712677879
2,Azir,mid,Zed,0.11885804890881439
0,Azir,mid,Ezreal,0.058059347270104006
1,Azir,mid,Lucian,0.07065667720891912
2,Azir,mid,Vayne,0.07189352369888934
0,Azir,mid,Thresh,0.04377848397216858
1,Azir,mid,Pantheon,0.08011914787208933
2,Azir,mid,Velkoz,0.10428467375980925
0,Bard,sup,Gragas,0.04046010109683185
1,Bard,sup,Sett,0.05409821397297062
2,Bard,sup,Akali,0.06615265788734158
0,Bard,sup,LeeSin,0.027945294964200448
1,Bard,sup,Graves,0.05241912391813752
2,Bard,sup,Ekko,0.05283815205558672
0,Bard,sup,Yasuo,0.029110340889143223
1,Bard,sup,Galio,0.05011681988607991
2,Bard,sup,Ryze,0.05196912247182358
0,Bard,sup,Ezreal,0.01730423861139244
1,Bard,sup,Jhin,0.03184802875394043
2,Bard,sup,Caitlyn,0.037945752392965694
0,Bard,sup,Thresh,0.024586873332379276
1,Bard,sup,Pyke,0.03770969460486393
2,Bard,sup,Senna,0.045259013248974723
0,Blitzcrank,sup,Malphite,0.01558222391835205
1,Blitzcrank,sup,Teemo,0.019078787867656873
2,Blitzcrank,sup,Garen,0.02421910397607542
0,Blitzcrank,sup,LeeSin,0.010778264134534577
1,Blitzcrank,sup,MasterYi,0.01707373107881168
2,Blitzcrank,sup,Warwick,0.025277155714671335
0,Blitzcrank,sup,Yasuo,0.00929544472954454
1,Blitzcrank,sup,Zed,0.014674602723796396
2,Blitzcrank,sup,Veigar,0.01760787813742587
0,Blitzcrank,sup,Ezreal,0.00748467291293058
1,Blitzcrank,sup,Ashe,0.016223652830727457
2,Blitzcrank,sup,Lucian,0.016829940425174456
0,Blitzcrank,sup,Thresh,0.010258456710486238
1,Blitzcrank,sup,Pyke,0.0216607226107924
2,Blitzcrank,sup,Lux,0.023067329097607347
0,Brand,sup,Malphite,0.03399739295615042
1,Brand,sup,Teemo,0.034345737746485756
2,Brand,sup,Garen,0.05414212319048523
0,Brand,sup,MasterYi,0.04711628642877517
1,Brand,sup,Kayn,0.04865886377991916
2,Brand,sup,LeeSin,0.0492874306325075
0,Brand,sup,Veigar,0.019577499735633084
1,Brand,sup,Annie,0.045823588473264586
2,Brand,sup,Yasuo,0.055158399811739436
0,Brand,sup,MissFortune,0.02745419931458291
1,Brand,sup,Ashe,0.028108723538384284
2,Brand,sup,Ezreal,0.028182182645408962
0,Brand,sup,Lux,0.03194744754011201
1,Brand,sup,Morgana,0.04578606389104511
2,Brand,sup,Amumu,0.07611133133202179
0,Braum,sup,Shen,0.153796754761188
1,Braum,sup,Gragas,0.1595212007402556
2,Braum,sup,Mordekaiser,0.1818076432089989
0,Braum,sup,LeeSin,0.11351873617176814
1,Braum,sup,JarvanIV,0.13889852288610474
2,Braum,sup,Graves,0.18990221882228955
0,Braum,sup,Galio,0.10385755486133787
1,Braum,sup,Yasuo,0.1040636124125017
2,Braum,sup,Zed,0.14907241652812875
0,Braum,sup,Ezreal,0.0626583307501753
1,Braum,sup,Lucian,0.10320085915394556
2,Braum,sup,Ashe,0.12024482762094
0,Braum,sup,Thresh,0.08182700020958944
1,Braum,sup,Leona,0.13368017433079654
2,Braum,sup,Alistar,0.1361811498090424
0,Caitlyn,bot,Teemo,0.01834493126484734
1,Caitlyn,bot,Malphite,0.022530615510546453
2,Caitlyn,bot,Jax,0.02634981623817198
0,Caitlyn,bot,LeeSin,0.013186308814703415
1,Caitlyn,bot,MasterYi,0.01589815959497223
2,Caitlyn,bot,Graves,0.018863365167577167
0,Caitlyn,bot,Yasuo,0.015377323321458972
1,Caitlyn,bot,Veigar,0.0167395721000297
2,Caitlyn,bot,Ahri,0.017725310091816413
0,Caitlyn,bot,Ezreal,0.010656191223854136
1,Caitlyn,bot,Kaisa,0.015113008008459163
2,Caitlyn,bot,Ashe,0.017952022053983135
0,Caitlyn,bot,Lux,0.010450594857321078
1,Caitlyn,bot,Thresh,0.013547263985227948
2,Caitlyn,bot,Senna,0.013881087064574946
0,Camille,top,Fiora,0.018621445293789226
1,Camille,top,Irelia,0.01977850856615205
2,Camille,top,Akali,0.025750529978810062
0,Camille,top,LeeSin,0.013518504700564198
1,Camille,top,MonkeyKing,0.019591971118870857
2,Camille,top,Graves,0.021670845205380686
0,Camille,top,Sylas,0.013291771566335178
1,Camille,top,Vladimir,0.013389620539766216
2,Camille,top,Yasuo,0.01422561224747419
0,Camille,top,Ezreal,0.00911639668802734
1,Camille,top,Lucian,0.014180955721280513
2,Camille,top,Kaisa,0.017194712710870304
0,Camille,top,Thresh,0.018649428128661844
1,Camille,top,Pantheon,0.021801725426731006
2,Camille,top,Pyke,0.022716423201615592
0,Cassiopeia,mid,Akali,0.0253408848087208
1,Cassiopeia,mid,Irelia,0.0298428646893638
2,Cassiopeia,mid,Jax,0.04478784012050858
0,Cassiopeia,mid,LeeSin,0.030158143045253615
1,Cassiopeia,mid,Ekko,0.03769213353697257
2,Cassiopeia,mid,Kayn,0.04900030776692209
0,Cassiopeia,mid,Yasuo,0.028055263514735102
1,Cassiopeia,mid,Ryze,0.04924953133422477
2,Cassiopeia,mid,Veigar,0.051087914592217926
0,Cassiopeia,mid,Ezreal,0.019288049467402528
1,Cassiopeia,mid,Vayne,0.032756556727389155
2,Cassiopeia,mid,Lucian,0.033487922105528284
0,Cassiopeia,mid,Velkoz,0.023259647924530252
1,Cassiopeia,mid,Lux,0.026537362640398313
2,Cassiopeia,mid,Thresh,0.03496841118079694
0,Chogath,top,Malphite,0.08163647520129198
1,Chogath,top,Nasus,0.08903313136403361
2,Chogath,top,Darius,0.1260208573682838
0,Chogath,top,MasterYi,0.06251519537169249
1,Chogath,top,Warwick,0.07053343350031505
2,Chogath,top,LeeSin,0.09249979208751176
0,Chogath,top,Veigar,0.03913517230962527
1,Chogath,top,Yasuo,0.05210964022748257
2,Chogath,top,Galio,0.08232976972686289
0,Chogath,top,Ezreal,0.0429983452726438
1,Chogath,top,Ashe,0.05290744482660208
2,Chogath,top,MissFortune,0.06324732844330418
0,Chogath,top,Blitzcrank,0.05330572106862115
1,Chogath,top,Lux,0.06152715770976339
2,Chogath,top,Soraka,0.07737483945560521
0,Corki,mid,Akali,0.22969417305768014
1,Corki,mid,Fiora,0.30005218574768877
2,Corki,mid,Teemo,0.4553482890591044
0,Corki,mid,Ekko,0.2357322049335182
1,Corki,mid,Poppy,0.3209606401245874
2,Corki,mid,Warwick,0.42236237827842715
0,Corki,mid,Veigar,0.22407864885968137
1,Corki,mid,Sylas,0.3075459132983149
2,Corki,mid,Viktor,0.42148985005565504
0,Corki,mid,Ezreal,0.15691196425387824
1,Corki,mid,Lucian,0.23307354731752108
2,Corki,mid,MissFortune,0.3154370149383799
0,Corki,mid,Lux,0.18255077086774624
1,Corki,mid,Pyke,0.31348675965888756
2,Corki,mid,Amumu,0.3211316980272665
0,Darius,top,Garen,0.012811023939781086
1,Darius,top,Sett,0.013655843312558718
2,Darius,top,Aatrox,0.014585005444185855
0,Darius,top,MasterYi,0.006157263829641751
1,Darius,top,LeeSin,0.006339513168292469
2,Darius,top,Kayn,0.009248668588640261
0,Darius,top,Yasuo,0.0039233547599945
1,Darius,top,Zed,0.0063156361780683686
2,Darius,top,Sylas,0.008971661822333419
0,Darius,top,Ezreal,0.005529777722815789
1,Darius,top,Jhin,0.00680964268314628
2,Darius,top,Lucian,0.007351948303225163
0,Darius,top,Pantheon,0.006974450041139118
1,Darius,top,Pyke,0.0069751163446590304
2,Darius,top,Blitzcrank,0.007467883235240543
0,Diana,jg,Akali,0.016680311413736323
1,Diana,jg,Irelia,0.018042423347577066
2,Diana,jg,Garen,0.03461666719715609
0,Diana,jg,Kayn,0.03031709466520671
1,Diana,jg,MasterYi,0.03242800958256772
2,Diana,jg,Ekko,0.03474607900845795
0,Diana,jg,Yasuo,0.01673094352032077
1,Diana,jg,Ahri,0.029742690352725514
2,Diana,jg,Sylas,0.029993640714097148
0,Diana,jg,Ezreal,0.01497818065801584
1,Diana,jg,Lucian,0.02060207221825745
2,Diana,jg,Kaisa,0.02206240532073183
0,Diana,jg,Lux,0.020180019925735145
1,Diana,jg,Pantheon,0.024409852603973933
2,Diana,jg,Morgana,0.03140255117917658
0,Draven,bot,Rengar,0.01885500491098703
1,Draven,bot,Jax,0.020683094066548825
2,Draven,bot,Darius,0.021643303888943463
0,Draven,bot,LeeSin,0.011649050591831531
1,Draven,bot,Graves,0.015431328230612206
2,Draven,bot,MasterYi,0.016225173533131045
0,Draven,bot,Yasuo,0.007351353535222295
1,Draven,bot,Zed,0.014614930415063837
2,Draven,bot,Katarina,0.020717234135003513
0,Draven,bot,Vayne,0.011669310419784001
1,Draven,bot,Twitch,0.017527760011255774
2,Draven,bot,Jhin,0.017909038847121285
0,Draven,bot,Thresh,0.011545868589479258
1,Draven,bot,Senna,0.015182439210495554
2,Draven,bot,Pyke,0.017331053013752012
0,DrMundo,top,Jax,0.14067949780782926
1,DrMundo,top,Garen,0.14404772126845197
2,DrMundo,top,Volibear,0.16923641903282713
0,DrMundo,top,Warwick,0.10196226676862481
1,DrMundo,top,XinZhao,0.10480079804811136
2,DrMundo,top,MasterYi,0.11346183318444693
0,DrMundo,top,Veigar,0.06843156649150157
1,DrMundo,top,Fizz,0.10535769781541443
2,DrMundo,top,Yasuo,0.11725636077011294
0,DrMundo,top,Twitch,0.09329417210952616
1,DrMundo,top,Jhin,0.09438233236256985
2,DrMundo,top,MissFortune,0.0953780035916273
0,DrMundo,top,Amumu,0.08575224849133588
1,DrMundo,top,Blitzcrank,0.08727990631577233
2,DrMundo,top,Pyke,0.1182600714469157
0,Ekko,jg,Akali,0.008194078672269475
1,Ekko,jg,Irelia,0.012050955141241023
2,Ekko,jg,Jax,0.014423348783969659
0,Ekko,jg,LeeSin,0.009716262387088304
1,Ekko,jg,Kayn,0.011522789355608569
2,Ekko,jg,Graves,0.015325015338763666
0,Ekko,jg,Yasuo,0.005839703933228279
1,Ekko,jg,Zed,0.008709091252444819
2,Ekko,jg,Sylas,0.008748315367173395
0,Ekko,jg,Ezreal,0.005239059802855464
1,Ekko,jg,Jhin,0.0075331801200942605
2,Ekko,jg,Lucian,0.009696150564444332
0,Ekko,jg,Pyke,0.008005131984237895
1,Ekko,jg,Lux,0.009470168706435004
2,Ekko,jg,Pantheon,0.011733554333551194
0,Elise,jg,Gragas,0.03515034892840184
1,Elise,jg,Camille,0.04601571979076214
2,Elise,jg,Jayce,0.06748406283708262
0,Elise,jg,LeeSin,0.026966433585018386
1,Elise,jg,Khazix,0.07106215997486913
2,Elise,jg,Nidalee,0.07712070278997239
0,Elise,jg,Sylas,0.04710013891260119
1,Elise,jg,Leblanc,0.05000952765520373
2,Elise,jg,Ahri,0.05563797685432054
0,Elise,jg,Ezreal,0.02067406583181066
1,Elise,jg,Lucian,0.032563689942357976
2,Elise,jg,Vayne,0.037891611274599196
0,Elise,jg,Thresh,0.02677824924619267
1,Elise,jg,Blitzcrank,0.0478405227424808
2,Elise,jg,Morgana,0.05908171494363927
0,Evelynn,jg,Akali,0.02436233363936262
1,Evelynn,jg,Irelia,0.02833027717217512
2,Evelynn,jg,Jax,0.033168512155830415
0,Evelynn,jg,Kayn,0.022455792853289417
1,Evelynn,jg,Khazix,0.03949246852077039
2,Evelynn,jg,LeeSin,0.056986730048979625
0,Evelynn,jg,Yasuo,0.022519066107645144
1,Evelynn,jg,Ahri,0.0251110740151421
2,Evelynn,jg,Sylas,0.03903881736596269
0,Evelynn,jg,Ezreal,0.020860867713210735
1,Evelynn,jg,Kaisa,0.02190747017507926
2,Evelynn,jg,Jhin,0.025180444527665564
0,Evelynn,jg,Lux,0.014378986801553344
1,Evelynn,jg,Morgana,0.022519945983499247
2,Evelynn,jg,Pyke,0.02715890160974118
0,Ezreal,bot,Irelia,0.003319811300778749
1,Ezreal,bot,Akali,0.003937693848583458
2,Ezreal,bot,Riven,0.00492500784518114
0,Ezreal,bot,LeeSin,0.0013947802169505573
1,Ezreal,bot,Graves,0.0027001430633328775
2,Ezreal,bot,Ekko,0.003983878355493402
0,Ezreal,bot,Yasuo,0.0018333431766512818
1,Ezreal,bot,Zed,0.0029933424007152765
2,Ezreal,bot,Sylas,0.004459721003457445
0,Ezreal,bot,Kaisa,0.0021098332812021867
1,Ezreal,bot,Lucian,0.002540936656738058
2,Ezreal,bot,Vayne,0.0030959320139516485
0,Ezreal,bot,Thresh,0.0020106988648294047
1,Ezreal,bot,Blitzcrank,0.0026484783477451843
2,Ezreal,bot,Senna,0.002929917746310323
0,Fiddlesticks,jg,Volibear,0.06688780632944873
1,Fiddlesticks,jg,Malphite,0.08501872786585588
2,Fiddlesticks,jg,Teemo,0.09140631407761436
0,Fiddlesticks,jg,Kayn,0.09182606970550036
1,Fiddlesticks,jg,Warwick,0.12749091444125682
2,Fiddlesticks,jg,Ekko,0.14346218221532672
0,Fiddlesticks,jg,Veigar,0.05561226269654956
1,Fiddlesticks,jg,Yasuo,0.06230817888625518
2,Fiddlesticks,jg,Sylas,0.07970622186784763
0,Fiddlesticks,jg,Jhin,0.05269730447168001
1,Fiddlesticks,jg,Ezreal,0.05590943086343626
2,Fiddlesticks,jg,MissFortune,0.06387193660752541
0,Fiddlesticks,jg,Thresh,0.07074264878254857
1,Fiddlesticks,jg,Blitzcrank,0.07956663743682811
2,Fiddlesticks,jg,Lux,0.08421875988444957
0,Fiora,top,Camille,0.026985835116264248
1,Fiora,top,Irelia,0.02756481102763955
2,Fiora,top,Akali,0.03527380962041645
0,Fiora,top,LeeSin,0.016558303648381376
1,Fiora,top,Ekko,0.024783712038817858
2,Fiora,top,Graves,0.025387849329262146
0,Fiora,top,Yasuo,0.0121914623999074
1,Fiora,top,Vladimir,0.023886243404812622
2,Fiora,top,Sylas,0.026452556816673873
0,Fiora,top,Ezreal,0.013512183104454836
1,Fiora,top,Vayne,0.01753331491696132
2,Fiora,top,Lucian,0.021811526798426666
0,Fiora,top,Thresh,0.01812502563612064
1,Fiora,top,Lux,0.023989699312209727
2,Fiora,top,Blitzcrank,0.03176592482717983
0,Fizz,mid,Akali,0.02112146068151549
1,Fizz,mid,Jax,0.024532697349296893
2,Fizz,mid,Irelia,0.029031708320616093
0,Fizz,mid,LeeSin,0.01649917365824715
1,Fizz,mid,Ekko,0.01725633496775049
2,Fizz,mid,Talon,0.02748212013287972
0,Fizz,mid,Yasuo,0.016449047653512266
1,Fizz,mid,Zed,0.0206046885204384
2,Fizz,mid,Ahri,0.04742356421326644
0,Fizz,mid,Ezreal,0.01294339193082104
1,Fizz,mid,Lucian,0.018919077227611606
2,Fizz,mid,Vayne,0.02142766696811638
0,Fizz,mid,Blitzcrank,0.018744431400437248
1,Fizz,mid,Lux,0.019006717478446646
2,Fizz,mid,Thresh,0.0245429007022862
0,Galio,mid,Akali,0.048211635412817234
1,Galio,mid,Malphite,0.05845311305867498
2,Galio,mid,Mordekaiser,0.07757363285964206
0,Galio,mid,Warwick,0.07201471387358652
1,Galio,mid,Diana,0.0740809558760523
2,Galio,mid,LeeSin,0.0791267601594106
0,Galio,mid,Ahri,0.060460569194337975
1,Galio,mid,Sylas,0.06885854812420447
2,Galio,mid,Veigar,0.07830937665614705
0,Galio,mid,Ezreal,0.032761851527303903
1,Galio,mid,Ashe,0.041539020915140286
2,Galio,mid,Jhin,0.042877071147023535
0,Galio,mid,Lux,0.04482655626221678
1,Galio,mid,Pantheon,0.051992407816179226
2,Galio,mid,Nautilus,0.05548254747208221
0,Gangplank,top,Darius,0.04621827069205616
1,Gangplank,top,Aatrox,0.050506651457137716
2,Gangplank,top,Jayce,0.050863258316436816
0,Gangplank,top,LeeSin,0.014591249868400704
1,Gangplank,top,Graves,0.02081899966301075
2,Gangplank,top,Ekko,0.02921322357630825
0,Gangplank,top,Yasuo,0.014341305077640108
1,Gangplank,top,Zed,0.021732513376016765
2,Gangplank,top,TwistedFate,0.024380760358205585
0,Gangplank,top,Ezreal,0.013924653092116105
1,Gangplank,top,Jhin,0.015107388707874633
2,Gangplank,top,Lucian,0.020251246817382135
0,Gangplank,top,Thresh,0.017345884242589676
1,Gangplank,top,Pyke,0.027382967738705934
2,Gangplank,top,Pantheon,0.0289354492885825
0,Garen,top,Darius,0.015050204183311917
1,Garen,top,Malphite,0.02116377318318011
2,Garen,top,Mordekaiser,0.02536782676798352
0,Garen,top,MasterYi,0.010136640417511476
1,Garen,top,Kayn,0.011915886917560755
2,Garen,top,Warwick,0.014645612018827815
0,Garen,top,Yasuo,0.007826743443175582
1,Garen,top,Veigar,0.008585906201288735
2,Garen,top,Yone,0.015603482715077303
0,Garen,top,MissFortune,0.0093037042425923
1,Garen,top,Ashe,0.009560104969259178
2,Garen,top,Ezreal,0.010204470435643005
0,Garen,top,Lux,0.008642440081834938
1,Garen,top,Blitzcrank,0.010689735082795486
2,Garen,top,Pantheon,0.013453973462999083
0,Gnar,top,Kennen,0.10924814165833532
1,Gnar,top,Teemo,0.11120503805956164
2,Gnar,top,Renekton,0.11995562428143394
0,Gnar,top,Poppy,0.052605761260369276
1,Gnar,top,LeeSin,0.054301155921762136
2,Gnar,top,Kayn,0.061653117125737796
0,Gnar,top,Yasuo,0.023357045932310857
1,Gnar,top,Sylas,0.05249844309738586
2,Gnar,top,Vladimir,0.05474394028298263
0,Gnar,top,Ezreal,0.02076886195866216
1,Gnar,top,Jhin,0.037057030767429236
2,Gnar,top,Ashe,0.04159041396239915
0,Gnar,top,Thresh,0.040204284915241056
1,Gnar,top,Lux,0.04705631126118924
2,Gnar,top,Blitzcrank,0.04712541850749325
0,Gragas,top,Sion,0.08659002653702055
1,Gragas,top,Camille,0.11442376013487587
2,Gragas,top,Jax,0.13196494411515708
0,Gragas,top,LeeSin,0.03192943743370093
1,Gragas,top,Graves,0.04539198095222936
2,Gragas,top,JarvanIV,0.1001983501499512
0,Gragas,top,Yasuo,0.03564669366803696
1,Gragas,top,Zed,0.054168111159624284
2,Gragas,top,Galio,0.07285083813484992
0,Gragas,top,Ezreal,0.029925873574894592
1,Gragas,top,Jhin,0.04528395018464168
2,Gragas,top,Vayne,0.0592644939991985
0,Gragas,top,Blitzcrank,0.0405135879735238
1,Gragas,top,Thresh,0.04602815057859838
2,Gragas,top,Alistar,0.06753325234506309
0,Graves,jg,Gragas,0.017393309190356795
1,Graves,jg,Akali,0.021272217015858977
2,Graves,jg,Sett,0.021449439910566876
0,Graves,jg,LeeSin,0.008457490829751604
1,Graves,jg,Ekko,0.020956921968149116
2,Graves,jg,Nidalee,0.024811045619791066
0,Graves,jg,Yasuo,0.009787059473007453
1,Graves,jg,Sylas,0.010189236545867238
2,Graves,jg,Zed,0.015701239614493497
0,Graves,jg,Ezreal,0.007451707583561142
1,Graves,jg,Lucian,0.008994959357679331
2,Graves,jg,Vayne,0.014591534199159355
0,Graves,jg,Thresh,0.01243916362159276
1,Graves,jg,Pantheon,0.014096567798395812
2,Graves,jg,Senna,0.018033541323315812
0,Gwen,top,Camille,0.27202745918034094
1,Gwen,top,Riven,0.6748122851456486
2,Gwen,top,Renekton,0.7990157494932094
0,Gwen,top,MonkeyKing,0.297650293788896
1,Gwen,top,Kayn,0.42019901525395653
2,Gwen,top,Graves,0.44002409935560216
0,Gwen,top,Ahri,0.4725669956824432
1,Gwen,top,Zed,0.4813946020340369
2,Gwen,top,Yone,0.48390732851129903
0,Gwen,top,Ezreal,0.30996634282528696
1,Gwen,top,Lucian,0.31390554033102697
2,Gwen,top,Caitlyn,0.44075855984672896
0,Gwen,top,Karma,0.32390197555910955
1,Gwen,top,Pantheon,0.4673003809038343
2,Gwen,top,Sona,0.4683730300269613
0,Hecarim,jg,Volibear,0.04844060554634378
1,Hecarim,jg,Jax,0.07043139478692952
2,Hecarim,jg,Malphite,0.07835667827656707
0,Hecarim,jg,LeeSin,0.05354379924656434
1,Hecarim,jg,Ekko,0.10214009847850489
2,Hecarim,jg,MasterYi,0.11377753116464887
0,Hecarim,jg,Zed,0.050071895686671315
1,Hecarim,jg,Sylas,0.05022912725014329
2,Hecarim,jg,Yasuo,0.05756336596770455
0,Hecarim,jg,Ezreal,0.03052780788924891
1,Hecarim,jg,Jhin,0.049366187019005345
2,Hecarim,jg,Lucian,0.05253659229248084
0,Hecarim,jg,Amumu,0.04411362287630755
1,Hecarim,jg,Blitzcrank,0.05377029235903947
2,Hecarim,jg,Thresh,0.05461376300441431
0,Heimerdinger,top,Teemo,0.06485849114598195
1,Heimerdinger,top,Garen,0.11255005370037655
2,Heimerdinger,top,Malphite,0.11583411103454866
0,Heimerdinger,top,Karthus,0.08555785537720041
1,Heimerdinger,top,MasterYi,0.08609795988987837
2,Heimerdinger,top,LeeSin,0.119803128037685
0,Heimerdinger,top,Veigar,0.03882333975292733
1,Heimerdinger,top,Annie,0.08765326610312896
2,Heimerdinger,top,Malzahar,0.10063094419151562
0,Heimerdinger,top,Ezreal,0.05145593249234903
1,Heimerdinger,top,MissFortune,0.054215383793024326
2,Heimerdinger,top,Caitlyn,0.06657372448868204
0,Heimerdinger,top,Morgana,0.06645873266325848
1,Heimerdinger,top,Lux,0.06979944084620751
2,Heimerdinger,top,Blitzcrank,0.09351604781411901
0,Illaoi,top,Darius,0.0624957898468695
1,Illaoi,top,Garen,0.06692492455886345
2,Illaoi,top,Teemo,0.08301921339960963
0,Illaoi,top,MasterYi,0.04617858359201651
1,Illaoi,top,Kayn,0.05178795052696933
2,Illaoi,top,Warwick,0.05837393853708325
0,Illaoi,top,Yasuo,0.03490411480469992
1,Illaoi,top,Veigar,0.03921627832024582
2,Illaoi,top,Sylas,0.07795569402897573
0,Illaoi,top,Ezreal,0.03661618204340951
1,Illaoi,top,Jhin,0.04128383332964769
2,Illaoi,top,Vayne,0.05598903154619042
0,Illaoi,top,Blitzcrank,0.03999857154984073
1,Illaoi,top,Lux,0.04215524178843767
2,Illaoi,top,Pyke,0.05151961154979142
0,Irelia,top,Akali,0.007157848744002481
1,Irelia,top,Camille,0.014199681422225661
2,Irelia,top,Fiora,0.020741794233985186
0,Irelia,top,LeeSin,0.005505141227807071
1,Irelia,top,Graves,0.011440675446179827
2,Irelia,top,Ekko,0.011921949272114742
0,Irelia,top,Yasuo,0.005409918151212292
1,Irelia,top,Sylas,0.007495327789021081
2,Irelia,top,Zed,0.011890479266831233
0,Irelia,top,Ezreal,0.0049808319373499535
1,Irelia,top,Kaisa,0.00706544728644503
2,Irelia,top,Lucian,0.0072246947090004645
0,Irelia,top,Thresh,0.007952378722999899
1,Irelia,top,Pantheon,0.010105203862872733
2,Irelia,top,Pyke,0.010517787386452345
0,Ivern,jg,Chogath,0.18420842859806924
1,Ivern,jg,Volibear,0.1862695683744739
2,Ivern,jg,Gragas,0.1884065216473632
0,Ivern,jg,MasterYi,0.16435063732277808
1,Ivern,jg,Nunu,0.17238318518164014
2,Ivern,jg,LeeSin,0.18270060916297687
0,Ivern,jg,Yasuo,0.1310196258817062
1,Ivern,jg,Neeko,0.13717581545676757
2,Ivern,jg,Veigar,0.13786853972215635
0,Ivern,jg,Ezreal,0.08534075771752204
1,Ivern,jg,Jhin,0.09257813644411879
2,Ivern,jg,Twitch,0.10521321329500535
0,Ivern,jg,Blitzcrank,0.11561656086729728
1,Ivern,jg,Bard,0.1274067715908023
2,Ivern,jg,Nautilus,0.22895592947818433
0,Janna,sup,Teemo,0.027187872507512336
1,Janna,sup,Malphite,0.034604466544920214
2,Janna,sup,Kayle,0.04847769851240512
0,Janna,sup,Evelynn,0.03961575436982757
1,Janna,sup,LeeSin,0.044560294074421226
2,Janna,sup,Nidalee,0.04798571290792479
0,Janna,sup,Ahri,0.02443004957235249
1,Janna,sup,Annie,0.03420047798535701
2,Janna,sup,Orianna,0.03635122718402037
0,Janna,sup,MissFortune,0.020283382406907146
1,Janna,sup,Ashe,0.02263296820401281
2,Janna,sup,Ezreal,0.026203423155982897
0,Janna,sup,Nami,0.0280834516606251
1,Janna,sup,Lulu,0.029637346090489358
2,Janna,sup,Lux,0.03865493636133813
0,JarvanIV,jg,Gragas,0.049618495029605116
1,JarvanIV,jg,Malphite,0.06299331067221206
2,JarvanIV,jg,Jax,0.07126011023944813
0,JarvanIV,jg,LeeSin,0.046908348765870515
1,JarvanIV,jg,Nocturne,0.12143134351914257
2,JarvanIV,jg,MasterYi,0.12169126906814144
0,JarvanIV,jg,Yasuo,0.05608359145375781
1,JarvanIV,jg,Ahri,0.05614019961536779
2,JarvanIV,jg,Sylas,0.06319554364791793
0,JarvanIV,jg,Ezreal,0.023764703135284303
1,JarvanIV,jg,Lucian,0.04253101336515059
2,JarvanIV,jg,Caitlyn,0.05925050780506843
0,JarvanIV,jg,Thresh,0.05798677336436351
1,JarvanIV,jg,Nautilus,0.07154923347967271
2,JarvanIV,jg,Blitzcrank,0.07274547587408522
0,Jax,top,Darius,0.02300873262642601
1,Jax,top,Garen,0.02816442735820271
2,Jax,top,Malphite,0.03511260523563118
0,Jax,top,MasterYi,0.012599748225418927
1,Jax,top,LeeSin,0.014897837806448313
2,Jax,top,Kayn,0.016705655652197022
0,Jax,top,Yasuo,0.008607408249372006
1,Jax,top,Zed,0.017657765271950406
2,Jax,top,Vladimir,0.018746127433497833
0,Jax,top,Ezreal,0.01019137547786067
1,Jax,top,Vayne,0.014723528544393289
2,Jax,top,Lucian,0.018094414806804137
0,Jax,top,Blitzcrank,0.01587270700850558
1,Jax,top,Lux,0.01734999536427041
2,Jax,top,Pantheon,0.017745933549678863
0,Jayce,top,Irelia,0.031194061462438225
1,Jayce,top,Camille,0.033064139454686316
2,Jayce,top,Fiora,0.05474521354022828
0,Jayce,top,LeeSin,0.01316537095964814
1,Jayce,top,Graves,0.016802790240643854
2,Jayce,top,Ekko,0.03513898797615357
0,Jayce,top,Sylas,0.01789532066080193
1,Jayce,top,Yasuo,0.023378966242847337
2,Jayce,top,Zed,0.028386943723894886
0,Jayce,top,Ezreal,0.012862679603808085
1,Jayce,top,Lucian,0.01314644748144922
2,Jayce,top,Vayne,0.027790529005975288
0,Jayce,top,Thresh,0.022169469451283424
1,Jayce,top,Pantheon,0.02751648440780476
2,Jayce,top,Blitzcrank,0.035410323329127795
0,Jhin,bot,Akali,0.010194566182601455
1,Jhin,bot,Garen,0.011461427374445525
2,Jhin,bot,Teemo,0.012230987393656113
0,Jhin,bot,LeeSin,0.005904596807523598
1,Jhin,bot,Kayn,0.006121492090948728
2,Jhin,bot,MasterYi,0.007649762043360258
0,Jhin,bot,Yasuo,0.003746283550148976
1,Jhin,bot,Zed,0.006449870459076377
2,Jhin,bot,Veigar,0.007234431227197053
0,Jhin,bot,Ezreal,0.004499233849553776
1,Jhin,bot,Kaisa,0.006017820360865146
2,Jhin,bot,Caitlyn,0.0074270703622268865
0,Jhin,bot,Senna,0.004952820022656482
1,Jhin,bot,Thresh,0.005428967023117619
2,Jhin,bot,Lux,0.005634884686378924
0,Jinx,bot,Teemo,0.01722476758810017
1,Jinx,bot,Irelia,0.01829950533111386
2,Jinx,bot,Akali,0.021774056075322852
0,Jinx,bot,MasterYi,0.01221188823303901
1,Jinx,bot,LeeSin,0.012291195356829536
2,Jinx,bot,Graves,0.01664373597724122
0,Jinx,bot,Yasuo,0.010052886637755753
1,Jinx,bot,Ahri,0.015713938812428975
2,Jinx,bot,Veigar,0.017735890376100134
0,Jinx,bot,Ezreal,0.011896509003600286
1,Jinx,bot,Kaisa,0.014516541327649181
2,Jinx,bot,Vayne,0.014911378354725228
0,Jinx,bot,Lux,0.009046846480054355
1,Jinx,bot,Thresh,0.011408961959099233
2,Jinx,bot,Senna,0.01735339072003395
0,Kaisa,bot,Irelia,0.003788790019200066
1,Kaisa,bot,Akali,0.003945405148064711
2,Kaisa,bot,Camille,0.00959491677535405
0,Kaisa,bot,LeeSin,0.0032393624118834136
1,Kaisa,bot,Graves,0.005262923818656779
2,Kaisa,bot,Ekko,0.0059853545423942086
0,Kaisa,bot,Yasuo,0.0032390398466086126
1,Kaisa,bot,Sylas,0.0057927259136783486
2,Kaisa,bot,Zed,0.0072710862379996456
0,Kaisa,bot,Ezreal,0.002554141783291727
1,Kaisa,bot,Vayne,0.005096201556793171
2,Kaisa,bot,Lucian,0.006431009671289536
0,Kaisa,bot,Senna,0.002987640145775957
1,Kaisa,bot,Thresh,0.004602611480957217
2,Kaisa,bot,Lux,0.00699101779700062
0,Kalista,bot,Irelia,0.11663686239483272
1,Kalista,bot,Akali,0.18191913073201732
2,Kalista,bot,Kayle,0.18920335079877454
0,Kalista,bot,LeeSin,0.07754641612262958
1,Kalista,bot,Nidalee,0.10254160831741882
2,Kalista,bot,Graves,0.1159393432247001
0,Kalista,bot,Yasuo,0.0585824624043489
1,Kalista,bot,Orianna,0.15054929147235852
2,Kalista,bot,Sylas,0.18936553205317874
0,Kalista,bot,Ezreal,0.06871769172183662
1,Kalista,bot,Vayne,0.08835597127217215
2,Kalista,bot,Kaisa,0.10449077723517664
0,Kalista,bot,Thresh,0.0786567443056669
1,Kalista,bot,Senna,0.08659634142855926
2,Kalista,bot,Pyke,0.13559667595946795
0,Karma,sup,Teemo,0.05594560397938201
1,Karma,sup,Malphite,0.059810000263487595
2,Karma,sup,Kayle,0.08659176810333309
0,Karma,sup,Poppy,0.08017649430585332
1,Karma,sup,LeeSin,0.08414439643101226
2,Karma,sup,Diana,0.10599324247079635
0,Karma,sup,Ahri,0.06031930581633406
1,Karma,sup,Galio,0.06398165853587695
2,Karma,sup,Orianna,0.06892542782199194
0,Karma,sup,Ezreal,0.0348093257417712
1,Karma,sup,Ashe,0.03631779264136427
2,Karma,sup,MissFortune,0.04401188208214652
0,Karma,sup,Morgana,0.05307741156673538
1,Karma,sup,Lulu,0.055352601011493995
2,Karma,sup,Leona,0.09327476678585063
0,Karthus,jg,Heimerdinger,0.11810478082709765
1,Karthus,jg,Gangplank,0.13342272713445974
2,Karthus,jg,Malphite,0.1386932943809768
0,Karthus,jg,LeeSin,0.07900458339870961
1,Karthus,jg,Graves,0.11877585970465167
2,Karthus,jg,Shaco,0.17645845152562228
0,Karthus,jg,Veigar,0.09402982775868758
1,Karthus,jg,Yasuo,0.0943666321481253
2,Karthus,jg,TwistedFate,0.10251539474712364
0,Karthus,jg,Ezreal,0.04238429826392106
1,Karthus,jg,Caitlyn,0.07864320920529906
2,Karthus,jg,Lucian,0.08573649448879811
0,Karthus,jg,Thresh,0.08310472450409657
1,Karthus,jg,Xerath,0.10165344668448063
2,Karthus,jg,Blitzcrank,0.10377454493407917
0,Kassadin,mid,Jax,0.04836283440700684
1,Kassadin,mid,Akali,0.050125145613111786
2,Kassadin,mid,Kayle,0.07113409765023125
0,Kassadin,mid,LeeSin,0.043863295974681735
1,Kassadin,mid,Ekko,0.048272503559674364
2,Kassadin,mid,Graves,0.04858095785078913
0,Kassadin,mid,TwistedFate,0.0646252511604929
1,Kassadin,mid,Zed,0.06603877518836493
2,Kassadin,mid,Yasuo,0.07276449354658984
0,Kassadin,mid,Ezreal,0.030098773846130113
1,Kassadin,mid,Lucian,0.03257292734680629
2,Kassadin,mid,Vayne,0.04040419030719639
0,Kassadin,mid,Xerath,0.039391969765312805
1,Kassadin,mid,Pantheon,0.05638739318982651
2,Kassadin,mid,Lux,0.05839434508330697
0,Katarina,mid,Akali,0.0035026700663263726
1,Katarina,mid,Irelia,0.004217328634177858
2,Katarina,mid,Riven,0.007238395021233543
0,Katarina,mid,LeeSin,0.005074891227777235
1,Katarina,mid,MasterYi,0.0068295383419460605
2,Katarina,mid,Ekko,0.007110678394811086
0,Katarina,mid,Yasuo,0.003506480206407977
1,Katarina,mid,Zed,0.005631380545702734
2,Katarina,mid,Leblanc,0.019871800975817
0,Katarina,mid,Vayne,0.004363789631673938
1,Katarina,mid,Ezreal,0.0048312195581259225
2,Katarina,mid,Kaisa,0.006227206055063093
0,Katarina,mid,Lux,0.004334587889739038
1,Katarina,mid,Pyke,0.005538128661256085
2,Katarina,mid,Thresh,0.00615915333329809
0,Kayle,top,Irelia,0.09688074947365535
1,Kayle,top,Garen,0.11195492680265128
2,Kayle,top,Teemo,0.11243104992557908
0,Kayle,top,MasterYi,0.051786107591760444
1,Kayle,top,Graves,0.05595297371063624
2,Kayle,top,Kayn,0.09454856965570896
0,Kayle,top,Yasuo,0.0692621786892098
1,Kayle,top,Sylas,0.08423970820500376
2,Kayle,top,Yone,0.08492913497586559
0,Kayle,top,Vayne,0.04633909420788765
1,Kayle,top,Kaisa,0.0481112915659198
2,Kayle,top,Ezreal,0.049120563559498544
0,Kayle,top,Senna,0.040314817661975144
1,Kayle,top,Lux,0.04977548091367838
2,Kayle,top,Pantheon,0.06852445282831379
0,Kayn,jg,Akali,0.00862193553299342
1,Kayn,jg,Jax,0.009560072842158429
2,Kayn,jg,Sett,0.009616032800589397
0,Kayn,jg,MasterYi,0.009054486372945526
1,Kayn,jg,LeeSin,0.010662113172759531
2,Kayn,jg,Ekko,0.01160722877244702
0,Kayn,jg,Yasuo,0.003201784223668512
1,Kayn,jg,Zed,0.005741835740918824
2,Kayn,jg,Sylas,0.007878925397603327
0,Kayn,jg,Ezreal,0.004347765073528357
1,Kayn,jg,Jhin,0.004939946428884063
2,Kayn,jg,Kaisa,0.008451894194471059
0,Kayn,jg,Pyke,0.004462895280982724
1,Kayn,jg,Pantheon,0.0077699980255741645
2,Kayn,jg,Thresh,0.007837797554717035
0,Kennen,top,Rumble,0.1995652840760604
1,Kennen,top,Quinn,0.21992358234269174
2,Kennen,top,Gnar,0.2919919685535112
0,Kennen,top,LeeSin,0.09380771572544352
1,Kennen,top,Diana,0.15795096764544173
2,Kennen,top,MonkeyKing,0.19278067960037942
0,Kennen,top,Sylas,0.12791774606051706
1,Kennen,top,Yasuo,0.132655368671345
2,Kennen,top,Vladimir,0.14733241975744432
0,Kennen,top,Ezreal,0.05432022945464285
1,Kennen,top,Jhin,0.09474779372291409
2,Kennen,top,Lucian,0.11867227241554415
0,Kennen,top,Blitzcrank,0.13538772513563643
1,Kennen,top,Alistar,0.18411753534243033
2,Kennen,top,Zilean,0.18952078531945799
0,Khazix,jg,Rengar,0.014523065361604184
1,Khazix,jg,Jax,0.01753758835046331
2,Khazix,jg,Akali,0.029207538414881915
0,Khazix,jg,Kayn,0.016256638098585498
1,Khazix,jg,LeeSin,0.018656390252712082
2,Khazix,jg,MasterYi,0.027546621725091487
0,Khazix,jg,Yasuo,0.00969902031707286
1,Khazix,jg,Zed,0.013680184977545232
2,Khazix,jg,Sylas,0.02193767093805028
0,Khazix,jg,Ezreal,0.011297671548559677
1,Khazix,jg,Lucian,0.014573358515567708
2,Khazix,jg,Vayne,0.017231155278127235
0,Khazix,jg,Pyke,0.018367354717510734
1,Khazix,jg,Thresh,0.018847446288896567
2,Khazix,jg,Morgana,0.02140690555851853
0,Kindred,jg,Akali,0.05016746315570687
1,Kindred,jg,Camille,0.05826122298054043
2,Kindred,jg,Kayle,0.07252684533477011
0,Kindred,jg,LeeSin,0.0712176035774406
1,Kindred,jg,Graves,0.07325265866702635
2,Kindred,jg,Kayn,0.08337152629515397
0,Kindred,jg,Yasuo,0.042417488707771206
1,Kindred,jg,Sylas,0.05066226322552887
2,Kindred,jg,Katarina,0.07233041666781218
0,Kindred,jg,Ezreal,0.030981940014581568
1,Kindred,jg,Vayne,0.04239420616018248
2,Kindred,jg,Kaisa,0.05197122852210001
0,Kindred,jg,Pantheon,0.0455569509251024
1,Kindred,jg,Senna,0.04556924541589349
2,Kindred,jg,Pyke,0.055898955148649634
0,Kled,top,Camille,0.11676799091496556
1,Kled,top,Urgot,0.11921348565073168
2,Kled,top,Sett,0.1272431516945688
0,Kled,top,Kayn,0.05366639487949378
1,Kled,top,Ekko,0.06564846055765604
2,Kled,top,LeeSin,0.07187994669588359
0,Kled,top,Yasuo,0.045308239626866344
1,Kled,top,Sylas,0.051906101586821435
2,Kled,top,Vladimir,0.061443604578971724
0,Kled,top,Jhin,0.04219245052046282
1,Kled,top,Ezreal,0.043615008344369134
2,Kled,top,Lucian,0.06787180383752033
0,Kled,top,Pyke,0.03940697356313748
1,Kled,top,Pantheon,0.05492834003383861
2,Kled,top,Blitzcrank,0.06150419957885912
0,KogMaw,bot,Garen,0.1836516081377114
1,KogMaw,bot,Rengar,0.18625248867857788
2,KogMaw,bot,Kayle,0.18891743022230134
0,KogMaw,bot,MasterYi,0.08557208295573501
1,KogMaw,bot,Shaco,0.1767922488164086
2,KogMaw,bot,LeeSin,0.230491930287963
0,KogMaw,bot,Ryze,0.1049577596988128
1,KogMaw,bot,Veigar,0.1346008060858081
2,KogMaw,bot,Yasuo,0.15351160790551505
0,KogMaw,bot,Twitch,0.11621429014060557
1,KogMaw,bot,Ezreal,0.1244338100104929
2,KogMaw,bot,Vayne,0.14737556471301091
0,KogMaw,bot,Blitzcrank,0.10464953224569913
1,KogMaw,bot,Senna,0.13722209906022165
2,KogMaw,bot,Brand,0.1556523494371635
0,Leblanc,mid,Akali,0.010654006753653834
1,Leblanc,mid,Irelia,0.011205081161417508
2,Leblanc,mid,Jayce,0.02691912660779896
0,Leblanc,mid,LeeSin,0.009404977421342942
1,Leblanc,mid,Ekko,0.016697549331029193
2,Leblanc,mid,Nidalee,0.02788598386552321
0,Leblanc,mid,Zed,0.0231652972952387
1,Leblanc,mid,Yasuo,0.025186148137772185
2,Leblanc,mid,Syndra,0.03794580895099185
0,Leblanc,mid,Ezreal,0.008296613388610185
1,Leblanc,mid,Lucian,0.01217538757279687
2,Leblanc,mid,Vayne,0.01807155567970082
0,Leblanc,mid,Thresh,0.017468938138027083
1,Leblanc,mid,Lux,0.017627657954967412
2,Leblanc,mid,Blitzcrank,0.019398425641932383
0,LeeSin,jg,Gragas,0.003153524481321108
1,LeeSin,jg,Irelia,0.003240030417771194
2,LeeSin,jg,Riven,0.00369637042889022
0,LeeSin,jg,Graves,0.0025292299470086642
1,LeeSin,jg,Nidalee,0.0034188002577244633
2,LeeSin,jg,Khazix,0.0055523322752166065
0,LeeSin,jg,Yasuo,0.0014268076158483465
1,LeeSin,jg,Zed,0.0017938114432496709
2,LeeSin,jg,Sylas,0.0032640679745856304
0,LeeSin,jg,Ezreal,0.0012325830693167017
1,LeeSin,jg,Lucian,0.001952614962161086
2,LeeSin,jg,Vayne,0.0020221014340757394
0,LeeSin,jg,Thresh,0.001568543553501176
1,LeeSin,jg,Blitzcrank,0.0023228373015438857
2,LeeSin,jg,Pyke,0.003891761145435924
0,Leona,sup,Malphite,0.01990306373030476
1,Leona,sup,Teemo,0.034796463678094684
2,Leona,sup,Garen,0.03534652980693119
0,Leona,sup,MasterYi,0.03259721092745784
1,Leona,sup,LeeSin,0.035166547589517844
2,Leona,sup,Warwick,0.042694681559796346
0,Leona,sup,Veigar,0.02565090312267812
1,Leona,sup,Galio,0.026649575322899733
2,Leona,sup,Yasuo,0.03165748995675218
0,Leona,sup,Ezreal,0.016822080921523996
1,Leona,sup,MissFortune,0.02118395335049367
2,Leona,sup,Caitlyn,0.021447462954638466
0,Leona,sup,Nautilus,0.025051644107816334
1,Leona,sup,Blitzcrank,0.032275878824390286
2,Leona,sup,Thresh,0.03754361111892426
0,Lillia,jg,Mordekaiser,0.11107670193548927
1,Lillia,jg,Rumble,0.15308772085790137
2,Lillia,jg,Irelia,0.17962563556531944
0,Lillia,jg,Graves,0.14170466414939073
1,Lillia,jg,LeeSin,0.14186092871567788
2,Lillia,jg,Poppy,0.18050394408643988
0,Lillia,jg,Sylas,0.1054762144259396
1,Lillia,jg,Yone,0.1189115367222856
2,Lillia,jg,Yasuo,0.1350538681211852
0,Lillia,jg,Ezreal,0.06647804703750831
1,Lillia,jg,MissFortune,0.11511871213429509
2,Lillia,jg,Jhin,0.11728780134533816
0,Lillia,jg,Pantheon,0.09457297016452258
1,Lillia,jg,Senna,0.09506375149971244
2,Lillia,jg,Lux,0.10337218980021459
0,Lissandra,mid,Malphite,0.08767649821975057
1,Lissandra,mid,Irelia,0.10416143486217126
2,Lissandra,mid,Camille,0.1907083585005917
0,Lissandra,mid,LeeSin,0.1003844662836761
1,Lissandra,mid,Diana,0.13313460967781204
2,Lissandra,mid,Ekko,0.1359896732934634
0,Lissandra,mid,Orianna,0.10434967947954749
1,Lissandra,mid,Viktor,0.1378770340826139
2,Lissandra,mid,Ahri,0.14616029204039468
0,Lissandra,mid,Ezreal,0.06579028560673396
1,Lissandra,mid,Lucian,0.10514512467538102
2,Lissandra,mid,Ziggs,0.11569635328475021
0,Lissandra,mid,Lux,0.10175825275314927
1,Lissandra,mid,Thresh,0.10350783253898346
2,Lissandra,mid,Lulu,0.11384453476857667
0,Lucian,bot,Akali,0.015791809167993772
1,Lucian,bot,Irelia,0.015962553280518866
2,Lucian,bot,Fiora,0.019548408817670438
0,Lucian,bot,LeeSin,0.006884931616898339
1,Lucian,bot,Graves,0.00941126645146845
2,Lucian,bot,Ekko,0.02095579973835505
0,Lucian,bot,Yasuo,0.007997688649548147
1,Lucian,bot,Zed,0.012494420344230601
2,Lucian,bot,Sylas,0.02086436896814658
0,Lucian,bot,Ezreal,0.007435983913646633
1,Lucian,bot,Kaisa,0.011713907740283525
2,Lucian,bot,Vayne,0.01395632493492872
0,Lucian,bot,Thresh,0.009968390752600965
1,Lucian,bot,Senna,0.011213710565968923
2,Lucian,bot,Blitzcrank,0.016189069422378754
0,Lulu,sup,Teemo,0.012783849217655779
1,Lulu,sup,Malphite,0.0212463238387264
2,Lulu,sup,Akali,0.02973072288344517
0,Lulu,sup,LeeSin,0.02349696813728508
1,Lulu,sup,Nidalee,0.02467637098328404
2,Lulu,sup,Evelynn,0.02976241259029636
0,Lulu,sup,Ahri,0.011298715918223104
1,Lulu,sup,Annie,0.019192224917769878
2,Lulu,sup,Veigar,0.021809496974671636
0,Lulu,sup,MissFortune,0.011288984093029792
1,Lulu,sup,Ashe,0.014816571398022688
2,Lulu,sup,Ezreal,0.015274397139198972
0,Lulu,sup,Nami,0.01610571977052827
1,Lulu,sup,Yuumi,0.019112894686847955
2,Lulu,sup,Lux,0.021260885250876906
0,Lux,sup,Teemo,0.0039902180476355485
1,Lux,sup,Akali,0.00480974476497027
2,Lux,sup,Irelia,0.006274421278736561
0,Lux,sup,Evelynn,0.005933656413605856
1,Lux,sup,Diana,0.007575593447991361
2,Lux,sup,MasterYi,0.007635835661024894
0,Lux,sup,Ahri,0.002682891288145254
1,Lux,sup,Neeko,0.004539722699567817
2,Lux,sup,Veigar,0.0056107219481267975
0,Lux,sup,MissFortune,0.0034570842965380147
1,Lux,sup,Caitlyn,0.004229987977247451
2,Lux,sup,Ashe,0.004331294534478594
0,Lux,sup,Morgana,0.005103692403105753
1,Lux,sup,Soraka,0.008828078304852162
2,Lux,sup,Nami,0.012511343211658078
0,Malphite,top,Garen,0.040252209733607235
1,Malphite,top,Teemo,0.0927402164418333
2,Malphite,top,Nasus,0.1103232453045614
0,Malphite,top,MasterYi,0.03891644484666062
1,Malphite,top,LeeSin,0.05207194162968605
2,Malphite,top,Warwick,0.07078548527074345
0,Malphite,top,Veigar,0.034829607043218476
1,Malphite,top,Yasuo,0.03616679742496343
2,Malphite,top,Galio,0.04716462022389957
0,Malphite,top,Ezreal,0.025163660946347154
1,Malphite,top,MissFortune,0.03488095335549668
2,Malphite,top,Vayne,0.049212601043787524
0,Malphite,top,Blitzcrank,0.02929794277691119
1,Malphite,top,Lux,0.04577694263638111
2,Malphite,top,Leona,0.05555618717244622
0,Malzahar,mid,Teemo,0.04699928850469256
1,Malzahar,mid,Garen,0.05782877439157087
2,Malzahar,mid,Chogath,0.07767029628589307
0,Malzahar,mid,MasterYi,0.05639346056759625
1,Malzahar,mid,Karthus,0.06778223208801586
2,Malzahar,mid,Fiddlesticks,0.06878019442572178
0,Malzahar,mid,Veigar,0.05131435706147681
1,Malzahar,mid,Yasuo,0.08484860882955692
2,Malzahar,mid,Galio,0.09783145664439348
0,Malzahar,mid,Ezreal,0.04053768904407566
1,Malzahar,mid,MissFortune,0.04879147991286935
2,Malzahar,mid,Jhin,0.051802418884147876
0,Malzahar,mid,Lux,0.04008408827819373
1,Malzahar,mid,Morgana,0.05941784870584978
2,Malzahar,mid,Xerath,0.08493976556142076
0,Maokai,sup,Malphite,0.06514246206801504
1,Maokai,sup,Garen,0.13149003330235995
2,Maokai,sup,Chogath,0.13329719834076165
0,Maokai,sup,LeeSin,0.07712927191493482
1,Maokai,sup,Warwick,0.11250146823165552
2,Maokai,sup,Poppy,0.15198091767296476
0,Maokai,sup,Galio,0.05400776901912323
1,Maokai,sup,Yasuo,0.0787036362858381
2,Maokai,sup,Sylas,0.08697291552728205
0,Maokai,sup,Ezreal,0.03799835668164438
1,Maokai,sup,Ashe,0.05972710880240767
2,Maokai,sup,MissFortune,0.08014571651409866
0,Maokai,sup,Pantheon,0.13271262381200086
1,Maokai,sup,Lulu,0.13300536513213196
2,Maokai,sup,Leona,0.13604547503469214
0,MasterYi,jg,Jax,0.006250669849992012
1,MasterYi,jg,Darius,0.011607735921514815
2,MasterYi,jg,Garen,0.011829287981380303
0,MasterYi,jg,Kayn,0.008616138922430303
1,MasterYi,jg,LeeSin,0.01061853879178841
2,MasterYi,jg,Warwick,0.01571178936356913
0,MasterYi,jg,Yasuo,0.0037642079116842887
1,MasterYi,jg,Zed,0.006807766964886781
2,MasterYi,jg,Veigar,0.011132821543346409
0,MasterYi,jg,Vayne,0.007576078049820503
1,MasterYi,jg,Ezreal,0.007604016682836727
2,MasterYi,jg,Jhin,0.008374285608864085
0,MasterYi,jg,Blitzcrank,0.007896929577968687
1,MasterYi,jg,Pyke,0.008354031128396378
2,MasterYi,jg,Lux,0.010584830057346372
0,MissFortune,bot,Teemo,0.014145850213579904
1,MissFortune,bot,Garen,0.017982705779881186
2,MissFortune,bot,Malphite,0.020089824989900987
0,MissFortune,bot,MasterYi,0.01418626254057559
1,MissFortune,bot,Warwick,0.02619117103672408
2,MissFortune,bot,Diana,0.026968387316752915
0,MissFortune,bot,Veigar,0.012877049234732403
1,MissFortune,bot,Ahri,0.014107770992352343
2,MissFortune,bot,Yasuo,0.01617999102233799
0,MissFortune,bot,Ashe,0.01668779415341031
1,MissFortune,bot,Caitlyn,0.017539359855305574
2,MissFortune,bot,Jhin,0.019809123789406184
0,MissFortune,bot,Lux,0.008170986024237385
1,MissFortune,bot,Morgana,0.015086549707133709
2,MissFortune,bot,Blitzcrank,0.021179779257563328
0,MonkeyKing,jg,Jax,0.03878827073066478
1,MonkeyKing,jg,Malphite,0.047872883033824774
2,MonkeyKing,jg,Akali,0.05801570152544939
0,MonkeyKing,jg,LeeSin,0.041397675722966626
1,MonkeyKing,jg,MasterYi,0.0909817058076104
2,MonkeyKing,jg,Diana,0.09336122855891646
0,MonkeyKing,jg,Yasuo,0.027689698557744936
1,MonkeyKing,jg,Sylas,0.04555102407743916
2,MonkeyKing,jg,Vladimir,0.05512012588542269
0,MonkeyKing,jg,Ezreal,0.02413061593547795
1,MonkeyKing,jg,Vayne,0.04072562017716543
2,MonkeyKing,jg,Lucian,0.04274815371141861
0,MonkeyKing,jg,Lux,0.04303093330265952
1,MonkeyKing,jg,Blitzcrank,0.04381177054412157
2,MonkeyKing,jg,Pantheon,0.044705351327766145
0,Mordekaiser,top,Sett,0.05752383717077324
1,Mordekaiser,top,Darius,0.059826683403948575
2,Mordekaiser,top,Garen,0.06782345922258724
0,Mordekaiser,top,Kayn,0.026321040087465948
1,Mordekaiser,top,MasterYi,0.04053953738364771
2,Mordekaiser,top,Viego,0.05874274667453646
0,Mordekaiser,top,Yasuo,0.02316067348861337
1,Mordekaiser,top,Yone,0.025740938439895042
2,Mordekaiser,top,Veigar,0.02917638667516939
0,Mordekaiser,top,Jhin,0.02315661217697975
1,Mordekaiser,top,Ezreal,0.025652427840377818
2,Mordekaiser,top,Ashe,0.02687346405506573
0,Mordekaiser,top,Pyke,0.026408455009715583
1,Mordekaiser,top,Pantheon,0.032502977609301424
2,Mordekaiser,top,Lux,0.04166548816500692
0,Morgana,sup,Teemo,0.014993180962008756
1,Morgana,sup,Malphite,0.021450669088112155
2,Morgana,sup,Garen,0.027171034184757355
0,Morgana,sup,MasterYi,0.022047882015465467
1,Morgana,sup,Warwick,0.02672253495348188
2,Morgana,sup,Fiddlesticks,0.032075081799849366
0,Morgana,sup,Veigar,0.01287755624490619
1,Morgana,sup,Ahri,0.014581596046213985
2,Morgana,sup,Neeko,0.022880870181702404
0,Morgana,sup,Ashe,0.010246673948527296
1,Morgana,sup,MissFortune,0.01469689801639618
2,Morgana,sup,Ezreal,0.016396407079038507
0,Morgana,sup,Lux,0.013495010548628561
1,Morgana,sup,Leona,0.03752948240885675
2,Morgana,sup,Thresh,0.0381835415491426
0,Nami,sup,Teemo,0.013537507352171619
1,Nami,sup,Kayle,0.02855325527504095
2,Nami,sup,Malphite,0.03064707047908213
0,Nami,sup,Evelynn,0.029875679976289853
1,Nami,sup,Nidalee,0.0343118706123185
2,Nami,sup,LeeSin,0.03774560225293549
0,Nami,sup,Ahri,0.011304092659026845
1,Nami,sup,Neeko,0.019263797315045374
2,Nami,sup,Veigar,0.023257341046180734
0,Nami,sup,MissFortune,0.013359780750187742
1,Nami,sup,Caitlyn,0.01802577630907489
2,Nami,sup,Ashe,0.02011988462356033
0,Nami,sup,Lulu,0.019122588350027055
1,Nami,sup,Soraka,0.019254493738955717
2,Nami,sup,Lux,0.025902317886213645
0,Nasus,top,Garen,0.03882816161545403
1,Nasus,top,Darius,0.04970928165890161
2,Nasus,top,Jax,0.06535157570652637
0,Nasus,top,MasterYi,0.036242016481631834
1,Nasus,top,Kayn,0.045076706573958826
2,Nasus,top,Warwick,0.0462719419586917
0,Nasus,top,Veigar,0.023624558002472415
1,Nasus,top,Yasuo,0.029568443034958786
2,Nasus,top,Galio,0.07368014215508031
0,Nasus,top,Jhin,0.02832619348580382
1,Nasus,top,Ezreal,0.03876575134395703
2,Nasus,top,Ashe,0.04311378155377811
0,Nasus,top,Lux,0.03631800030518548
1,Nasus,top,Blitzcrank,0.042836630857733995
2,Nasus,top,Pyke,0.04481603170408752
0,Nautilus,sup,Malphite,0.025790384711011572
1,Nautilus,sup,Garen,0.03405059187667247
2,Nautilus,sup,Sett,0.05169628585334399
0,Nautilus,sup,LeeSin,0.049823134147555466
1,Nautilus,sup,JarvanIV,0.05168308346291323
2,Nautilus,sup,MasterYi,0.06331679523032661
0,Nautilus,sup,Veigar,0.025219790446024327
1,Nautilus,sup,Galio,0.026665904160179055
2,Nautilus,sup,Annie,0.04171593333859407
0,Nautilus,sup,Ezreal,0.02313110598446356
1,Nautilus,sup,MissFortune,0.02791820531906147
2,Nautilus,sup,Ashe,0.030850849806177406
0,Nautilus,sup,Leona,0.03232731878486502
1,Nautilus,sup,Thresh,0.0411283340608477
2,Nautilus,sup,Blitzcrank,0.0455536572727732
0,Neeko,mid,Teemo,0.05568458364454895
1,Neeko,mid,Akali,0.0559201189053739
2,Neeko,mid,Malphite,0.06442709502352247
0,Neeko,mid,Lillia,0.051315520514326946
1,Neeko,mid,Diana,0.05463651667947537
2,Neeko,mid,Ekko,0.05611670741242486
0,Neeko,mid,Ahri,0.029439204974735615
1,Neeko,mid,Zoe,0.07456882234562294
2,Neeko,mid,Annie,0.11703076688166655
0,Neeko,mid,Ezreal,0.028260795550929023
1,Neeko,mid,MissFortune,0.04196546357051895
2,Neeko,mid,Caitlyn,0.0494719883777586
0,Neeko,mid,Lux,0.026822502105600277
1,Neeko,mid,Morgana,0.056615967503041174
2,Neeko,mid,Senna,0.06449524415809414
0,Nidalee,jg,Gragas,0.03212057224676093
1,Nidalee,jg,Irelia,0.03319499440735469
2,Nidalee,jg,Akali,0.03515423342576646
0,Nidalee,jg,LeeSin,0.013121939469783123
1,Nidalee,jg,Graves,0.0209943165772233
2,Nidalee,jg,Elise,0.07582127297682752
0,Nidalee,jg,Yasuo,0.021105935674209937
1,Nidalee,jg,Sylas,0.02677466966753853
2,Nidalee,jg,Zed,0.034886365561775434
0,Nidalee,jg,Ezreal,0.011615301882798449
1,Nidalee,jg,Lucian,0.018986303616846487
2,Nidalee,jg,Vayne,0.022889006432092518
0,Nidalee,jg,Thresh,0.016506576353116004
1,Nidalee,jg,Blitzcrank,0.02624581020777178
2,Nidalee,jg,Morgana,0.03304476682953014
0,Nocturne,jg,Malphite,0.07240704181459479
1,Nocturne,jg,Teemo,0.09170620022966883
2,Nocturne,jg,Jax,0.0926622385837316
0,Nocturne,jg,LeeSin,0.0922996311298317
1,Nocturne,jg,MasterYi,0.0984742166438915
2,Nocturne,jg,Ekko,0.10140075402830177
0,Nocturne,jg,Yasuo,0.06197652000613548
1,Nocturne,jg,Sylas,0.07825610652653091
2,Nocturne,jg,Galio,0.08728238213117595
0,Nocturne,jg,Ezreal,0.04051042283660775
1,Nocturne,jg,Ashe,0.05379780727822503
2,Nocturne,jg,Lucian,0.05577858280146693
0,Nocturne,jg,Blitzcrank,0.04139501361772594
1,Nocturne,jg,Pantheon,0.056100005649378414
2,Nocturne,jg,Thresh,0.0730578636552789
0,Nunu,jg,Jax,0.036837969048869115
1,Nunu,jg,Garen,0.043701299585352925
2,Nunu,jg,Malphite,0.04382587825057025
0,Nunu,jg,Kayn,0.050021214516185145
1,Nunu,jg,Zac,0.055656496273783405
2,Nunu,jg,Warwick,0.06220620605348539
0,Nunu,jg,Yasuo,0.026965638121224784
1,Nunu,jg,Veigar,0.0337777373523841
2,Nunu,jg,Sylas,0.049340505430113646
0,Nunu,jg,Ezreal,0.020146391938623845
1,Nunu,jg,Ashe,0.031371037284623815
2,Nunu,jg,Tristana,0.043411322244343846
0,Nunu,jg,Blitzcrank,0.03571549278860814
1,Nunu,jg,Amumu,0.037398454730381135
2,Nunu,jg,Thresh,0.040336714502410255
0,Olaf,jg,Jax,0.11395242272272231
1,Olaf,jg,Volibear,0.15845144448246687
2,Olaf,jg,Garen,0.1744365876435372
0,Olaf,jg,LeeSin,0.10535643642593023
1,Olaf,jg,MasterYi,0.2253276018052241
2,Olaf,jg,Ekko,0.2267920494379295
0,Olaf,jg,Sylas,0.08575185338435024
1,Olaf,jg,Yasuo,0.10303841518463393
2,Olaf,jg,Veigar,0.10763473874904986
0,Olaf,jg,Ezreal,0.06778892937076729
1,Olaf,jg,Lucian,0.09624414634837378
2,Olaf,jg,Vayne,0.11688256348887846
0,Olaf,jg,Blitzcrank,0.0802471034350171
1,Olaf,jg,Pantheon,0.10247570565319944
2,Olaf,jg,Amumu,0.10421117266288432
0,Orianna,mid,Akali,0.07326430828361684
1,Orianna,mid,Irelia,0.08566801131044956
2,Orianna,mid,Jax,0.1062201780883099
0,Orianna,mid,LeeSin,0.04438198219242501
1,Orianna,mid,Ekko,0.0719117508695844
2,Orianna,mid,Diana,0.08552781066587706
0,Orianna,mid,TwistedFate,0.09091140940537408
1,Orianna,mid,Syndra,0.10949530365353982
2,Orianna,mid,Cassiopeia,0.12372785853005153
0,Orianna,mid,Ezreal,0.029448792289867572
1,Orianna,mid,Lucian,0.041827367979190705
2,Orianna,mid,Vayne,0.05126751254150496
0,Orianna,mid,Lux,0.06102861125698999
1,Orianna,mid,Thresh,0.06236837037086519
2,Orianna,mid,Xerath,0.08382806028924106
0,Ornn,top,Sett,0.05731839706119047
1,Ornn,top,Akali,0.07217994810585263
2,Ornn,top,Urgot,0.08406175000666638
0,Ornn,top,LeeSin,0.04519929986482086
1,Ornn,top,Kayn,0.05404728529827129
2,Ornn,top,MasterYi,0.05790159162426722
0,Ornn,top,Sylas,0.027917996502050273
1,Ornn,top,Galio,0.034259577104299006
2,Ornn,top,Yasuo,0.03445208494217896
0,Ornn,top,Ezreal,0.022277711894502613
1,Ornn,top,Jhin,0.048121455721379665
2,Ornn,top,Ashe,0.04834390239945861
0,Ornn,top,Thresh,0.03409479185133772
1,Ornn,top,Blitzcrank,0.037166258349142466
2,Ornn,top,Maokai,0.049011287326714
0,Pantheon,sup,Malphite,0.032037146142604084
1,Pantheon,sup,Sett,0.0357379420161137
2,Pantheon,sup,Renekton,0.05128519890922379
0,Pantheon,sup,LeeSin,0.035271566640071764
1,Pantheon,sup,MasterYi,0.040174273659511366
2,Pantheon,sup,Kayn,0.04286858740248453
0,Pantheon,sup,Sylas,0.030096437531781327
1,Pantheon,sup,Yone,0.032627220573530236
2,Pantheon,sup,Yasuo,0.03352452375842712
0,Pantheon,sup,Ezreal,0.022311442360527775
1,Pantheon,sup,Ashe,0.02583678077219708
2,Pantheon,sup,Lucian,0.031767434768013275
0,Pantheon,sup,Pyke,0.044582259269161914
1,Pantheon,sup,Blitzcrank,0.045495140945601156
2,Pantheon,sup,Lux,0.05627299372839928
0,Poppy,jg,Teemo,0.061124410779916497
1,Poppy,jg,Irelia,0.08240563651028963
2,Poppy,jg,Fiora,0.08667681423671475
0,Poppy,jg,LeeSin,0.06484804568701888
1,Poppy,jg,Warwick,0.10231180053059669
2,Poppy,jg,Kayn,0.10269791437430698
0,Poppy,jg,Yasuo,0.038891213924633086
1,Poppy,jg,Sylas,0.05416736341456214
2,Poppy,jg,Zoe,0.05858866515094456
0,Poppy,jg,Ezreal,0.031134985802950484
1,Poppy,jg,Vayne,0.050271561994863656
2,Poppy,jg,Tristana,0.05549276589844847
0,Poppy,jg,Lux,0.059255673894078056
1,Poppy,jg,Blitzcrank,0.06693346239744793
2,Poppy,jg,Thresh,0.08403779343914211
0,Pyke,sup,Sett,0.007467503260959685
1,Pyke,sup,Akali,0.008227472907437644
2,Pyke,sup,Irelia,0.012587775622009356
0,Pyke,sup,Kayn,0.005704963914238227
1,Pyke,sup,LeeSin,0.006755277196497179
2,Pyke,sup,MasterYi,0.008297885596840407
0,Pyke,sup,Yasuo,0.003959054635812312
1,Pyke,sup,Sylas,0.008031040836891098
2,Pyke,sup,Zed,0.0080849913463866
0,Pyke,sup,Ezreal,0.004232571369165362
1,Pyke,sup,Jhin,0.005836660567295578
2,Pyke,sup,Lucian,0.009253807133499908
0,Pyke,sup,Thresh,0.006417326160117746
1,Pyke,sup,Blitzcrank,0.008490021324599436
2,Pyke,sup,Lux,0.011607814154054158
0,Qiyana,mid,Akali,0.019898027320961104
1,Qiyana,mid,Irelia,0.03244599686982812
2,Qiyana,mid,Fiora,0.05369543828802084
0,Qiyana,mid,Ekko,0.03490012278041062
1,Qiyana,mid,LeeSin,0.03655612582303283
2,Qiyana,mid,Kayn,0.04194276294239386
0,Qiyana,mid,Yasuo,0.043237052670356386
1,Qiyana,mid,Sylas,0.055016420523400014
2,Qiyana,mid,Fizz,0.06417030062789367
0,Qiyana,mid,Ezreal,0.024807517339200065
1,Qiyana,mid,Kaisa,0.02893759494909525
2,Qiyana,mid,Lucian,0.037798621847845014
0,Qiyana,mid,Lux,0.030175189086757506
1,Qiyana,mid,Pyke,0.03424255585436883
2,Qiyana,mid,Senna,0.045062301931461865
0,Quinn,top,Teemo,0.11645120271485185
1,Quinn,top,Malphite,0.15502547083930004
2,Quinn,top,Garen,0.23449169967593747
0,Quinn,top,MasterYi,0.08221765132965535
1,Quinn,top,Shaco,0.17659117263355803
2,Quinn,top,XinZhao,0.17888040272551559
0,Quinn,top,Yasuo,0.1329219407436725
1,Quinn,top,Zed,0.15478533943721354
2,Quinn,top,Veigar,0.18499074684825184
0,Quinn,top,Ezreal,0.06558831284183018
1,Quinn,top,Vayne,0.10041987089401691
2,Quinn,top,Ashe,0.1054299260355362
0,Quinn,top,Lux,0.11707217005724238
1,Quinn,top,Blitzcrank,0.16144928604370284
2,Quinn,top,Thresh,0.1895871421311578
0,Rakan,sup,Akali,0.029355276223542788
1,Rakan,sup,Shen,0.03199919594147033
2,Rakan,sup,TahmKench,0.03320821938236842
0,Rakan,sup,LeeSin,0.022081191007667228
1,Rakan,sup,Ekko,0.03275392364661503
2,Rakan,sup,Kayn,0.033127853854556875
0,Rakan,sup,Galio,0.01848613558351628
1,Rakan,sup,Yasuo,0.019773352692241748
2,Rakan,sup,Ryze,0.03546740509694934
0,Rakan,sup,Ezreal,0.01357522981105037
1,Rakan,sup,Jhin,0.022383722103491873
2,Rakan,sup,Kaisa,0.024920367915059215
0,Rakan,sup,Thresh,0.017032569985696952
1,Rakan,sup,Pyke,0.029234273904501677
2,Rakan,sup,Alistar,0.04657966393560542
0,Rammus,jg,Malphite,0.07402035939393965
1,Rammus,jg,Jax,0.08257180104672553
2,Rammus,jg,Garen,0.09144750697206716
0,Rammus,jg,MasterYi,0.07534798653638038
1,Rammus,jg,LeeSin,0.1275279203316906
2,Rammus,jg,Warwick,0.17398485044491807
0,Rammus,jg,Yasuo,0.06529444115367468
1,Rammus,jg,Veigar,0.10479904169233535
2,Rammus,jg,Galio,0.12017214911796062
0,Rammus,jg,Ezreal,0.06782309195128991
1,Rammus,jg,Lucian,0.08777930505901087
2,Rammus,jg,Ashe,0.08867082827037055
0,Rammus,jg,Amumu,0.08193291733582346
1,Rammus,jg,Thresh,0.09078847342455083
2,Rammus,jg,Blitzcrank,0.10288095043199369
0,RekSai,jg,Rengar,0.04866486163934584
1,RekSai,jg,Gragas,0.06004040797335578
2,RekSai,jg,Jax,0.0659394447028636
0,RekSai,jg,LeeSin,0.04087427294911837
1,RekSai,jg,Khazix,0.058969038429659136
2,RekSai,jg,Elise,0.06505614791461842
0,RekSai,jg,Yasuo,0.03258771870984778
1,RekSai,jg,Zed,0.04145489899149282
2,RekSai,jg,Sylas,0.051916815847909165
0,RekSai,jg,Ezreal,0.025078904931529093
1,RekSai,jg,Lucian,0.031004456116798487
2,RekSai,jg,Vayne,0.03982068464538414
0,RekSai,jg,Thresh,0.03450410004001866
1,RekSai,jg,Blitzcrank,0.041462204788744954
2,RekSai,jg,Pyke,0.05910102079804064
0,Rell,sup,Akali,0.2336382902026656
1,Rell,sup,Irelia,0.30636329259095085
2,Rell,sup,Sett,0.3156622054542047
0,Rell,sup,Trundle,0.3149832053299285
1,Rell,sup,Kindred,0.3199050430978166
2,Rell,sup,Lillia,0.46228070587019365
0,Rell,sup,Yasuo,0.23587104654990465
1,Rell,sup,Cassiopeia,0.23745553421301716
2,Rell,sup,Sylas,0.3167383988484937
0,Rell,sup,Samira,0.17206909999368053
1,Rell,sup,Jhin,0.23582039584255493
2,Rell,sup,Vayne,0.2383733367076829
0,Rell,sup,Senna,0.2871496829827929
1,Rell,sup,Leona,0.4385206592121742
2,Rell,sup,Swain,0.449831192937633
0,Renekton,top,Jax,0.0503264656935437
1,Renekton,top,Darius,0.052687808952157966
2,Renekton,top,Malphite,0.05597735509832868
0,Renekton,top,LeeSin,0.022390898948980418
1,Renekton,top,MasterYi,0.041023340084722235
2,Renekton,top,Kayn,0.04352593834529191
0,Renekton,top,Sylas,0.022435457849415266
1,Renekton,top,Yasuo,0.023861734869269145
2,Renekton,top,Zed,0.03306184890102541
0,Renekton,top,Ezreal,0.014236827506984639
1,Renekton,top,Lucian,0.020185218587615857
2,Renekton,top,Vayne,0.03941207399813962
0,Renekton,top,Thresh,0.03094249571287809
1,Renekton,top,Blitzcrank,0.03142804960030766
2,Renekton,top,Pantheon,0.03394109864278549
0,Rengar,top,Riven,0.017267096805835186
1,Rengar,top,Jax,0.02533717611882564
2,Rengar,top,Camille,0.028071724576612098
0,Rengar,top,LeeSin,0.008554270666834635
1,Rengar,top,Khazix,0.01077059239610541
2,Rengar,top,Kayn,0.015771299467362013
0,Rengar,top,Yasuo,0.00666447674890246
1,Rengar,top,Zed,0.007750177654042408
2,Rengar,top,Katarina,0.02045120009358969
0,Rengar,top,Ezreal,0.008957366874010157
1,Rengar,top,Vayne,0.010201448934111776
2,Rengar,top,Lucian,0.012169343232937628
0,Rengar,top,Thresh,0.010429326427884541
1,Rengar,top,Pyke,0.013387740259091249
2,Rengar,top,Blitzcrank,0.014209071697752632
0,Riven,top,Irelia,0.009294443824658058
1,Riven,top,Akali,0.014571671756496507
2,Riven,top,Fiora,0.014819190115506971
0,Riven,top,LeeSin,0.004963153071489426
1,Riven,top,Kayn,0.01153666867693706
2,Riven,top,Ekko,0.012845251835898332
0,Riven,top,Yasuo,0.0038006431752305465
1,Riven,top,Zed,0.0062957672390904235
2,Riven,top,Katarina,0.010991312498937604
0,Riven,top,Vayne,0.005012046705828032
1,Riven,top,Ezreal,0.006570612363183187
2,Riven,top,Lucian,0.007735062468024684
0,Riven,top,Thresh,0.00740038909605008
1,Riven,top,Blitzcrank,0.009611923345404838
2,Riven,top,Lux,0.010118707308701591
0,Rumble,top,Jayce,0.1686269462186194
1,Rumble,top,Fiora,0.17424948533084722
2,Rumble,top,Shen,0.21493004647704958
0,Rumble,top,LeeSin,0.05471232884199313
1,Rumble,top,Graves,0.07768705104469553
2,Rumble,top,Ekko,0.10217683715763864
0,Rumble,top,Viktor,0.06703714006870984
1,Rumble,top,Ryze,0.11262780305362986
2,Rumble,top,Orianna,0.1282444635418194
0,Rumble,top,Ezreal,0.038935826311404444
1,Rumble,top,Lucian,0.0627610805382781
2,Rumble,top,Caitlyn,0.067570618950383
0,Rumble,top,Pantheon,0.085133969226374
1,Rumble,top,Maokai,0.08516556263801352
2,Rumble,top,Blitzcrank,0.08724093320479841
0,Ryze,mid,Akali,0.04025072656041637
1,Ryze,mid,Irelia,0.051311317264171756
2,Ryze,mid,Aatrox,0.07001646382685325
0,Ryze,mid,LeeSin,0.028441598566895963
1,Ryze,mid,Ekko,0.0508047674541403
2,Ryze,mid,MasterYi,0.05288235752270109
0,Ryze,mid,Yasuo,0.04068172275277805
1,Ryze,mid,Vladimir,0.06855131084562296
2,Ryze,mid,Viktor,0.08069005982822901
0,Ryze,mid,Ezreal,0.01939935928963368
1,Ryze,mid,Lucian,0.03548932254609378
2,Ryze,mid,Kaisa,0.04184040779999345
0,Ryze,mid,Thresh,0.03890343948845372
1,Ryze,mid,Blitzcrank,0.053678163686215745
2,Ryze,mid,Lux,0.06294508693975051
0,Samira,bot,Akali,0.025987878295196543
1,Samira,bot,Irelia,0.027273029806830506
2,Samira,bot,Sett,0.046597861070086156
0,Samira,bot,LeeSin,0.026980860873466097
1,Samira,bot,Kayn,0.04079279508172864
2,Samira,bot,MasterYi,0.04764116380959851
0,Samira,bot,Yasuo,0.01695138883362665
1,Samira,bot,Yone,0.03226857296991914
2,Samira,bot,Sylas,0.03637624734252325
0,Samira,bot,Ezreal,0.022804690115068173
1,Samira,bot,Kaisa,0.02873996614959174
2,Samira,bot,Jhin,0.04654550530729465
0,Samira,bot,Senna,0.02920481664630927
1,Samira,bot,Lux,0.03153899599890545
2,Samira,bot,Pyke,0.031733607000401357
0,Sejuani,jg,Jax,0.10567934955120871
1,Sejuani,jg,Gragas,0.12985332336437452
2,Sejuani,jg,Malphite,0.13733122697850972
0,Sejuani,jg,Kayn,0.11556703316767052
1,Sejuani,jg,LeeSin,0.17363304104977903
2,Sejuani,jg,Warwick,0.21471681990724484
0,Sejuani,jg,Veigar,0.10680413873041242
1,Sejuani,jg,Sylas,0.1620287594236894
2,Sejuani,jg,Yasuo,0.1887646848564166
0,Sejuani,jg,Ashe,0.07871963859637883
1,Sejuani,jg,Ezreal,0.08647155890699701
2,Sejuani,jg,Caitlyn,0.10401465794942648
0,Sejuani,jg,Amumu,0.08510376186282761
1,Sejuani,jg,Morgana,0.1046368442751113
2,Sejuani,jg,Blitzcrank,0.13601929177643496
0,Senna,sup,Teemo,0.03128234797829241
1,Senna,sup,Garen,0.04135967995967672
2,Senna,sup,Sett,0.04423864516039655
0,Senna,sup,Kayn,0.02781347090829307
1,Senna,sup,LeeSin,0.04085231280550031
2,Senna,sup,Ekko,0.04484767415537973
0,Senna,sup,Veigar,0.0236041390480631
1,Senna,sup,Yasuo,0.029023328964034718
2,Senna,sup,Ahri,0.033822489705593435
0,Senna,sup,Ezreal,0.01880189860008875
1,Senna,sup,Jhin,0.020827720743279
2,Senna,sup,Caitlyn,0.02562261071985847
0,Senna,sup,Lux,0.02429684521489349
1,Senna,sup,Thresh,0.048374820921766
2,Senna,sup,Yuumi,0.05491807793333409
0,Seraphine,sup,Akali,0.0956366193057562
1,Seraphine,sup,Kayle,0.12080887398268489
2,Seraphine,sup,Irelia,0.15716610087895902
0,Seraphine,sup,Lillia,0.10478371222428334
1,Seraphine,sup,Evelynn,0.11959509471107166
2,Seraphine,sup,Nunu,0.13868819021588358
0,Seraphine,sup,Ahri,0.05453255093432046
1,Seraphine,sup,Zoe,0.10146603845868601
2,Seraphine,sup,Veigar,0.11958079208162264
0,Seraphine,sup,MissFortune,0.0623797098863065
1,Seraphine,sup,Ashe,0.07800864226648441
2,Seraphine,sup,Kaisa,0.11537778868272104
0,Seraphine,sup,Lux,0.10129890972093379
1,Seraphine,sup,Lulu,0.13363063917392423
2,Seraphine,sup,Morgana,0.1690740098075306
0,Sett,top,Garen,0.01837772086422294
1,Sett,top,Mordekaiser,0.019533104439369498
2,Sett,top,Darius,0.021961087625144378
0,Sett,top,Kayn,0.010613607741486526
1,Sett,top,LeeSin,0.01128601685262515
2,Sett,top,MasterYi,0.015379895207534756
0,Sett,top,Yasuo,0.007041108997460723
1,Sett,top,Sylas,0.007984523504488326
2,Sett,top,Yone,0.00958040957772469
0,Sett,top,Ezreal,0.006631164124254905
1,Sett,top,Jhin,0.011947872821643064
2,Sett,top,Lucian,0.012886415245834752
0,Sett,top,Pantheon,0.00829291494781967
1,Sett,top,Pyke,0.0098635909437863
2,Sett,top,Blitzcrank,0.013704702548420567
0,Shaco,jg,Teemo,0.016001975643552244
1,Shaco,jg,Jax,0.018409206050916605
2,Shaco,jg,Akali,0.023459543722608167
0,Shaco,jg,LeeSin,0.013673575323200262
1,Shaco,jg,MasterYi,0.022359314493848675
2,Shaco,jg,Kayn,0.026291526659654126
0,Shaco,jg,Yasuo,0.01137829828076211
1,Shaco,jg,Zed,0.014152927519309924
2,Shaco,jg,Veigar,0.020709824501612347
0,Shaco,jg,Ezreal,0.009351944200798094
1,Shaco,jg,Jhin,0.013596602271351963
2,Shaco,jg,Vayne,0.01730324664862479
0,Shaco,jg,Thresh,0.016665266121969
1,Shaco,jg,Blitzcrank,0.016933947203977198
2,Shaco,jg,Pyke,0.017223525731822193
0,Shen,top,Jax,0.055780200667544744
1,Shen,top,Garen,0.05819052882437235
2,Shen,top,Sett,0.06223714354301942
0,Shen,top,LeeSin,0.019108792048671296
1,Shen,top,Ekko,0.040266610514291944
2,Shen,top,Kayn,0.041846237573873665
0,Shen,top,Yasuo,0.01797091355616652
1,Shen,top,Zed,0.027382566747926607
2,Shen,top,Galio,0.03268798836864166
0,Shen,top,Ezreal,0.016169730674038388
1,Shen,top,Jhin,0.024309604048484257
2,Shen,top,Lucian,0.02437382530915832
0,Shen,top,Thresh,0.02646043222791383
1,Shen,top,Pantheon,0.027574498558589736
2,Shen,top,Blitzcrank,0.033447717954838176
0,Shyvana,jg,Malphite,0.15638139841308168
1,Shyvana,jg,Nasus,0.15943582329008188
2,Shyvana,jg,Garen,0.1797024773411317
0,Shyvana,jg,LeeSin,0.17906003998464898
1,Shyvana,jg,Diana,0.18309173469560108
2,Shyvana,jg,Kayn,0.1848336749834096
0,Shyvana,jg,Yasuo,0.10373819377641637
1,Shyvana,jg,Zed,0.11221753801305966
2,Shyvana,jg,Veigar,0.137653307765537
0,Shyvana,jg,Ezreal,0.08436290466224705
1,Shyvana,jg,Kaisa,0.11700286632628852
2,Shyvana,jg,Caitlyn,0.12049160040246154
0,Shyvana,jg,Lux,0.11299279825841005
1,Shyvana,jg,Pantheon,0.12010147935969082
2,Shyvana,jg,Amumu,0.15775683050622633
0,Singed,top,Garen,0.12240288221077035
1,Singed,top,Nasus,0.14855711478428946
2,Singed,top,Teemo,0.16590327473583735
0,Singed,top,MasterYi,0.09940622678046535
1,Singed,top,Shaco,0.10097809725950997
2,Singed,top,LeeSin,0.10140019790884802
0,Singed,top,Ryze,0.07903505114508029
1,Singed,top,Vladimir,0.07906099191800263
2,Singed,top,TwistedFate,0.07982493504075215
0,Singed,top,Jhin,0.06235302999745038
1,Singed,top,Twitch,0.06276381981423569
2,Singed,top,Ezreal,0.06292785822985093
0,Singed,top,Alistar,0.07202460614735216
1,Singed,top,Thresh,0.08439739180487539
2,Singed,top,Pantheon,0.102328216277121
0,Sion,top,Gragas,0.08737879131682957
1,Sion,top,Gangplank,0.08748710050117739
2,Sion,top,Garen,0.08767346742549753
0,Sion,top,LeeSin,0.033940752240145394
1,Sion,top,Shaco,0.054735550704634615
2,Sion,top,Graves,0.06328757622022266
0,Sion,top,Yasuo,0.029600375058382557
1,Sion,top,Zed,0.04618191130667616
2,Sion,top,Sylas,0.049445692761246884
0,Sion,top,Jhin,0.024994339157290407
1,Sion,top,Ezreal,0.03180091707128698
2,Sion,top,Twitch,0.0394159225034339
0,Sion,top,Pyke,0.04191644949065353
1,Sion,top,Thresh,0.04531569374392476
2,Sion,top,Blitzcrank,0.0580263235266789
0,Sivir,bot,Teemo,0.11638627418316015
1,Sivir,bot,Jax,0.1924589921693593
2,Sivir,bot,Garen,0.23370723853494438
0,Sivir,bot,Shyvana,0.15804614295595126
1,Sivir,bot,Ekko,0.15979433876640675
2,Sivir,bot,MasterYi,0.16010611457112214
0,Sivir,bot,Veigar,0.08525079440578141
1,Sivir,bot,Ahri,0.11599899469526266
2,Sivir,bot,Galio,0.12144519542849247
0,Sivir,bot,Ashe,0.1075508913437789
1,Sivir,bot,Jinx,0.13636519804005734
2,Sivir,bot,Caitlyn,0.13904533005490402
0,Sivir,bot,Senna,0.08913514103848345
1,Sivir,bot,Lux,0.1178068592574703
2,Sivir,bot,Thresh,0.13320584103361352
0,Skarner,jg,Teemo,0.2314675111157728
1,Skarner,jg,Darius,0.2324399175373147
2,Skarner,jg,Nasus,0.23778459513675196
0,Skarner,jg,Hecarim,0.21881717518129554
1,Skarner,jg,XinZhao,0.27909509260331866
2,Skarner,jg,Kayn,0.2911403729959923
0,Skarner,jg,Yasuo,0.15702121274343392
1,Skarner,jg,Annie,0.23884303638345786
2,Skarner,jg,Vladimir,0.24061038529043038
0,Skarner,jg,Ezreal,0.13612956666157763
1,Skarner,jg,Tristana,0.22938604972090879
2,Skarner,jg,Jhin,0.2398595061478252
0,Skarner,jg,Thresh,0.1501955098245101
1,Skarner,jg,Pantheon,0.18060873533221564
2,Skarner,jg,Amumu,0.3097722455660614
0,Sona,sup,Teemo,0.024594902227416275
1,Sona,sup,Malphite,0.0451837688426581
2,Sona,sup,Kayle,0.06047022349863624
0,Sona,sup,Fiddlesticks,0.038469867759609776
1,Sona,sup,Warwick,0.04546635699563685
2,Sona,sup,MasterYi,0.05663632840522197
0,Sona,sup,Ahri,0.029800615580090645
1,Sona,sup,Veigar,0.03510777990114843
2,Sona,sup,Annie,0.0415166367086372
0,Sona,sup,Ashe,0.0228495587745127
1,Sona,sup,MissFortune,0.023916362745570966
2,Sona,sup,Ezreal,0.0492829371358154
0,Sona,sup,Lux,0.032303107912715345
1,Sona,sup,Morgana,0.05185696063906747
2,Sona,sup,Janna,0.06416232757717442
0,Soraka,sup,Teemo,0.01664550323677321
1,Soraka,sup,Kayle,0.03221454128430868
2,Soraka,sup,Akali,0.037905925962113014
0,Soraka,sup,Evelynn,0.028039720873639568
1,Soraka,sup,Fiddlesticks,0.035687168477832036
2,Soraka,sup,Nunu,0.04830271300083923
0,Soraka,sup,Ahri,0.01799994806445879
1,Soraka,sup,Veigar,0.02389053195927903
2,Soraka,sup,Neeko,0.026671577740698824
0,Soraka,sup,MissFortune,0.017027915227068965
1,Soraka,sup,Ashe,0.01714505941583882
2,Soraka,sup,Caitlyn,0.023465384902591584
0,Soraka,sup,Lux,0.025284673203572278
1,Soraka,sup,Lulu,0.03178530249203162
2,Soraka,sup,Yuumi,0.036460571147927896
0,Swain,sup,Malphite,0.04968574741247824
1,Swain,sup,Mordekaiser,0.0512298591134387
2,Swain,sup,Sett,0.051632180724457286
0,Swain,sup,Kayn,0.03549668708016996
1,Swain,sup,Warwick,0.04272423032020662
2,Swain,sup,MasterYi,0.047413233661029563
0,Swain,sup,Yasuo,0.03311045075776704
1,Swain,sup,Veigar,0.03542950475025624
2,Swain,sup,Sylas,0.03982078158638809
0,Swain,sup,Ezreal,0.02133597902375029
1,Swain,sup,Jhin,0.025322356037382372
2,Swain,sup,Ashe,0.02685287296749734
0,Swain,sup,Lux,0.04163898955128679
1,Swain,sup,Morgana,0.051359664797275995
2,Swain,sup,Pantheon,0.0513944034466455
0,Sylas,mid,Akali,0.009745327194728665
1,Sylas,mid,Irelia,0.012758279788271964
2,Sylas,mid,Sett,0.019893186977274276
0,Sylas,mid,LeeSin,0.01103701913918407
1,Sylas,mid,Ekko,0.014437442120162972
2,Sylas,mid,Graves,0.018149242157254178
0,Sylas,mid,Yone,0.014470110214062899
1,Sylas,mid,Yasuo,0.01655544811385961
2,Sylas,mid,Zed,0.023026758373986198
0,Sylas,mid,Ezreal,0.007623334637649479
1,Sylas,mid,Lucian,0.009129232063296078
2,Sylas,mid,Kaisa,0.016454454465060497
0,Sylas,mid,Pantheon,0.010261435804067059
1,Sylas,mid,Pyke,0.014895581020930068
2,Sylas,mid,Thresh,0.01906756853544004
0,Syndra,mid,Irelia,0.0667339263470894
1,Syndra,mid,Akali,0.07044698546830958
2,Syndra,mid,Camille,0.13340567903265468
0,Syndra,mid,LeeSin,0.06579636882440033
1,Syndra,mid,Diana,0.07238508380545826
2,Syndra,mid,Taliyah,0.09427353679191987
0,Syndra,mid,Leblanc,0.09208689737459483
1,Syndra,mid,Viktor,0.09510857717029123
2,Syndra,mid,Orianna,0.09589371817881615
0,Syndra,mid,Lucian,0.03889917722262047
1,Syndra,mid,Ezreal,0.041733827399709496
2,Syndra,mid,Caitlyn,0.06447640326693159
0,Syndra,mid,Lux,0.06708474852064004
1,Syndra,mid,Velkoz,0.08399091486214375
2,Syndra,mid,Brand,0.11749696455483874
0,TahmKench,top,Teemo,0.12382446652922606
1,TahmKench,top,Ornn,0.17356871221923165
2,TahmKench,top,Tryndamere,0.1757294348811263
0,TahmKench,top,Kayn,0.10310656883886223
1,TahmKench,top,Trundle,0.13226187223512625
2,TahmKench,top,Zac,0.15118453409859356
0,TahmKench,top,Veigar,0.07313029143875843
1,TahmKench,top,Yasuo,0.09154231306206821
2,TahmKench,top,Zoe,0.1051171280452358
0,TahmKench,top,Ezreal,0.05198474286138374
1,TahmKench,top,Jhin,0.059220851032491736
2,TahmKench,top,Vayne,0.08520563581155421
0,TahmKench,top,Blitzcrank,0.06464921099802824
1,TahmKench,top,Thresh,0.10078439356672136
2,TahmKench,top,Morgana,0.10399891244976918
0,Taliyah,jg,Akali,0.0553875261729063
1,Taliyah,jg,Camille,0.07271037437433278
2,Taliyah,jg,Irelia,0.08643611325906723
0,Taliyah,jg,Ekko,0.08064534543323297
1,Taliyah,jg,Kindred,0.11370314798127139
2,Taliyah,jg,Poppy,0.12917018033368724
0,Taliyah,jg,Ryze,0.08483760750901369
1,Taliyah,jg,Zoe,0.09087936158555422
2,Taliyah,jg,Syndra,0.10357630870575313
0,Taliyah,jg,Ezreal,0.051799626741418185
1,Taliyah,jg,Jhin,0.06639530314282535
2,Taliyah,jg,Kaisa,0.0671095246204436
0,Taliyah,jg,Thresh,0.07093656281124283
1,Taliyah,jg,Lux,0.0979747092964062
2,Taliyah,jg,Lulu,0.1024630318121697
0,Talon,jg,Akali,0.011738736442417443
1,Talon,jg,Irelia,0.016824160943410126
2,Talon,jg,Jax,0.02591271633118529
0,Talon,jg,LeeSin,0.02032566927345518
1,Talon,jg,Ekko,0.021206548727632057
2,Talon,jg,Kayn,0.022735863347861724
0,Talon,jg,Yasuo,0.00938202519062508
1,Talon,jg,Zed,0.011627014295708596
2,Talon,jg,Sylas,0.022928044599364022
0,Talon,jg,Ezreal,0.00896918429450764
1,Talon,jg,Vayne,0.0142770137134433
2,Talon,jg,Lucian,0.015457399308956834
0,Talon,jg,Pantheon,0.01493543893647846
1,Talon,jg,Blitzcrank,0.015160919091271525
2,Talon,jg,Pyke,0.017438751511000678
0,Taric,sup,Malphite,0.1023013728744438
1,Taric,sup,Jax,0.10434332117307184
2,Taric,sup,Tryndamere,0.1546279209263378
0,Taric,sup,MasterYi,0.0899833710547278
1,Taric,sup,LeeSin,0.10591277585613919
2,Taric,sup,Warwick,0.19092746117992238
0,Taric,sup,Annie,0.12102163165103674
1,Taric,sup,Sylas,0.1365838134360051
2,Taric,sup,Zed,0.1372759023051224
0,Taric,sup,Ezreal,0.07870239631296437
1,Taric,sup,MissFortune,0.10431593319705608
2,Taric,sup,Vayne,0.10621967657147904
0,Taric,sup,Thresh,0.08904436561295082
1,Taric,sup,Blitzcrank,0.1252465861696927
2,Taric,sup,Leona,0.1671252248417377
0,Teemo,top,Garen,0.024724604617266697
1,Teemo,top,Malphite,0.029276052245579547
2,Teemo,top,Nasus,0.03374074751385699
0,Teemo,top,MasterYi,0.013613727541174353
1,Teemo,top,Shaco,0.018814131992210607
2,Teemo,top,Warwick,0.019808986492234604
0,Teemo,top,Veigar,0.01035891331944287
1,Teemo,top,Yasuo,0.01253298399579606
2,Teemo,top,Fizz,0.024017235157861493
0,Teemo,top,Ezreal,0.012508520988377009
1,Teemo,top,Ashe,0.014652467917188303
2,Teemo,top,Jhin,0.01504399199715554
0,Teemo,top,Lux,0.014205054550190149
1,Teemo,top,Thresh,0.01967147751465662
2,Teemo,top,Blitzcrank,0.021072534178772168
0,Thresh,sup,Malphite,0.0066049869840019305
1,Thresh,sup,Gragas,0.006873197061586629
2,Thresh,sup,Shen,0.007135426609735531
0,Thresh,sup,LeeSin,0.0020632772636640824
1,Thresh,sup,Graves,0.006446463263484998
2,Thresh,sup,Ekko,0.00873320258993923
0,Thresh,sup,Yasuo,0.0030992234108916904
1,Thresh,sup,Zed,0.003563721559018753
2,Thresh,sup,Galio,0.00651357144342218
0,Thresh,sup,Ezreal,0.00195069237412241
1,Thresh,sup,Vayne,0.0036173006988405552
2,Thresh,sup,Lucian,0.004017613281132612
0,Thresh,sup,Blitzcrank,0.0033274106290264744
1,Thresh,sup,Alistar,0.00579810853606518
2,Thresh,sup,Pyke,0.007815478238411276
0,Tristana,bot,Jax,0.026826247129121
1,Tristana,bot,Teemo,0.03542853065136882
2,Tristana,bot,Irelia,0.042954974137127525
0,Tristana,bot,MasterYi,0.027606027744153886
1,Tristana,bot,LeeSin,0.03240596812184126
2,Tristana,bot,Khazix,0.039403354960695344
0,Tristana,bot,Yasuo,0.022595658822169358
1,Tristana,bot,Veigar,0.031245193298681875
2,Tristana,bot,Ahri,0.04308925367758466
0,Tristana,bot,Kaisa,0.030256805627423937
1,Tristana,bot,Ezreal,0.035948723309588336
2,Tristana,bot,Xayah,0.04169054339537913
0,Tristana,bot,Senna,0.0245224021655037
1,Tristana,bot,Lux,0.026112496472192406
2,Tristana,bot,Pyke,0.037878126942584
0,Trundle,jg,Jax,0.1530072254121527
1,Trundle,jg,Volibear,0.23051661617187186
2,Trundle,jg,Sett,0.23251441817180335
0,Trundle,jg,MasterYi,0.21511106417649317
1,Trundle,jg,LeeSin,0.2235777446665591
2,Trundle,jg,Graves,0.29736041640827615
0,Trundle,jg,Yasuo,0.15582243018878858
1,Trundle,jg,Galio,0.22942663709312872
2,Trundle,jg,Sylas,0.23278016954451053
0,Trundle,jg,Ezreal,0.10461787194125381
1,Trundle,jg,Lucian,0.1625693914536094
2,Trundle,jg,Ashe,0.18321273752472933
0,Trundle,jg,Maokai,0.18801196775178344
1,Trundle,jg,Blitzcrank,0.18803331831823217
2,Trundle,jg,Alistar,0.22392255793111254
0,Tryndamere,top,Garen,0.03414340970930968
1,Tryndamere,top,Jax,0.04094774431423011
2,Tryndamere,top,Darius,0.05449196199847023
0,Tryndamere,top,MasterYi,0.021946467897007663
1,Tryndamere,top,Kayn,0.03065166681921128
2,Tryndamere,top,Warwick,0.042654884380224495
0,Tryndamere,top,Yasuo,0.017868234498877852
1,Tryndamere,top,Veigar,0.025485058260905774
2,Tryndamere,top,Zed,0.03348774448612502
0,Tryndamere,top,Jhin,0.026274053609842894
1,Tryndamere,top,Ashe,0.028234459400880083
2,Tryndamere,top,Ezreal,0.03140063265612708
0,Tryndamere,top,Lux,0.027823767331681504
1,Tryndamere,top,Blitzcrank,0.028004869173908282
2,Tryndamere,top,Pyke,0.033019407161761286
0,TwistedFate,mid,Akali,0.024862622477437053
1,TwistedFate,mid,Irelia,0.03444005977200747
2,TwistedFate,mid,Jayce,0.0391831145004159
0,TwistedFate,mid,LeeSin,0.01510266761181064
1,TwistedFate,mid,Graves,0.03209716267223588
2,TwistedFate,mid,Ekko,0.033717066875403476
0,TwistedFate,mid,Orianna,0.03658660939136569
1,TwistedFate,mid,Yasuo,0.04729237163913457
2,TwistedFate,mid,Kassadin,0.05035592857937307
0,TwistedFate,mid,Ezreal,0.013090445531547267
1,TwistedFate,mid,Lucian,0.020869053043966666
2,TwistedFate,mid,Vayne,0.030228050928935477
0,TwistedFate,mid,Thresh,0.02561358383000857
1,TwistedFate,mid,Blitzcrank,0.029852237360922674
2,TwistedFate,mid,Xerath,0.038009102502233716
0,Twitch,bot,Riven,0.022794457635943077
1,Twitch,bot,Jax,0.024685133446832996
2,Twitch,bot,Teemo,0.025937411725995632
0,Twitch,bot,MasterYi,0.014606121476338723
1,Twitch,bot,LeeSin,0.018760648426012765
2,Twitch,bot,Khazix,0.020418254786513993
0,Twitch,bot,Yasuo,0.010680327299146471
1,Twitch,bot,Veigar,0.017824674102277456
2,Twitch,bot,Zed,0.01892016426692012
0,Twitch,bot,Vayne,0.015921247707867105
1,Twitch,bot,Kaisa,0.020242012519702163
2,Twitch,bot,Jhin,0.023905277959068053
0,Twitch,bot,Thresh,0.01705994821910538
1,Twitch,bot,Brand,0.017885749019967055
2,Twitch,bot,Senna,0.024235286466916774
0,Udyr,jg,Nasus,0.06450535023784322
1,Udyr,jg,Volibear,0.06808053152229522
2,Udyr,jg,Jax,0.07608789611731748
0,Udyr,jg,MasterYi,0.08748719441915795
1,Udyr,jg,LeeSin,0.08952583585826031
2,Udyr,jg,Kayn,0.0943974994964138
0,Udyr,jg,Yasuo,0.0357924845860813
1,Udyr,jg,Zed,0.07305778586734572
2,Udyr,jg,Sylas,0.07895414143510408
0,Udyr,jg,Ezreal,0.04460209202250535
1,Udyr,jg,Jhin,0.05882753969261179
2,Udyr,jg,Lucian,0.06760488934350942
0,Udyr,jg,Thresh,0.05939898154577582
1,Udyr,jg,Lux,0.0721646727352571
2,Udyr,jg,Pantheon,0.07895229930241572
0,Urgot,top,Garen,0.020060288814861264
1,Urgot,top,Chogath,0.04543278905834573
2,Urgot,top,Mordekaiser,0.05280756181125993
0,Urgot,top,MasterYi,0.02567967981446603
1,Urgot,top,Warwick,0.03151989348381338
2,Urgot,top,Kayn,0.035216063969992766
0,Urgot,top,Veigar,0.017599513705466543
1,Urgot,top,Yasuo,0.02844556557217255
2,Urgot,top,Galio,0.03253782178712332
0,Urgot,top,Jhin,0.019869301315745446
1,Urgot,top,MissFortune,0.022754366952290935
2,Urgot,top,Ashe,0.02337707440065665
0,Urgot,top,Blitzcrank,0.024002189795994267
1,Urgot,top,Lux,0.027461732798019414
2,Urgot,top,Swain,0.029934357219195264
0,Varus,bot,Teemo,0.1488295514274682
1,Varus,bot,Renekton,0.22834052491982937
2,Varus,bot,Sett,0.22981392283770508
0,Varus,bot,Kayn,0.11616761217515396
1,Varus,bot,MasterYi,0.13129052088408769
2,Varus,bot,Diana,0.1518243404080624
0,Varus,bot,Veigar,0.10519711457833142
1,Varus,bot,Yasuo,0.11689074356358013
2,Varus,bot,Fizz,0.18662827803356996
0,Varus,bot,Ezreal,0.10202197625306184
1,Varus,bot,Lucian,0.12251790896575142
2,Varus,bot,Caitlyn,0.17769923810395583
0,Varus,bot,Senna,0.1008400176759771
1,Varus,bot,Lux,0.14433102580247711
2,Varus,bot,Pyke,0.1575083937108614
0,Vayne,bot,Riven,0.005055433112536868
1,Vayne,bot,Irelia,0.005591430472825176
2,Vayne,bot,Akali,0.008001971083182062
0,Vayne,bot,LeeSin,0.002760718658183454
1,Vayne,bot,MasterYi,0.005034426487777696
2,Vayne,bot,Graves,0.007063964097024572
0,Vayne,bot,Yasuo,0.0024346491884457543
1,Vayne,bot,Zed,0.003858376642278826
2,Vayne,bot,Katarina,0.009151595496782381
0,Vayne,bot,Ezreal,0.003599760302186309
1,Vayne,bot,Kaisa,0.005025385183024125
2,Vayne,bot,Lucian,0.005303960166112055
0,Vayne,bot,Thresh,0.0033277972589230956
1,Vayne,bot,Blitzcrank,0.0048210221845730004
2,Vayne,bot,Lux,0.005959794243517639
0,Veigar,mid,Teemo,0.023271170251270602
1,Veigar,mid,Malphite,0.027868254883981692
2,Veigar,mid,Garen,0.02966463038454147
0,Veigar,mid,MasterYi,0.01754180394560916
1,Veigar,mid,Warwick,0.034613602362852734
2,Veigar,mid,Kayn,0.03726281005528637
0,Veigar,mid,Yasuo,0.023751922616507718
1,Veigar,mid,Ahri,0.03412841427551406
2,Veigar,mid,Annie,0.052904315432933724
0,Veigar,mid,Ezreal,0.01513401747589337
1,Veigar,mid,Jhin,0.02224976907501145
2,Veigar,mid,Caitlyn,0.02353289392739602
0,Veigar,mid,Lux,0.017596038139268563
1,Veigar,mid,Morgana,0.02706575877073339
2,Veigar,mid,Blitzcrank,0.02731744166407191
0,Velkoz,sup,Teemo,0.021094446190829317
1,Velkoz,sup,Garen,0.02194991283678456
2,Velkoz,sup,Akali,0.026327229092307645
0,Velkoz,sup,LeeSin,0.02078730438460991
1,Velkoz,sup,Kayn,0.025659924180154565
2,Velkoz,sup,Fiddlesticks,0.031723067308518135
0,Velkoz,sup,Veigar,0.01411700002584832
1,Velkoz,sup,Cassiopeia,0.02009168456762335
2,Velkoz,sup,Yasuo,0.020622237817725042
0,Velkoz,sup,Ezreal,0.011286775398800585
1,Velkoz,sup,Caitlyn,0.01819649658115186
2,Velkoz,sup,Jhin,0.018601354525638065
0,Velkoz,sup,Lux,0.013747438318853118
1,Velkoz,sup,Xerath,0.03503970742381952
2,Velkoz,sup,Blitzcrank,0.035319615197697454
0,Vex,mid,Kayle,0.3153902826336055
1,Vex,mid,Teemo,0.4609551220433553
2,Vex,mid,Akali,0.4740886092721136
0,Vex,mid,Lillia,0.4611475066135681
1,Vex,mid,LeeSin,0.46848905287364845
2,Vex,mid,Graves,0.47202039110724847
0,Vex,mid,Syndra,0.4582529589456532
1,Vex,mid,Yone,0.47250876738476255
2,Vex,mid,Anivia,0.6331581142790903
0,Vex,mid,Ezreal,0.24064415499551955
1,Vex,mid,Lucian,0.3139535006859296
2,Vex,mid,Twitch,0.460761117492514
0,Vex,mid,Yuumi,0.446968399460726
1,Vex,mid,Lux,0.45496569597388065
2,Vex,mid,Leona,0.47591826070369386
0,Vi,jg,Jax,0.07122718329844721
1,Vi,jg,Volibear,0.0765789519447346
2,Vi,jg,Garen,0.09181147268478115
0,Vi,jg,Kayn,0.089297212487331
1,Vi,jg,MasterYi,0.09045809225558273
2,Vi,jg,Diana,0.09943360089998554
0,Vi,jg,Yasuo,0.06253530836105153
1,Vi,jg,Veigar,0.06898164929715614
2,Vi,jg,Ahri,0.06916575246264883
0,Vi,jg,Ezreal,0.04727089161338654
1,Vi,jg,MissFortune,0.0526082466756893
2,Vi,jg,Jhin,0.057659991427382616
0,Vi,jg,Lux,0.04301635057356137
1,Vi,jg,Amumu,0.056527606091143476
2,Vi,jg,Xerath,0.0781899900494604
0,Viego,jg,Sett,0.043338199037648385
1,Viego,jg,Volibear,0.05794826728452845
2,Viego,jg,Darius,0.06163840625216332
0,Viego,jg,Kayn,0.04478722896823788
1,Viego,jg,LeeSin,0.07231065032048864
2,Viego,jg,Ekko,0.07309063284560482
0,Viego,jg,Sylas,0.02931911925323618
1,Viego,jg,Yasuo,0.03380856148059313
2,Viego,jg,Yone,0.03391519236379729
0,Viego,jg,Ezreal,0.02479476514407114
1,Viego,jg,Jhin,0.03243810451617347
2,Viego,jg,Lucian,0.05567479954901246
0,Viego,jg,Pyke,0.03743766094894356
1,Viego,jg,Pantheon,0.04132031070780142
2,Viego,jg,Morgana,0.053024751495319516
0,Viktor,mid,Akali,0.050971743936902264
1,Viktor,mid,Irelia,0.06714246394679572
2,Viktor,mid,Jayce,0.07141754804991449
0,Viktor,mid,Graves,0.03367896003734523
1,Viktor,mid,LeeSin,0.03740191659520682
2,Viktor,mid,Ekko,0.04424017897641845
0,Viktor,mid,TwistedFate,0.09025509048790038
1,Viktor,mid,Sylas,0.09689130734922774
2,Viktor,mid,Veigar,0.1113396227930757
0,Viktor,mid,Ezreal,0.025011489078034174
1,Viktor,mid,Lucian,0.03632330505943484
2,Viktor,mid,Caitlyn,0.050759055465480714
0,Viktor,mid,Thresh,0.04891789207219026
1,Viktor,mid,Lux,0.05760449263797613
2,Viktor,mid,Senna,0.06308613196465587
0,Vladimir,mid,Irelia,0.016108726924383025
1,Vladimir,mid,Akali,0.019197333070061006
2,Vladimir,mid,Jax,0.026059159760851835
0,Vladimir,mid,LeeSin,0.012197118167271927
1,Vladimir,mid,Ekko,0.017515326025758983
2,Vladimir,mid,Kayn,0.018820791899462577
0,Vladimir,mid,Yasuo,0.011726788443363617
1,Vladimir,mid,Kassadin,0.023601277557931562
2,Vladimir,mid,Zed,0.026165389035118846
0,Vladimir,mid,Ezreal,0.00922195031499143
1,Vladimir,mid,Vayne,0.012944115217194832
2,Vladimir,mid,Jhin,0.01614733090655528
0,Vladimir,mid,Thresh,0.016728175727444883
1,Vladimir,mid,Pyke,0.019468918666877586
2,Vladimir,mid,Lux,0.020344775963861004
0,Volibear,top,Garen,0.08486399188256293
1,Volibear,top,Sett,0.08565790978053073
2,Volibear,top,Darius,0.0971660414695335
0,Volibear,top,MasterYi,0.05431199425755441
1,Volibear,top,LeeSin,0.06114046273775297
2,Volibear,top,Warwick,0.07714186915618763
0,Volibear,top,Sylas,0.04251192101489105
1,Volibear,top,Yasuo,0.04594753613990745
2,Volibear,top,Zed,0.04936403690494554
0,Volibear,top,Ezreal,0.0334698770837625
1,Volibear,top,Jhin,0.05262789457248888
2,Volibear,top,Lucian,0.060332675409371
0,Volibear,top,Pantheon,0.03606604486594718
1,Volibear,top,Lux,0.06344620530333679
2,Volibear,top,Blitzcrank,0.06649582173749742
0,Warwick,jg,Garen,0.018360660486086894
1,Warwick,jg,Jax,0.01896929751477428
2,Warwick,jg,Volibear,0.025690010089189218
0,Warwick,jg,MasterYi,0.019891777865902262
1,Warwick,jg,Kayn,0.02054924724912255
2,Warwick,jg,Nunu,0.0494508963400662
0,Warwick,jg,Veigar,0.01401679217272136
1,Warwick,jg,Yasuo,0.015191396523281449
2,Warwick,jg,Galio,0.025857772547769366
0,Warwick,jg,MissFortune,0.014437374672046147
1,Warwick,jg,Ashe,0.015167412470469347
2,Warwick,jg,Jhin,0.018461333778217712
0,Warwick,jg,Lux,0.019063779399104846
1,Warwick,jg,Morgana,0.019662914257898265
2,Warwick,jg,Pyke,0.02065224383531034
0,Xayah,bot,Irelia,0.02694360341255382
1,Xayah,bot,Akali,0.031102452732062757
2,Xayah,bot,Jax,0.05190423052253793
0,Xayah,bot,Diana,0.0411148590023822
1,Xayah,bot,Kayn,0.04276913861533017
2,Xayah,bot,LeeSin,0.04301601478517842
0,Xayah,bot,Yasuo,0.02807555460035309
1,Xayah,bot,Ahri,0.02922034351855301
2,Xayah,bot,Neeko,0.042499323608045904
0,Xayah,bot,Kaisa,0.021206881450839404
1,Xayah,bot,Ezreal,0.03990165444629592
2,Xayah,bot,Jhin,0.04490806243112634
0,Xayah,bot,Lux,0.020593832889246072
1,Xayah,bot,Senna,0.02151587600684202
2,Xayah,bot,Rakan,0.035310076995822885
0,Xerath,sup,Malphite,0.03497904194566592
1,Xerath,sup,Teemo,0.048616426128507084
2,Xerath,sup,Akali,0.049180546122736944
0,Xerath,sup,MasterYi,0.03455069052652904
1,Xerath,sup,LeeSin,0.042105239985060224
2,Xerath,sup,Ekko,0.05026379588621202
0,Xerath,sup,Veigar,0.025971780133921075
1,Xerath,sup,Yasuo,0.028040257233268744
2,Xerath,sup,Zed,0.048187214571431804
0,Xerath,sup,Ezreal,0.017795491442454868
1,Xerath,sup,Ashe,0.02487364521007021
2,Xerath,sup,Jhin,0.031955799819688976
0,Xerath,sup,Lux,0.026985440931956504
1,Xerath,sup,Blitzcrank,0.03363582384186691
2,Xerath,sup,Thresh,0.03898460953141172
0,XinZhao,jg,Jax,0.04118731716160844
1,XinZhao,jg,Garen,0.05146234004725252
2,XinZhao,jg,Malphite,0.05755864518239119
0,XinZhao,jg,MasterYi,0.05487955497020743
1,XinZhao,jg,LeeSin,0.0675970889944151
2,XinZhao,jg,Khazix,0.08819312280833883
0,XinZhao,jg,Yasuo,0.039271423627809006
1,XinZhao,jg,Veigar,0.04537072572598899
2,XinZhao,jg,Zed,0.05360341339249984
0,XinZhao,jg,Ezreal,0.032306051437822794
1,XinZhao,jg,MissFortune,0.040616221537515006
2,XinZhao,jg,Tristana,0.04927469039953957
0,XinZhao,jg,Lux,0.040232551116682135
1,XinZhao,jg,Pantheon,0.044609623868915
2,XinZhao,jg,Blitzcrank,0.047014622270081276
0,Yasuo,mid,Akali,0.0014905805933454908
1,Yasuo,mid,Irelia,0.0016759203122184325
2,Yasuo,mid,Darius,0.002311340866070767
0,Yasuo,mid,LeeSin,0.0009335339003006802
1,Yasuo,mid,MasterYi,0.001306446639014606
2,Yasuo,mid,Kayn,0.0013580827375028748
0,Yasuo,mid,Zed,0.0009401905687325628
1,Yasuo,mid,Yone,0.0020093332991972072
2,Yasuo,mid,Katarina,0.002434103775222889
0,Yasuo,mid,Ezreal,0.0010471932920502196
1,Yasuo,mid,Vayne,0.0013023252683325667
2,Yasuo,mid,Lucian,0.0015405450322856795
0,Yasuo,mid,Pyke,0.0012661770824919567
1,Yasuo,mid,Thresh,0.0014654684332690198
2,Yasuo,mid,Lux,0.0015740043002555313
0,Yone,mid,Akali,0.015456210323133811
1,Yone,mid,Irelia,0.01689556465521383
2,Yone,mid,Sett,0.01868616409484953
0,Yone,mid,Kayn,0.01700850129778054
1,Yone,mid,LeeSin,0.018928876251916863
2,Yone,mid,Viego,0.019165758773383588
0,Yone,mid,Yasuo,0.010183085675894429
1,Yone,mid,Sylas,0.01925655853867808
2,Yone,mid,Zed,0.02628966031733258
0,Yone,mid,Ezreal,0.012731740143201924
1,Yone,mid,Lucian,0.020533773056732433
2,Yone,mid,Kaisa,0.022949841579079304
0,Yone,mid,Pantheon,0.014559614681788865
1,Yone,mid,Pyke,0.014658145750682035
2,Yone,mid,Lux,0.023482958758801777
0,Yorick,top,Garen,0.07287270640731658
1,Yorick,top,Urgot,0.0873469635698168
2,Yorick,top,Teemo,0.08842597310278752
0,Yorick,top,Warwick,0.07149029787496443
1,Yorick,top,Trundle,0.08438584423877027
2,Yorick,top,MonkeyKing,0.0910641281089412
0,Yorick,top,Veigar,0.059491597117618936
1,Yorick,top,Yasuo,0.07627217627600928
2,Yorick,top,Malzahar,0.0776567093094934
0,Yorick,top,Jhin,0.0446855482571097
1,Yorick,top,MissFortune,0.055772785661266124
2,Yorick,top,Caitlyn,0.056346530615789654
0,Yorick,top,Pantheon,0.07839000264919886
1,Yorick,top,Swain,0.08475757784765568
2,Yorick,top,Morgana,0.08593115928619219
0,Yuumi,sup,Teemo,0.01308299691000141
1,Yuumi,sup,Malphite,0.0213586621385326
2,Yuumi,sup,Akali,0.02179905188967132
0,Yuumi,sup,Evelynn,0.021729095238105997
1,Yuumi,sup,Lillia,0.023430025999869816
2,Yuumi,sup,Nunu,0.028356441428189553
0,Yuumi,sup,Ahri,0.012362730793564045
1,Yuumi,sup,Neeko,0.016409626059993146
2,Yuumi,sup,Veigar,0.022124289444813865
0,Yuumi,sup,Ashe,0.0138717502051416
1,Yuumi,sup,MissFortune,0.014070000235788443
2,Yuumi,sup,Caitlyn,0.01880449307915689
0,Yuumi,sup,Lulu,0.012354017259706402
1,Yuumi,sup,Lux,0.01922327965524571
2,Yuumi,sup,Soraka,0.02801469791228921
0,Zac,jg,Garen,0.0385909405067786
1,Zac,jg,Malphite,0.04235029041178403
2,Zac,jg,Teemo,0.04614550332652391
0,Zac,jg,LeeSin,0.021378714297513986
1,Zac,jg,Kayn,0.0629756349961458
2,Zac,jg,Ekko,0.0631130395404764
0,Zac,jg,Yasuo,0.013093325478104687
1,Zac,jg,Zed,0.02934179420764036
2,Zac,jg,Sylas,0.0405566158458607
0,Zac,jg,Ezreal,0.01262766158651684
1,Zac,jg,Jhin,0.027743019987623897
2,Zac,jg,Lucian,0.031839375298589115
0,Zac,jg,Thresh,0.01936559709777605
1,Zac,jg,Blitzcrank,0.021582277029234022
2,Zac,jg,Pyke,0.033923357104109556
0,Zed,mid,Akali,0.003440323188804358
1,Zed,mid,Irelia,0.004617917177520108
2,Zed,mid,Riven,0.0064652907380905395
0,Zed,mid,LeeSin,0.002576894625746194
1,Zed,mid,Ekko,0.004313731239907912
2,Zed,mid,MasterYi,0.005305202813895238
0,Zed,mid,Yasuo,0.002112560802234894
1,Zed,mid,Katarina,0.007208393854386068
2,Zed,mid,Sylas,0.009291146791261095
0,Zed,mid,Ezreal,0.0027722435564150115
1,Zed,mid,Lucian,0.003646703875597229
2,Zed,mid,Jhin,0.003919789553242552
0,Zed,mid,Thresh,0.00348026785024855
1,Zed,mid,Pyke,0.00445524870651679
2,Zed,mid,Lux,0.004483692020383216
0,Zeri,bot,Ornn,0.857636765311599
1,Zeri,bot,Chogath,0.8895096558603799
2,Zeri,bot,Sett,0.889515832646166
0,Zeri,bot,Nunu,0.46603092767600307
1,Zeri,bot,MasterYi,0.4683474140753029
2,Zeri,bot,Viego,0.9069003962408082
0,Zeri,bot,Sylas,0.46362645808010705
1,Zeri,bot,Zed,0.8531567885337206
2,Zeri,bot,Yasuo,0.8952880389631648
0,Zeri,bot,Ezreal,0.2915405877988921
1,Zeri,bot,Jinx,0.8728634778490549
2,Zeri,bot,Kaisa,0.8782872976447534
0,Zeri,bot,Pantheon,0.480725859354465
1,Zeri,bot,Thresh,0.9327131840404209
2,Zeri,bot,Blitzcrank,0.9395261787623574
0,Ziggs,bot,Teemo,0.13446493565331413
1,Ziggs,bot,Garen,0.15785618870495352
2,Ziggs,bot,Malphite,0.18634349780182127
0,Ziggs,bot,Nunu,0.1157559688774835
1,Ziggs,bot,Shaco,0.14930851440989376
2,Ziggs,bot,Diana,0.15208596496867682
0,Ziggs,bot,Ahri,0.130632393327021
1,Ziggs,bot,Veigar,0.1326688600831376
2,Ziggs,bot,Galio,0.13464219570261196
0,Ziggs,bot,Ezreal,0.10295924851228393
1,Ziggs,bot,MissFortune,0.11524578105975647
2,Ziggs,bot,Ashe,0.1301475687287968
0,Ziggs,bot,Lux,0.07481189532742837
1,Ziggs,bot,Morgana,0.10338418521864229
2,Ziggs,bot,Swain,0.11827823536517224
0,Zilean,sup,Teemo,0.05438090993066491
1,Zilean,sup,TahmKench,0.07143013527849329
2,Zilean,sup,Malphite,0.07949891422982129
0,Zilean,sup,LeeSin,0.052995861081634975
1,Zilean,sup,MasterYi,0.0777860429956615
2,Zilean,sup,Shaco,0.09457687943243845
0,Zilean,sup,Veigar,0.04506504850894276
1,Zilean,sup,Annie,0.07226698053049464
2,Zilean,sup,Yasuo,0.083244149308356
0,Zilean,sup,Ezreal,0.03855165022868403
1,Zilean,sup,Ashe,0.04100295397690491
2,Zilean,sup,Caitlyn,0.05844566125466986
0,Zilean,sup,Thresh,0.05532535143320994
1,Zilean,sup,Lux,0.08986399651492132
2,Zilean,sup,Pyke,0.11284810549298097
0,Zoe,mid,Akali,0.010143753373894377
1,Zoe,mid,Irelia,0.013155777018499161
2,Zoe,mid,Teemo,0.042546573195308524
0,Zoe,mid,LeeSin,0.01734414211352754
1,Zoe,mid,Ekko,0.018061717798245648
2,Zoe,mid,Kayn,0.030260084932679954
0,Zoe,mid,Yasuo,0.024467170095923654
1,Zoe,mid,Sylas,0.0267599324376593
2,Zoe,mid,Ahri,0.031237606708290722
0,Zoe,mid,Ezreal,0.011083147069900445
1,Zoe,mid,Kaisa,0.019339144971205823
2,Zoe,mid,Jhin,0.021991127353846382
0,Zoe,mid,Lux,0.01454640799397998
1,Zoe,mid,Pyke,0.01927752054958409
2,Zoe,mid,Thresh,0.025175665572868
0,Zyra,sup,Teemo,0.02003191009937398
1,Zyra,sup,Malphite,0.0561729553281232
2,Zyra,sup,Kayle,0.056921748974833125
0,Zyra,sup,Fiddlesticks,0.03937095846598737
1,Zyra,sup,Warwick,0.04877978782344935
2,Zyra,sup,Evelynn,0.049719541270345634
0,Zyra,sup,Veigar,0.022557945854525682
1,Zyra,sup,Ahri,0.03008864516661247
2,Zyra,sup,Neeko,0.03317251950946586
0,Zyra,sup,Ashe,0.01927917557218247
1,Zyra,sup,MissFortune,0.023634339834386283
2,Zyra,sup,Caitlyn,0.03211106945307839
0,Zyra,sup,Lux,0.028897362791022407
1,Zyra,sup,Morgana,0.03854299725071762
2,Zyra,sup,Nami,0.04909964503996219
